problem_id,problem_description,category,algorithm,data_structures,input_characteristics,constraints,optimization_goal
PROB_0294,"Looking for an algorithm that handles Integer values with known max range in a high-frequency trading system with 1,000 elements.",Sorting,Counting Sort,"Array, Frequency Counter",Integer values with known max range,Space consuming if range K is much larger than N,Sorting discrete integers when range K is O(N)
PROB_0050,"I need to solve a problem involving block search in sorted array in a high-frequency trading system with 10,000 entries. What algorithm is best?",Searching,Jump Search,"Array, Sorted List","Sorted list, Random access indexing",Optimal step size is sqrt(n),Searching sorted arrays when jumping backwards is expensive
PROB_0845,System requires kruskal's algorithm for minimum spanning tree on sparse graphs in a cloud server log analysis system.,Graph Algorithms,Kruskal's Algorithm,"Disjoint Set Union (DSU), Edge List",Sparse connected or disconnected weighted graph,Sorting edges requires O(E log E),Minimum Spanning Tree on sparse graphs
PROB_0409,"I am building a module in a bioinformatics DNA pipeline requiring high accuracy ensemble with 100,000 items.",Classification,Random Forest Classifier,Forest of Decision Trees,Tabular datasets with complex interactions,Slower inference than single tree,General tabular classification benchmark
PROB_0461,"Designing a solution for weighted sample classification with Sensitive to noisy data and outliers with 10,000 entries.",Classification,AdaBoost Classifier,Sequence of Decision Stumps,Tabular datasets,Sensitive to noisy data and outliers,Boosting weak learners for binary classification
PROB_0366,"Designing a solution for real world mixed data sort with Auxiliary space O(n) with 10,000 entries.",Sorting,TimSort,Array,Real world data with existing run segments,Auxiliary space O(n),General purpose default sorting for real-world heterogeneous datasets
PROB_1460,How can I implement permutations generation to handle generates all possible ordered arrangements (permutations) of a set of elements using backtracking. in an e-commerce platform database?,Backtracking,Permutations Generation,"Recursion Stack, Visited Boolean Array",Sequence of N items,Generates N! total outputs,Performance optimization
PROB_1408,Looking for optimal solution for minimum spanning tree strategy addressing Connected graph for a database query optimizer.,Greedy Algorithms,Minimum Spanning Tree Strategy,"Graph, Min Heap / Union Find",Connected graph,No cycles in output tree,Infrastructure network design
PROB_1279,"Which algorithm effectively performs greedy algorithm building optimal prefix codes for lossless data compression based on character frequencies. on a Min-Heap, Binary Tree Nodes for a game engine physics solver?",Greedy Algorithms,Huffman Coding,"Min-Heap, Binary Tree Nodes",Text stream or character frequency table,Requires two-pass encoding or frequency transmission,ZIP file compression
PROB_1428,"Need an efficient algorithm that satisfies Combinatorial worst case operating on a 2D Grid, Row/Col/Box Hash Sets.",Backtracking,Sudoku Solver,"2D Grid, Row/Col/Box Hash Sets",9x9 grid matrix with empty slots,Combinatorial worst case,Solving Sudoku puzzles automatically
PROB_0612,How can I implement polynomial regression to handle linear model variant incorporating polynomial feature combinations to fit non-linear curves. in an e-commerce platform database?,Regression,Polynomial Regression,Polynomial Feature Matrix,Non-linear continuous relationships,Feature space grows exponentially with polynomial degree,Performance optimization
PROB_0951,What is the best way to execute tree traversal pre order in order post order for a mobile navigation app with maximum efficiency?,Tree Algorithms,Binary Tree Traversal (Pre/In/Post Order),"Binary Tree, Stack",Hierarchical tree structure,Recursion stack depth,In-order for sorted BST output
PROB_0608,Looking for optimal solution for elastic net regression addressing High-dimensional tabular data with correlated feature groups for a database query optimizer.,Regression,Elastic Net Regression,Coefficient Vector,High-dimensional tabular data with correlated feature groups,"Requires tuning two parameters (alpha, l1_ratio)",Continuous target prediction with group-correlated high-dimensional features
PROB_1600,"Which algorithm effectively performs unsupervised clustering algorithm partitioning dataset into k distinct clusters based on distance to centroid. on a Centroids Matrix, Cluster Assignment Vector for a game engine physics solver?",Machine Learning / AI,K-Means Clustering,"Centroids Matrix, Cluster Assignment Vector",Continuous numeric feature data,Assumes spherical clusters of similar size,Customer persona segmentation
PROB_1610,Require a reliable approach for dbscan clustering using KD-Tree / Ball-Tree data structures.,Machine Learning / AI,DBSCAN Clustering,KD-Tree / Ball-Tree,Spatial or tabular feature coordinates,Struggles with varying density clusters,Geospatial spatial data clustering
PROB_0565,"Need an efficient algorithm that satisfies Does not perform feature selection (coefficients shrink near zero, not zero) operating on a Coefficient Vector.",Regression,Ridge Regression,Coefficient Vector,Tabular regression with correlated features,"Does not perform feature selection (coefficients shrink near zero, not zero)",Continuous regression with correlated predictors
PROB_1657,"I am building a module in a bioinformatics DNA pipeline requiring document topic classification with 100,000 items.",Machine Learning / AI,Naive Bayes (ML / AI),Probability Map,Text feature vectors (TF-IDF/Word Counts),Independence assumption,Spam filtering
PROB_0304,Need to implement a robust method for integer array sort in a digital signal processing pipeline on a massive 10^6 dataset.,Sorting,Counting Sort,"Array, Frequency Counter",Integer values with known max range,Space consuming if range K is much larger than N,Sorting discrete integers when range K is O(N)
PROB_1387,"Find the ideal algorithm to process greedy choice algorithm always picking unvisited node with minimum tentative distance. for a social network friend graph with 1,000,000 records.",Graph Algorithms,Dijkstra Shortest Path (Greedy),Min-Heap,Weighted directed/undirected graph,Non-negative edge weights,Single source shortest path
PROB_0144,Need to implement a robust method for level order search in a digital signal processing pipeline on a massive 10^6 dataset.,Searching,BFS Search (Grid / Tree / Graph),"Queue, Grid, Graph",Graph or 2D matrix grid,Requires O(V) memory space for queue,Finding shortest path in unweighted maze/grid
PROB_1090,"I need to solve a problem involving minimum items to form target amount in a high-frequency trading system with 10,000 entries. What algorithm is best?",Dynamic Programming,Coin Change,1D DP Array,List of coin values and integer target amount,Unbounded coin supply assumption,Vending machine currency exchange
PROB_0202,Require a reliable approach for bubble sort using Array data structures.,Sorting,Bubble Sort,Array,Small list or nearly sorted list,Quadratic time complexity O(n^2),Educational purposes
PROB_1580,System requires knight's tour problem for chess puzzle algorithms in a cloud server log analysis system.,Backtracking,Knight's Tour Problem,Board Matrix,N x N chessboard,Knight move L-shape restrictions,Chess puzzle algorithms
PROB_0594,"I need to solve a problem involving regularized correlated feature selection in a high-frequency trading system with 10,000 entries. What algorithm is best?",Regression,Elastic Net Regression,Coefficient Vector,High-dimensional tabular data with correlated feature groups,"Requires tuning two parameters (alpha, l1_ratio)",Continuous target prediction with group-correlated high-dimensional features
PROB_1753,"I am building a module in a bioinformatics DNA pipeline requiring similar movie recommendation by genre with 100,000 items.",Machine Learning / AI,Content-Based Recommendation,"Item Feature Vectors, User Profile Vectors",Item metadata and user rating history,Cannot recommend items outside user's historical feature exposure,Movie/article recommendations based on item metadata features
PROB_1005,"Find the ideal algorithm to process complete binary tree satisfying heap property (min-heap or max-heap), enabling o(1) access to min/max element. for a social network friend graph with 1,000,000 records.",Tree Algorithms,Binary Heap (Priority Queue),Array representation of Complete Tree,Dynamic stream requiring min/max retrieval,Searching arbitrary elements takes O(n),Priority queues
PROB_1410,"I need to solve a problem involving chessboard queen placement non attacking in a high-frequency trading system with 10,000 entries. What algorithm is best?",Backtracking,N-Queens Problem,Column / Diagonal Visited Sets,Board size N,Exponential search space O(N!),Constraint satisfaction benchmarks
PROB_1036,"Find the ideal algorithm to process data structure providing efficient o(log n) methods for prefix sums and point updates on arrays. for a social network friend graph with 1,000,000 records.",Tree Algorithms,Fenwick Tree (Binary Indexed Tree),Array (1-indexed),1D numerical array with point updates,Difficult for arbitrary non-invertible range operations,Dynamic prefix sum queries with point updates
PROB_0978,"I need to solve a problem involving dictionary word lookup in a high-frequency trading system with 10,000 entries. What algorithm is best?",Tree Algorithms,Trie (Prefix Tree),"Trie Node, Character Map",Set of text strings or words,Memory intensive for large alphabets,Search engine autocomplete suggestions
PROB_1261,"System requires fractional knapsack for bulk commodity trading (gold dust, oil, grain allocation) in a cloud server log analysis system.",Greedy Algorithms,Fractional Knapsack,Array of Items,"Item weights, values, capacity W",Only valid when items can be divided,"Bulk commodity trading (gold dust, oil, grain allocation)"
PROB_1472,Need to implement a robust method for generate all permutations in a digital signal processing pipeline on a massive 10^6 dataset.,Backtracking,Permutations Generation,"Recursion Stack, Visited Boolean Array",Sequence of N items,Generates N! total outputs,Brute-force testing all ordering permutations for small N
PROB_1175,Need a strategy for dp problem determining maximum revenue obtainable by cutting up a rod of length n into pieces with given price table. under strict time complexity bounds.,Dynamic Programming,Rod Cutting,1D DP Array,Rod length N and price array,O(N^2) dynamic programming table,"Industrial material cutting optimization (steel, wood, fabric)"
PROB_1531,How to optimize graph m coloring backtracking when data characteristics are Undirected graph and integer M?,Backtracking,Graph Coloring Problem,"Color Assignment Array, Adjacency Matrix",Undirected graph and integer M,NP-complete problem,Compiler register allocation
PROB_0315,How to optimize digit by digit sorting when data characteristics are Integers or fixed-length strings?,Sorting,Radix Sort,"Array, Buckets",Integers or fixed-length strings,Requires stable underlying digit sort,Sorting large lists of integers or fixed-length strings in O(nk)
PROB_1536,Need to implement a robust method for graph m coloring backtracking in a digital signal processing pipeline on a massive 10^6 dataset.,Backtracking,Graph Coloring Problem,"Color Assignment Array, Adjacency Matrix",Undirected graph and integer M,NP-complete problem,Compiler register allocation
PROB_0704,Looking for optimal solution for support vector regressor (svr) addressing Small to medium non-linear datasets for a database query optimizer.,Regression,Support Vector Regressor (SVR),Support Vectors,Small to medium non-linear datasets,Poor scalability for large n,Non-linear regression on small high-dimensional datasets
PROB_1015,What is the best way to execute range sum query with update for a mobile navigation app with maximum efficiency?,Tree Algorithms,Segment Tree,Array Segment Tree,Array with frequent point updates and range queries,Requires 4N memory space,Dynamic range minimum/maximum/sum queries with point updates
PROB_0371,"I need to solve a problem involving predict outcome probability for a mobile navigation app with 100,000 items. What algorithm is best?",Classification,Logistic Regression,"Feature Matrix, Target Vector",Linearly separable tabular data,Assumes linear independence of log-odds,Binary classification baseline
PROB_1146,Require a reliable approach for edit distance (levenshtein distance) using 2D DP Grid data structures.,Dynamic Programming,Edit Distance (Levenshtein Distance),2D DP Grid,Text strings,O(M * N) space and time,Auto-correct spell checkers
PROB_0483,"I need to solve a problem involving similarity search classification for a mobile navigation app with 100,000 items. What algorithm is best?",Classification,K-Nearest Neighbors Classifier (KNN),"KD-Tree, Ball-Tree, Feature Matrix",Small to medium tabular data with low dimensions,High prediction memory/time O(n * d),Instance-based learning
PROB_0554,"Require a reliable approach for linear regression using Feature Matrix, Coefficient Vector data structures.",Regression,Linear Regression,"Feature Matrix, Coefficient Vector",Linear tabular features,Sensitive to outliers and multicollinearity,Simple continuous target forecasting
PROB_0551,What is the best way to execute linear continuous target prediction for a mobile navigation app with maximum efficiency?,Regression,Linear Regression,"Feature Matrix, Coefficient Vector",Linear tabular features,Sensitive to outliers and multicollinearity,Simple continuous target forecasting
PROB_0225,"I need to solve a problem involving nearly sorted array sort in an e-commerce platform database with 1,000 elements. What algorithm is best?",Sorting,Insertion Sort,"Array, Linked List",Small dataset or almost sorted data,O(n^2) for reverse ordered inputs,Sorting small lists (n < 25)
PROB_1766,"Looking for an algorithm that handles Sparse user-item rating matrix in a high-frequency trading system with 1,000 elements.",Machine Learning / AI,Collaborative Filtering Recommendation,"User-Item Interaction Matrix, Latent Factor Matrices (U, V)",Sparse user-item rating matrix,Cold start problem for new users or new unrated items,E-commerce product recommendations ('Users who bought X also bought Y')
PROB_0694,What is the best way to execute epsilon margin regression for a mobile navigation app with maximum efficiency?,Regression,Support Vector Regressor (SVR),Support Vectors,Small to medium non-linear datasets,Poor scalability for large n,Non-linear regression on small high-dimensional datasets
PROB_0331,"Find the ideal algorithm to process distribution sort that divides array into multiple buckets, then sorts individual buckets independently. for a social network friend graph with 1,000,000 records.",Sorting,Bucket Sort,Array of Lists,"Floating point numbers in range [0, 1)",Worst-case O(n^2) if items cluster into one bucket,Sorting floating point numbers uniformly distributed across a range
PROB_0422,What is the best way to execute extremely randomized trees classification for a mobile navigation app with maximum efficiency?,Classification,Extra Trees Classifier,Forest of Decision Trees,Tabular features with noise,Can create larger trees than Random Forest,Fast ensemble training on noisy tabular data
PROB_0517,Need an efficient algorithm that satisfies Sensitive to feature scaling and learning rate operating on a Weight Vector.,Classification,SGD Classifier,Weight Vector,"Very large tabular datasets (n > 100,000) or streaming batches",Sensitive to feature scaling and learning rate,Large-scale linear classification
PROB_0061,System requires jump search for searching sorted arrays when jumping backwards is expensive in a cloud server log analysis system.,Searching,Jump Search,"Array, Sorted List","Sorted list, Random access indexing",Optimal step size is sqrt(n),Searching sorted arrays when jumping backwards is expensive
PROB_0405,Need an efficient algorithm that satisfies Slower inference than single tree operating on a Forest of Decision Trees.,Classification,Random Forest Classifier,Forest of Decision Trees,Tabular datasets with complex interactions,Slower inference than single tree,General tabular classification benchmark
PROB_0029,"How to optimize unsorted list search when data characteristics are Unsorted or arbitrary order, Small to medium size?",Searching,Linear Search,"Array, Linked List, Iterable","Unsorted or arbitrary order, Small to medium size",Inefficient for large arrays,Small collections
PROB_0189,System requires sliding window search for finding max/min subarray meeting target condition in a cloud server log analysis system.,Searching,Sliding Window Search,"Array, String, Hash Map",Sequential array or string,Window state must be incrementally updateable,Finding max/min subarray meeting target condition
PROB_0880,Need to implement a robust method for connected components tracking in a digital signal processing pipeline on a massive 10^6 dataset.,Graph Algorithms,Union-Find (Disjoint Set Union),"Parent Array, Rank / Size Array",Dynamic edge additions,Does not easily support edge deletions,Cycle detection in undirected graphs
PROB_0038,I need to solve a problem involving fast index matching in a cloud server log analysis system for small real-time input batches. What algorithm is best?,Searching,Hash Table / Dictionary Lookup,"Hash Map, Hash Set, Dictionary","Unique keys or items, Unordered data","Consumes extra memory for hash storage, Potential hash collisions",Repeated fast lookups
PROB_0526,"Designing a solution for streaming data classifier with Sensitive to feature scaling and learning rate with 10,000 entries.",Classification,SGD Classifier,Weight Vector,"Very large tabular datasets (n > 100,000) or streaming batches",Sensitive to feature scaling and learning rate,Large-scale linear classification
PROB_0915,"I need to solve a problem involving frequent lookup balanced tree for a mobile navigation app with 100,000 items. What algorithm is best?",Tree Algorithms,AVL Tree,Balanced Binary Tree Nodes,Dynamic ordered keys requiring fast lookups,More rotations during insertions/deletions than Red-Black tree,Lookup-heavy databases requiring strict height balance
PROB_0687,Need to implement a robust method for gradient boosting continuous target in a digital signal processing pipeline on a massive 10^6 dataset.,Regression,Gradient Boosting Regressor,Sequence of Regression Trees,Structured continuous tabular targets,Requires tuning learning rate and tree depth,High accuracy continuous regression benchmarks
PROB_0581,Need an efficient algorithm that satisfies Selects at most n features when d > n operating on a Coefficient Vector.,Regression,Lasso Regression,Coefficient Vector,High dimensional regression data with sparse relevant features,Selects at most n features when d > n,Feature selection in high-dimensional continuous regression
PROB_1764,How can I implement collaborative filtering recommendation to handle recommender system technique filtering items based on user-item interaction matrix similarities (user-user or item-item svd). in an e-commerce platform database?,Machine Learning / AI,Collaborative Filtering Recommendation,"User-Item Interaction Matrix, Latent Factor Matrices (U, V)",Sparse user-item rating matrix,Cold start problem for new users or new unrated items,Performance optimization
PROB_0456,"I am building a module in a bioinformatics DNA pipeline requiring weighted sample classification with 100,000 items.",Classification,AdaBoost Classifier,Sequence of Decision Stumps,Tabular datasets,Sensitive to noisy data and outliers,Boosting weak learners for binary classification
PROB_1003,Require a reliable approach for binary heap (priority queue) using Array representation of Complete Tree data structures.,Tree Algorithms,Binary Heap (Priority Queue),Array representation of Complete Tree,Dynamic stream requiring min/max retrieval,Searching arbitrary elements takes O(n),Priority queues
PROB_1179,"Find the ideal algorithm to process dp problem determining maximum revenue obtainable by cutting up a rod of length n into pieces with given price table. for a social network friend graph with 1,000,000 records.",Dynamic Programming,Rod Cutting,1D DP Array,Rod length N and price array,O(N^2) dynamic programming table,"Industrial material cutting optimization (steel, wood, fabric)"
PROB_1494,"Looking for an algorithm that handles Array of distinct elements in a high-frequency trading system with 1,000 elements.",Backtracking,Subsets Generation (Power Set),Recursion Stack,Array of distinct elements,Generates 2^N total subsets,Evaluating all possible item combinations (power set)
PROB_0379,"I am building a module in a bioinformatics DNA pipeline requiring spam classification baseline with 100,000 items.",Classification,Logistic Regression,"Feature Matrix, Target Vector",Linearly separable tabular data,Assumes linear independence of log-odds,Binary classification baseline
PROB_0804,How can I implement a* search algorithm to handle heuristic-driven graph search algorithm that finds the shortest path using f(n) = g(n) + h(n). in an e-commerce platform database?,Graph Algorithms,A* Search Algorithm,"Priority Queue, Heuristic Function",Grid map or spatial graph with coordinate data,Quality depends heavily on heuristic function,Performance optimization
PROB_1238,"Looking for an algorithm that handles Set of overlapping interval pairs in a high-frequency trading system with 1,000 elements.",Greedy Algorithms,Activity Selection Problem,Array of Intervals,Set of overlapping interval pairs,Requires initial sorting by finish time,Meeting room scheduling
PROB_0847,"Which algorithm effectively performs greedy algorithm that constructs minimum spanning tree by sorting edges by weight and adding them using union-find. on a Disjoint Set Union (DSU), Edge List for a game engine physics solver?",Graph Algorithms,Kruskal's Algorithm,"Disjoint Set Union (DSU), Edge List",Sparse connected or disconnected weighted graph,Sorting edges requires O(E log E),Minimum Spanning Tree on sparse graphs
PROB_0046,"How to optimize constant time lookup when data characteristics are Unique keys or items, Unordered data?",Searching,Hash Table / Dictionary Lookup,"Hash Map, Hash Set, Dictionary","Unique keys or items, Unordered data","Consumes extra memory for hash storage, Potential hash collisions",Repeated fast lookups
PROB_0508,"Find the ideal algorithm to process probabilistic classifier based on bayes theorem assuming strong (naive) feature independence. for a social network friend graph with 1,000,000 records.",Classification,Naive Bayes Classifier,Probability Tables,"Text word counts, categorical or continuous sparse features",Zero frequency problem without smoothing,Spam detection
PROB_1074,"I need to solve a problem involving rod cutting profit max in a high-frequency trading system with 10,000 entries. What algorithm is best?",Dynamic Programming,Unbounded Knapsack,1D DP Array,"Weights, values, capacity W",Pseudo-polynomial complexity,Stock cutter problem
PROB_0628,Need an efficient algorithm that satisfies Cannot extrapolate beyond training target range operating on a Decision Tree.,Regression,Decision Tree Regressor,Decision Tree,Tabular features with step-like non-linear target patterns,Cannot extrapolate beyond training target range,Non-linear tabular regression with step boundaries
PROB_0657,"I need to solve a problem involving extra trees continuous prediction in an e-commerce platform database with 1,000 elements. What algorithm is best?",Regression,Extra Trees Regressor,Forest of Decision Trees,Noisy continuous tabular data,Can build large trees,Fast continuous target estimation on noisy datasets
PROB_1016,"Need a strategy for tree data structure for storing intervals or segments, allowing querying range sum/min/max in o(log n). under strict time complexity bounds.",Tree Algorithms,Segment Tree,Array Segment Tree,Array with frequent point updates and range queries,Requires 4N memory space,Dynamic range minimum/maximum/sum queries with point updates
PROB_0471,What is the best way to execute maximum margin classifier for a mobile navigation app with maximum efficiency?,Classification,Support Vector Classifier (SVC),Support Vectors,"High dimensional data, small to medium sample size",Scales quadratically O(n^2) with sample size,Text classification
PROB_1222,"Looking for an algorithm that handles Small set size requiring state permutation tracking in a high-frequency trading system with 1,000 elements.",Dynamic Programming,Bitmask Dynamic Programming,1D/2D DP Array indexed by bitmask integer,Small set size requiring state permutation tracking,Exponential space O(2^N) limits N to <= 20,Exact solution for Traveling Salesperson Problem (TSP) for small N
PROB_0008,"Need an efficient algorithm that satisfies Data structure must support fast indexed access, Requires prior sorting step operating on a Array, Sorted List.",Searching,Binary Search,"Array, Sorted List","Sorted numerical or string sequence, Known boundaries","Data structure must support fast indexed access, Requires prior sorting step",Searching in large sorted numerical arrays
PROB_1062,Need an efficient algorithm that satisfies Pseudo-polynomial time O(N * W) operating on a 2D DP Array / 1D DP Array.,Dynamic Programming,0/1 Knapsack,2D DP Array / 1D DP Array,"Item weights, values, and max capacity W",Pseudo-polynomial time O(N * W),Resource allocation under strict budget constraints
PROB_1319,Need a strategy for greedy evaluation tracking farthest reachable index at each position to determine if array end can be reached. under strict time complexity bounds.,Greedy Algorithms,Jump Game (Greedy Reachability),Farthest Reach Integer,Array of max jump lengths,Must evaluate incrementally left to right,Reachability analysis in sequential state transitions
PROB_0539,How to optimize extreme gradient boosting when data characteristics are Structured tabular datasets?,Classification,XGBoost Classifier,"DMatrix, Gradient Trees",Structured tabular datasets,High hyper-parameter tuning requirements,Tabular classification competitions
PROB_0917,Need an efficient algorithm that satisfies More rotations during insertions/deletions than Red-Black tree operating on a Balanced Binary Tree Nodes.,Tree Algorithms,AVL Tree,Balanced Binary Tree Nodes,Dynamic ordered keys requiring fast lookups,More rotations during insertions/deletions than Red-Black tree,Lookup-heavy databases requiring strict height balance
PROB_1007,"Designing a solution for top k frequent elements with Searching arbitrary elements takes O(n) with 10,000 entries.",Tree Algorithms,Binary Heap (Priority Queue),Array representation of Complete Tree,Dynamic stream requiring min/max retrieval,Searching arbitrary elements takes O(n),Priority queues
PROB_0910,"Designing a solution for dynamic sorted set with Can degenerate to O(n) linked list if unbalanced with 10,000 entries.",Tree Algorithms,Binary Search Tree (BST),Binary Tree Nodes,Dynamic stream of comparable elements,Can degenerate to O(n) linked list if unbalanced,Dynamic set tracking with dynamic insertion/deletion
PROB_1626,"Require a reliable approach for hierarchical clustering using Distance Matrix, Dendrogram Tree data structures.",Machine Learning / AI,Hierarchical Clustering,"Distance Matrix, Dendrogram Tree",Small to medium feature matrix,High memory space O(n^2) and time complexity O(n^3),Gene expression analysis
PROB_0443,How to optimize boosting classifier when data characteristics are Tabular data requiring high predictive accuracy?,Classification,Gradient Boosting Classifier,Sequence of Trees,Tabular data requiring high predictive accuracy,"Requires tuning hyper-parameters (learning rate, depth)",Competitive machine learning benchmarks
PROB_1442,"I need to solve a problem involving backtracking grid maze traversal in a high-frequency trading system with 10,000 entries. What algorithm is best?",Backtracking,Rat in a Maze,"Recursion Stack, Visited Matrix",N x N matrix with open and blocked cells,Avoid infinite loops by tracking visited cells,Finding all valid paths through a maze with obstacles
PROB_0989,"Find the ideal algorithm to process tree-like data structure used to store a dynamic set or associative array where keys are usually strings. for a social network friend graph with 1,000,000 records.",Tree Algorithms,Trie (Prefix Tree),"Trie Node, Character Map",Set of text strings or words,Memory intensive for large alphabets,Search engine autocomplete suggestions
PROB_0521,"I am building a module in a bioinformatics DNA pipeline requiring out of core learning with 100,000 items.",Classification,SGD Classifier,Weight Vector,"Very large tabular datasets (n > 100,000) or streaming batches",Sensitive to feature scaling and learning rate,Large-scale linear classification
PROB_0832,Need to implement a robust method for minimum spanning tree prim in a digital signal processing pipeline on a massive 10^6 dataset.,Graph Algorithms,Prim's Algorithm,"Priority Queue, Adjacency List",Dense connected weighted graph,Must be undirected graph,Designing minimal cost electrical grids or fiber network cabling
PROB_0509,System requires naive bayes classifier for spam detection in a cloud server log analysis system.,Classification,Naive Bayes Classifier,Probability Tables,"Text word counts, categorical or continuous sparse features",Zero frequency problem without smoothing,Spam detection
PROB_1382,What is the best way to execute dijkstra minimum distance greedy choice for a mobile navigation app with maximum efficiency?,Graph Algorithms,Dijkstra Shortest Path (Greedy),Min-Heap,Weighted directed/undirected graph,Non-negative edge weights,Single source shortest path
PROB_1409,"I need to solve a problem involving n queens puzzle in an e-commerce platform database with 1,000 elements. What algorithm is best?",Backtracking,N-Queens Problem,Column / Diagonal Visited Sets,Board size N,Exponential search space O(N!),Constraint satisfaction benchmarks
PROB_1247,Which algorithm effectively performs greedy choice algorithm selecting maximum number of mutually compatible activities sorted by finish time. on a Array of Intervals for a game engine physics solver?,Greedy Algorithms,Activity Selection Problem,Array of Intervals,Set of overlapping interval pairs,Requires initial sorting by finish time,Meeting room scheduling
PROB_0802,"I need to solve a problem involving game pathfinding in a high-frequency trading system with 10,000 entries. What algorithm is best?",Graph Algorithms,A* Search Algorithm,"Priority Queue, Heuristic Function",Grid map or spatial graph with coordinate data,Quality depends heavily on heuristic function,Video game NPC pathfinding
PROB_0146,"I need to solve a problem involving path existence in a high-frequency trading system with 10,000 entries. What algorithm is best?",Searching,DFS Search (Grid / Tree / Graph),"Stack, Recursion, Grid, Graph","Tree, Graph, or 2D Grid",Recursion depth limits,Checking path existence
PROB_0343,Need a strategy for in-place comparison sort generalization of insertion sort that allows exchanges of items that are far apart. under strict time complexity bounds.,Sorting,Shell Sort,Array,Medium size arrays,Complexity depends heavily on gap sequence selection,Embedded systems where code size must be minimal and memory limited
PROB_0308,How can I implement radix sort to handle non-comparative integer sorting algorithm that sorts data with integer keys by grouping keys by individual digits. in an e-commerce platform database?,Sorting,Radix Sort,"Array, Buckets",Integers or fixed-length strings,Requires stable underlying digit sort,Performance optimization
PROB_0788,How can I implement floyd-warshall algorithm to handle all-pairs shortest path algorithm finding shortest distances between every pair of vertices in a weighted graph. in an e-commerce platform database?,Graph Algorithms,Floyd-Warshall Algorithm,2D Matrix,Dense small to medium graph,O(V^3) time makes it unsuitable for large V (> 1000),Performance optimization
PROB_1439,Need to implement a robust method for sudoku solver 9x9 in a digital signal processing pipeline on a massive 10^6 dataset.,Backtracking,Sudoku Solver,"2D Grid, Row/Col/Box Hash Sets",9x9 grid matrix with empty slots,Combinatorial worst case,Solving Sudoku puzzles automatically
PROB_0075,How to optimize uniformly distributed sorted search when data characteristics are Sorted numbers with uniform intervals?,Searching,Interpolation Search,"Array, Sorted List",Sorted numbers with uniform intervals,Performance degrades to O(n) if data is non-uniform,Searching in large uniformly distributed numerical sorted data
PROB_1241,"I am building a module in a bioinformatics DNA pipeline requiring maximum non overlapping meetings with 100,000 items.",Greedy Algorithms,Activity Selection Problem,Array of Intervals,Set of overlapping interval pairs,Requires initial sorting by finish time,Meeting room scheduling
PROB_0892,System requires johnson's algorithm for all-pairs shortest path on sparse graphs with negative edge weights in a cloud server log analysis system.,Graph Algorithms,Johnson's Algorithm,"Min-Heap, Adjacency List",Sparse weighted graph with potential negative edge weights,Complex multi-stage re-weighting logic,All-pairs shortest path on sparse graphs with negative edge weights
PROB_1256,"Need a strategy for greedy algorithm selecting items by value-to-weight ratio, allowing partial item fractions to maximize knapsack value. under strict time complexity bounds.",Greedy Algorithms,Fractional Knapsack,Array of Items,"Item weights, values, capacity W",Only valid when items can be divided,"Bulk commodity trading (gold dust, oil, grain allocation)"
PROB_0527,"Which algorithm effectively performs linear classifiers (svm, logistic regression) optimized using stochastic gradient descent. on a Weight Vector for a game engine physics solver?",Classification,SGD Classifier,Weight Vector,"Very large tabular datasets (n > 100,000) or streaming batches",Sensitive to feature scaling and learning rate,Large-scale linear classification
PROB_0639,Need to implement a robust method for interpretable continuous rule tree in a digital signal processing pipeline on a massive 10^6 dataset.,Regression,Decision Tree Regressor,Decision Tree,Tabular features with step-like non-linear target patterns,Cannot extrapolate beyond training target range,Non-linear tabular regression with step boundaries
PROB_1296,Looking for optimal solution for job sequencing with deadlines addressing List of jobs with profit and deadline for a database query optimizer.,Greedy Algorithms,Job Sequencing with Deadlines,Time Slot Array / Disjoint Set Union,List of jobs with profit and deadline,Each job takes 1 unit of time,Task execution scheduling under deadline penalties
PROB_1362,"I need to solve a problem involving closest vertex expansion mst in a high-frequency trading system with 10,000 entries. What algorithm is best?",Greedy Algorithms,Prim's MST (Greedy),Min-Heap,Adjacency weighted list,Undirected graph,Dense graph minimum spanning tree
PROB_1398,What is the best way to execute minimum spanning tree general greedy for a mobile navigation app with maximum efficiency?,Greedy Algorithms,Minimum Spanning Tree Strategy,"Graph, Min Heap / Union Find",Connected graph,No cycles in output tree,Infrastructure network design
PROB_1098,Require a reliable approach for coin change using 1D DP Array data structures.,Dynamic Programming,Coin Change,1D DP Array,List of coin values and integer target amount,Unbounded coin supply assumption,Vending machine currency exchange
PROB_0345,Require a reliable approach for shell sort using Array data structures.,Sorting,Shell Sort,Array,Medium size arrays,Complexity depends heavily on gap sequence selection,Embedded systems where code size must be minimal and memory limited
PROB_0193,"I need to solve a problem involving simple sorting in an e-commerce platform database with 1,000 elements. What algorithm is best?",Sorting,Bubble Sort,Array,Small list or nearly sorted list,Quadratic time complexity O(n^2),Educational purposes
PROB_1676,"Find the ideal algorithm to process feedforward artificial neural network consisting of input, hidden, and output layers with non-linear activation functions. for a social network friend graph with 1,000,000 records.",Machine Learning / AI,Multilayer Perceptron (MLP Deep Learning),"Weight Matrices, Bias Vectors",Tabular or dense numeric vector features,Black-box model requiring careful hyperparameter tuning,Complex non-linear classification/regression
PROB_0185,"I am building a module in a bioinformatics DNA pipeline requiring minimum window substring with 100,000 items.",Searching,Sliding Window Search,"Array, String, Hash Map",Sequential array or string,Window state must be incrementally updateable,Finding max/min subarray meeting target condition
PROB_0974,"Designing a solution for find bottom left node with Memory proportional to maximum tree width with 10,000 entries.",Tree Algorithms,Tree Level Order Traversal (BFS Tree),"Queue, Binary Tree",Tree hierarchical levels,Memory proportional to maximum tree width,Printing tree by levels
PROB_0451,How can I implement adaboost classifier to handle adaptive boosting ensemble algorithm that adjusts weights of misclassified instances iteratively. in an e-commerce platform database?,Classification,AdaBoost Classifier,Sequence of Decision Stumps,Tabular datasets,Sensitive to noisy data and outliers,Performance optimization
PROB_1591,"Looking for an algorithm that handles Continuous numeric feature data in a high-frequency trading system with 1,000 elements.",Machine Learning / AI,K-Means Clustering,"Centroids Matrix, Cluster Assignment Vector",Continuous numeric feature data,Assumes spherical clusters of similar size,Customer persona segmentation
PROB_1058,"I need to solve a problem involving subset sum target capacity in a high-frequency trading system with 10,000 entries. What algorithm is best?",Dynamic Programming,0/1 Knapsack,2D DP Array / 1D DP Array,"Item weights, values, and max capacity W",Pseudo-polynomial time O(N * W),Resource allocation under strict budget constraints
PROB_0751,"Designing a solution for cycle detection in graph with Recursion limit on deep graphs with 10,000 entries.",Graph Algorithms,Depth-First Search (DFS Graph),"Stack, Recursion, Adjacency List",Directed or undirected graph,Recursion limit on deep graphs,Detecting graph cycles
PROB_0359,What is the best way to execute default language sort for a mobile navigation app with maximum efficiency?,Sorting,TimSort,Array,Real world data with existing run segments,Auxiliary space O(n),General purpose default sorting for real-world heterogeneous datasets
PROB_1183,Need to implement a robust method for rod cutting maximum profit in a digital signal processing pipeline on a massive 10^6 dataset.,Dynamic Programming,Rod Cutting,1D DP Array,Rod length N and price array,O(N^2) dynamic programming table,"Industrial material cutting optimization (steel, wood, fabric)"
PROB_1402,How to optimize minimum spanning tree general greedy when data characteristics are Connected graph?,Greedy Algorithms,Minimum Spanning Tree Strategy,"Graph, Min Heap / Union Find",Connected graph,No cycles in output tree,Infrastructure network design
PROB_0168,What is the best way to execute two sum sorted array for a mobile navigation app with maximum efficiency?,Searching,Two Pointer Search,"Array, String",Contiguous sequential data,Requires monotonic sequence behavior,Finding pairs in sorted array summing to target
PROB_1721,"I am building a module in a bioinformatics DNA pipeline requiring long term sequence memory with 100,000 items.",Machine Learning / AI,Long Short-Term Memory (LSTM),"Cell State, Gate Tensors (Forget, Input, Output)",Sequential time series data or long text passages,Sequential processing limits parallel GPU scaling,Financial time series forecasting
PROB_0051,"I need to solve a problem involving sub-linear search without binary split for a mobile navigation app with 100,000 items. What algorithm is best?",Searching,Jump Search,"Array, Sorted List","Sorted list, Random access indexing",Optimal step size is sqrt(n),Searching sorted arrays when jumping backwards is expensive
PROB_1616,Need to implement a robust method for density based clustering in a digital signal processing pipeline on a massive 10^6 dataset.,Machine Learning / AI,DBSCAN Clustering,KD-Tree / Ball-Tree,Spatial or tabular feature coordinates,Struggles with varying density clusters,Geospatial spatial data clustering
PROB_0891,"Find the ideal algorithm to process all-pairs shortest path algorithm combining bellman-ford and dijkstra to handle sparse graphs with negative edge weights. for a social network friend graph with 1,000,000 records.",Graph Algorithms,Johnson's Algorithm,"Min-Heap, Adjacency List",Sparse weighted graph with potential negative edge weights,Complex multi-stage re-weighting logic,All-pairs shortest path on sparse graphs with negative edge weights
PROB_1668,"How can I implement multilayer perceptron (mlp deep learning) to handle feedforward artificial neural network consisting of input, hidden, and output layers with non-linear activation functions. in an e-commerce platform database?",Machine Learning / AI,Multilayer Perceptron (MLP Deep Learning),"Weight Matrices, Bias Vectors",Tabular or dense numeric vector features,Black-box model requiring careful hyperparameter tuning,Performance optimization
PROB_1380,Need an efficient algorithm that satisfies Non-negative edge weights operating on a Min-Heap.,Graph Algorithms,Dijkstra Shortest Path (Greedy),Min-Heap,Weighted directed/undirected graph,Non-negative edge weights,Single source shortest path
PROB_0790,"Looking for an algorithm that handles Dense small to medium graph in a high-frequency trading system with 1,000 elements.",Graph Algorithms,Floyd-Warshall Algorithm,2D Matrix,Dense small to medium graph,O(V^3) time makes it unsuitable for large V (> 1000),Precomputing all-pairs distances for small dense graphs
PROB_1128,Need a strategy for finds length of longest strictly increasing subsequence in an array of numbers. under strict time complexity bounds.,Dynamic Programming,Longest Increasing Subsequence (LIS),1D Array / Tails Array,Numerical array,"Standard DP O(n^2), Binary Search optimized O(n log n)",Stock price trend analysis
PROB_1500,"Find the ideal algorithm to process generates all possible subsets (power set) of a given collection of elements. for a social network friend graph with 1,000,000 records.",Backtracking,Subsets Generation (Power Set),Recursion Stack,Array of distinct elements,Generates 2^N total subsets,Evaluating all possible item combinations (power set)
PROB_1095,What is the best way to execute coin change minimum coins for a mobile navigation app with maximum efficiency?,Dynamic Programming,Coin Change,1D DP Array,List of coin values and integer target amount,Unbounded coin supply assumption,Vending machine currency exchange
PROB_1267,"I need to solve a problem involving minimum total weighted path length for a mobile navigation app with 100,000 items. What algorithm is best?",Greedy Algorithms,Huffman Coding,"Min-Heap, Binary Tree Nodes",Text stream or character frequency table,Requires two-pass encoding or frequency transmission,ZIP file compression
PROB_1758,"Designing a solution for item attribute recommendation with Cannot recommend items outside user's historical feature exposure with 10,000 entries.",Machine Learning / AI,Content-Based Recommendation,"Item Feature Vectors, User Profile Vectors",Item metadata and user rating history,Cannot recommend items outside user's historical feature exposure,Movie/article recommendations based on item metadata features
PROB_0493,System requires k-nearest neighbors classifier (knn) for instance-based learning in a cloud server log analysis system.,Classification,K-Nearest Neighbors Classifier (KNN),"KD-Tree, Ball-Tree, Feature Matrix",Small to medium tabular data with low dimensions,High prediction memory/time O(n * d),Instance-based learning
PROB_1773,System requires collaborative filtering recommendation for e-commerce product recommendations ('users who bought x also bought y') in a cloud server log analysis system.,Machine Learning / AI,Collaborative Filtering Recommendation,"User-Item Interaction Matrix, Latent Factor Matrices (U, V)",Sparse user-item rating matrix,Cold start problem for new users or new unrated items,E-commerce product recommendations ('Users who bought X also bought Y')
PROB_1538,"I need to solve a problem involving hamiltonian path backtracking in a high-frequency trading system with 10,000 entries. What algorithm is best?",Backtracking,Hamiltonian Path / Cycle,"Visited Array, Path Array",Directed or undirected graph,NP-complete problem,Route planning requiring visiting all locations exactly once
PROB_0258,"I need to solve a problem involving in place partitioning in a high-frequency trading system with 10,000 entries. What algorithm is best?",Sorting,Quick Sort,Array,General unsorted array,Worst-case O(n^2) if pivot selection is poor,Fast in-place general purpose sorting
PROB_0492,"Find the ideal algorithm to process non-parametric lazy learning classifier that assigns class based on majority vote of k nearest samples. for a social network friend graph with 1,000,000 records.",Classification,K-Nearest Neighbors Classifier (KNN),"KD-Tree, Ball-Tree, Feature Matrix",Small to medium tabular data with low dimensions,High prediction memory/time O(n * d),Instance-based learning
PROB_0342,What is the best way to execute gap insertion sort for a mobile navigation app with maximum efficiency?,Sorting,Shell Sort,Array,Medium size arrays,Complexity depends heavily on gap sequence selection,Embedded systems where code size must be minimal and memory limited
PROB_0133,"Need an efficient algorithm that satisfies Requires O(V) memory space for queue operating on a Queue, Grid, Graph.",Searching,BFS Search (Grid / Tree / Graph),"Queue, Grid, Graph",Graph or 2D matrix grid,Requires O(V) memory space for queue,Finding shortest path in unweighted maze/grid
PROB_0748,How to optimize topological ordering when data characteristics are Directed or undirected graph?,Graph Algorithms,Depth-First Search (DFS Graph),"Stack, Recursion, Adjacency List",Directed or undirected graph,Recursion limit on deep graphs,Detecting graph cycles
PROB_1525,"Need an efficient algorithm that satisfies NP-complete problem operating on a Color Assignment Array, Adjacency Matrix.",Backtracking,Graph Coloring Problem,"Color Assignment Array, Adjacency Matrix",Undirected graph and integer M,NP-complete problem,Compiler register allocation
PROB_1157,Need an efficient algorithm that satisfies Cubic time complexity O(N^3) operating on a 2D DP Table.,Dynamic Programming,Matrix Chain Multiplication,2D DP Table,Sequence of matrix dimensions,Cubic time complexity O(N^3),Optimizing matrix computation chains in linear algebra libraries
PROB_0702,Which algorithm effectively performs regression variant of support vector machines fitting error within an epsilon margin boundary. on a Support Vectors for a game engine physics solver?,Regression,Support Vector Regressor (SVR),Support Vectors,Small to medium non-linear datasets,Poor scalability for large n,Non-linear regression on small high-dimensional datasets
PROB_1043,"I need to solve a problem involving tree node distance query for a mobile navigation app with 100,000 items. What algorithm is best?",Tree Algorithms,Lowest Common Ancestor (LCA),"Tree, Binary Lifting Table",Rooted tree with node pairs,Binary lifting requires O(N log N) preprocessing,Genealogy trees
PROB_1104,Need to implement a robust method for coin change minimum coins in a digital signal processing pipeline on a massive 10^6 dataset.,Dynamic Programming,Coin Change,1D DP Array,List of coin values and integer target amount,Unbounded coin supply assumption,Vending machine currency exchange
PROB_1789,"Designing a solution for combined content collaborative recommendation with System design and tuning complexity with 10,000 entries.",Machine Learning / AI,Hybrid Recommendation System,Ensemble Scoring Engine,User interaction logs and item feature metadata,System design and tuning complexity,"Production recommendation platforms (Netflix, Amazon, Spotify)"
PROB_0235,How to optimize nearly sorted array sort when data characteristics are Small dataset or almost sorted data?,Sorting,Insertion Sort,"Array, Linked List",Small dataset or almost sorted data,O(n^2) for reverse ordered inputs,Sorting small lists (n < 25)
PROB_1752,"Need a strategy for recommender system matching item feature attributes (genres, keywords, descriptions) against user profile preferences. under strict time complexity bounds.",Machine Learning / AI,Content-Based Recommendation,"Item Feature Vectors, User Profile Vectors",Item metadata and user rating history,Cannot recommend items outside user's historical feature exposure,Movie/article recommendations based on item metadata features
PROB_0455,Need a strategy for adaptive boosting ensemble algorithm that adjusts weights of misclassified instances iteratively. under strict time complexity bounds.,Classification,AdaBoost Classifier,Sequence of Decision Stumps,Tabular datasets,Sensitive to noisy data and outliers,Boosting weak learners for binary classification
PROB_0684,System requires gradient boosting regressor for high accuracy continuous regression benchmarks in a cloud server log analysis system.,Regression,Gradient Boosting Regressor,Sequence of Regression Trees,Structured continuous tabular targets,Requires tuning learning rate and tree depth,High accuracy continuous regression benchmarks
PROB_0871,What is the best way to execute connected components tracking for a mobile navigation app with maximum efficiency?,Graph Algorithms,Union-Find (Disjoint Set Union),"Parent Array, Rank / Size Array",Dynamic edge additions,Does not easily support edge deletions,Cycle detection in undirected graphs
PROB_0638,Which algorithm effectively performs non-parametric regression model predicting continuous target by splitting feature space into hyper-rectangles. on a Decision Tree for a game engine physics solver?,Regression,Decision Tree Regressor,Decision Tree,Tabular features with step-like non-linear target patterns,Cannot extrapolate beyond training target range,Non-linear tabular regression with step boundaries
PROB_1268,How can I implement huffman coding to handle greedy algorithm building optimal prefix codes for lossless data compression based on character frequencies. in an e-commerce platform database?,Greedy Algorithms,Huffman Coding,"Min-Heap, Binary Tree Nodes",Text stream or character frequency table,Requires two-pass encoding or frequency transmission,Performance optimization
PROB_0897,"I need to solve a problem involving ordered key insertion lookup in an e-commerce platform database with 1,000 elements. What algorithm is best?",Tree Algorithms,Binary Search Tree (BST),Binary Tree Nodes,Dynamic stream of comparable elements,Can degenerate to O(n) linked list if unbalanced,Dynamic set tracking with dynamic insertion/deletion
PROB_0740,"I need to solve a problem involving path existence in graph in a bioinformatics DNA pipeline with 1,000,000 records. What algorithm is best?",Graph Algorithms,Depth-First Search (DFS Graph),"Stack, Recursion, Adjacency List",Directed or undirected graph,Recursion limit on deep graphs,Detecting graph cycles
PROB_0553,"I am building a module in a bioinformatics DNA pipeline requiring sales forecasting linear with 100,000 items.",Regression,Linear Regression,"Feature Matrix, Coefficient Vector",Linear tabular features,Sensitive to outliers and multicollinearity,Simple continuous target forecasting
PROB_1688,Need a strategy for deep learning architecture utilizing convolutional filters to extract spatial feature hierarchies from visual inputs. under strict time complexity bounds.,Machine Learning / AI,Convolutional Neural Network (CNN),"Convolutional Kernels, Feature Maps",2D/3D Image grids or spatial signals,High compute power required for training,Image classification
PROB_1318,What is the best way to execute jump game reachable end for a mobile navigation app with maximum efficiency?,Greedy Algorithms,Jump Game (Greedy Reachability),Farthest Reach Integer,Array of max jump lengths,Must evaluate incrementally left to right,Reachability analysis in sequential state transitions
PROB_1369,Require a reliable approach for prim's mst (greedy) using Min-Heap data structures.,Greedy Algorithms,Prim's MST (Greedy),Min-Heap,Adjacency weighted list,Undirected graph,Dense graph minimum spanning tree
PROB_1286,What is the best way to execute job scheduling profit deadline for a mobile navigation app with maximum efficiency?,Greedy Algorithms,Job Sequencing with Deadlines,Time Slot Array / Disjoint Set Union,List of jobs with profit and deadline,Each job takes 1 unit of time,Task execution scheduling under deadline penalties
PROB_0210,"I need to solve a problem involving select minimum element repeatedly in a high-frequency trading system with 10,000 entries. What algorithm is best?",Sorting,Selection Sort,Array,Small array size,Always O(n^2) comparisons regardless of input,Small datasets where memory writing is expensive
PROB_1031,What is the best way to execute prefix sum update for a mobile navigation app with maximum efficiency?,Tree Algorithms,Fenwick Tree (Binary Indexed Tree),Array (1-indexed),1D numerical array with point updates,Difficult for arbitrary non-invertible range operations,Dynamic prefix sum queries with point updates
PROB_0270,"Designing a solution for in place partitioning with Worst-case O(n^2) if pivot selection is poor with 10,000 entries.",Sorting,Quick Sort,Array,General unsorted array,Worst-case O(n^2) if pivot selection is poor,Fast in-place general purpose sorting
PROB_1064,What is the best way to execute 0/1 knapsack problem for a mobile navigation app with maximum efficiency?,Dynamic Programming,0/1 Knapsack,2D DP Array / 1D DP Array,"Item weights, values, and max capacity W",Pseudo-polynomial time O(N * W),Resource allocation under strict budget constraints
PROB_1092,How can I implement coin change to handle dp algorithm finding minimum number of coins needed to make up a target amount. in an e-commerce platform database?,Dynamic Programming,Coin Change,1D DP Array,List of coin values and integer target amount,Unbounded coin supply assumption,Performance optimization
PROB_0319,"Which algorithm effectively performs non-comparative integer sorting algorithm that sorts data with integer keys by grouping keys by individual digits. on a Array, Buckets for a game engine physics solver?",Sorting,Radix Sort,"Array, Buckets",Integers or fixed-length strings,Requires stable underlying digit sort,Sorting large lists of integers or fixed-length strings in O(nk)
PROB_1630,"Designing a solution for agglomerative hierarchical clustering with High memory space O(n^2) and time complexity O(n^3) with 10,000 entries.",Machine Learning / AI,Hierarchical Clustering,"Distance Matrix, Dendrogram Tree",Small to medium feature matrix,High memory space O(n^2) and time complexity O(n^3),Gene expression analysis
PROB_0631,Need a strategy for non-parametric regression model predicting continuous target by splitting feature space into hyper-rectangles. under strict time complexity bounds.,Regression,Decision Tree Regressor,Decision Tree,Tabular features with step-like non-linear target patterns,Cannot extrapolate beyond training target range,Non-linear tabular regression with step boundaries
PROB_0201,"I am building a module in a bioinformatics DNA pipeline requiring educational sort with 100,000 items.",Sorting,Bubble Sort,Array,Small list or nearly sorted list,Quadratic time complexity O(n^2),Educational purposes
PROB_1191,What is the best way to execute grid minimum path sum for a mobile navigation app with maximum efficiency?,Dynamic Programming,Grid Path Dynamic Programming,2D Grid / 1D Row DP,2D Matrix with path costs or obstacles,Restricted movement direction,Robot navigation grid movement
PROB_0529,"I need to solve a problem involving extreme gradient boosting in an e-commerce platform database with 1,000 elements. What algorithm is best?",Classification,XGBoost Classifier,"DMatrix, Gradient Trees",Structured tabular datasets,High hyper-parameter tuning requirements,Tabular classification competitions
PROB_0556,"Find the ideal algorithm to process fundamental regression model fitting a linear relationship between features and continuous target variable. for a social network friend graph with 1,000,000 records.",Regression,Linear Regression,"Feature Matrix, Coefficient Vector",Linear tabular features,Sensitive to outliers and multicollinearity,Simple continuous target forecasting
PROB_0057,"I am building a module in a bioinformatics DNA pipeline requiring sub-linear search without binary split with 100,000 items.",Searching,Jump Search,"Array, Sorted List","Sorted list, Random access indexing",Optimal step size is sqrt(n),Searching sorted arrays when jumping backwards is expensive
PROB_1194,Require a reliable approach for grid path dynamic programming using 2D Grid / 1D Row DP data structures.,Dynamic Programming,Grid Path Dynamic Programming,2D Grid / 1D Row DP,2D Matrix with path costs or obstacles,Restricted movement direction,Robot navigation grid movement
PROB_1493,Need an efficient algorithm that satisfies Generates 2^N total subsets operating on a Recursion Stack.,Backtracking,Subsets Generation (Power Set),Recursion Stack,Array of distinct elements,Generates 2^N total subsets,Evaluating all possible item combinations (power set)
PROB_1002,"I am building a module in a bioinformatics DNA pipeline requiring find median in data stream with 100,000 items.",Tree Algorithms,Binary Heap (Priority Queue),Array representation of Complete Tree,Dynamic stream requiring min/max retrieval,Searching arbitrary elements takes O(n),Priority queues
PROB_0207,"Which algorithm effectively performs simple comparison sort that repeatedly steps through the list, compares adjacent elements and swaps them if in wrong order. on a Array for a game engine physics solver?",Sorting,Bubble Sort,Array,Small list or nearly sorted list,Quadratic time complexity O(n^2),Educational purposes
PROB_1604,How can I implement dbscan clustering to handle density-based spatial clustering algorithm grouping closely packed points and detecting arbitrary shapes and noise outliers. in an e-commerce platform database?,Machine Learning / AI,DBSCAN Clustering,KD-Tree / Ball-Tree,Spatial or tabular feature coordinates,Struggles with varying density clusters,Performance optimization
PROB_1341,"Designing a solution for petrol pump circle journey with Requires total gas sum >= total cost sum with 10,000 entries.",Greedy Algorithms,Gas Station Problem,Running Surplus Counter,Gas array and cost array,Requires total gas sum >= total cost sum,Circular vehicle route energy planning
PROB_0778,"Require a reliable approach for bellman-ford algorithm using Edge List, Distance Array data structures.",Graph Algorithms,Bellman-Ford Algorithm,"Edge List, Distance Array",Weighted graph with potential negative edge weights,Slower O(V*E) time complexity,Financial currency arbitrage detection
PROB_0925,System requires avl tree for lookup-heavy databases requiring strict height balance in a cloud server log analysis system.,Tree Algorithms,AVL Tree,Balanced Binary Tree Nodes,Dynamic ordered keys requiring fast lookups,More rotations during insertions/deletions than Red-Black tree,Lookup-heavy databases requiring strict height balance
PROB_0439,What is the best way to execute boosting classifier for a mobile navigation app with maximum efficiency?,Classification,Gradient Boosting Classifier,Sequence of Trees,Tabular data requiring high predictive accuracy,"Requires tuning hyper-parameters (learning rate, depth)",Competitive machine learning benchmarks
PROB_1038,"Designing a solution for binary indexed tree prefix sum with Difficult for arbitrary non-invertible range operations with 10,000 entries.",Tree Algorithms,Fenwick Tree (Binary Indexed Tree),Array (1-indexed),1D numerical array with point updates,Difficult for arbitrary non-invertible range operations,Dynamic prefix sum queries with point updates
PROB_1413,Need an efficient algorithm that satisfies Exponential search space O(N!) operating on a Column / Diagonal Visited Sets.,Backtracking,N-Queens Problem,Column / Diagonal Visited Sets,Board size N,Exponential search space O(N!),Constraint satisfaction benchmarks
PROB_0691,How can I implement support vector regressor (svr) to handle regression variant of support vector machines fitting error within an epsilon margin boundary. in an e-commerce platform database?,Regression,Support Vector Regressor (SVR),Support Vectors,Small to medium non-linear datasets,Poor scalability for large n,Performance optimization
PROB_1321,Require a reliable approach for jump game (greedy reachability) using Farthest Reach Integer data structures.,Greedy Algorithms,Jump Game (Greedy Reachability),Farthest Reach Integer,Array of max jump lengths,Must evaluate incrementally left to right,Reachability analysis in sequential state transitions
PROB_0192,Need to implement a robust method for max subarray sum of length k in a digital signal processing pipeline on a massive 10^6 dataset.,Searching,Sliding Window Search,"Array, String, Hash Map",Sequential array or string,Window state must be incrementally updateable,Finding max/min subarray meeting target condition
PROB_0651,How to optimize robust continuous prediction when data characteristics are Tabular datasets with complex continuous relationships?,Regression,Random Forest Regressor,Forest of Regression Trees,Tabular datasets with complex continuous relationships,Cannot extrapolate outside min/max target range,General purpose tabular regression benchmark
PROB_0048,System requires hash table / dictionary lookup for repeated fast lookups in a cloud server log analysis system.,Searching,Hash Table / Dictionary Lookup,"Hash Map, Hash Set, Dictionary","Unique keys or items, Unordered data","Consumes extra memory for hash storage, Potential hash collisions",Repeated fast lookups
PROB_0437,"Need an efficient algorithm that satisfies Requires tuning hyper-parameters (learning rate, depth) operating on a Sequence of Trees.",Classification,Gradient Boosting Classifier,Sequence of Trees,Tabular data requiring high predictive accuracy,"Requires tuning hyper-parameters (learning rate, depth)",Competitive machine learning benchmarks
PROB_1735,What is the best way to execute transformer llm text processing for a mobile navigation app with maximum efficiency?,Machine Learning / AI,Transformer Network,"Multi-Head Attention Matrices, Position Embeddings","Text tokens, sequences, multi-modal data",Quadratic O(L^2) attention memory cost without sparse attention,Large Language Models (LLMs)
PROB_0511,Which algorithm effectively performs probabilistic classifier based on bayes theorem assuming strong (naive) feature independence. on a Probability Tables for a game engine physics solver?,Classification,Naive Bayes Classifier,Probability Tables,"Text word counts, categorical or continuous sparse features",Zero frequency problem without smoothing,Spam detection
PROB_0774,"Looking for an algorithm that handles Weighted graph with potential negative edge weights in a high-frequency trading system with 1,000 elements.",Graph Algorithms,Bellman-Ford Algorithm,"Edge List, Distance Array",Weighted graph with potential negative edge weights,Slower O(V*E) time complexity,Financial currency arbitrage detection
PROB_0530,"I need to solve a problem involving kaggle winning classification in a high-frequency trading system with 10,000 entries. What algorithm is best?",Classification,XGBoost Classifier,"DMatrix, Gradient Trees",Structured tabular datasets,High hyper-parameter tuning requirements,Tabular classification competitions
PROB_1217,"I need to solve a problem involving traveling salesperson bitmask dp in an e-commerce platform database with 1,000 elements. What algorithm is best?",Dynamic Programming,Bitmask Dynamic Programming,1D/2D DP Array indexed by bitmask integer,Small set size requiring state permutation tracking,Exponential space O(2^N) limits N to <= 20,Exact solution for Traveling Salesperson Problem (TSP) for small N
PROB_1529,"I am building a module in a bioinformatics DNA pipeline requiring register allocation graph coloring with 100,000 items.",Backtracking,Graph Coloring Problem,"Color Assignment Array, Adjacency Matrix",Undirected graph and integer M,NP-complete problem,Compiler register allocation
PROB_0147,"I need to solve a problem involving maze traversal for a mobile navigation app with 100,000 items. What algorithm is best?",Searching,DFS Search (Grid / Tree / Graph),"Stack, Recursion, Grid, Graph","Tree, Graph, or 2D Grid",Recursion depth limits,Checking path existence
PROB_1728,Need to implement a robust method for lstm sequence prediction in a digital signal processing pipeline on a massive 10^6 dataset.,Machine Learning / AI,Long Short-Term Memory (LSTM),"Cell State, Gate Tensors (Forget, Input, Output)",Sequential time series data or long text passages,Sequential processing limits parallel GPU scaling,Financial time series forecasting
PROB_0949,"Need an efficient algorithm that satisfies Recursion stack depth operating on a Binary Tree, Stack.",Tree Algorithms,Binary Tree Traversal (Pre/In/Post Order),"Binary Tree, Stack",Hierarchical tree structure,Recursion stack depth,In-order for sorted BST output
PROB_0501,Need an efficient algorithm that satisfies Zero frequency problem without smoothing operating on a Probability Tables.,Classification,Naive Bayes Classifier,Probability Tables,"Text word counts, categorical or continuous sparse features",Zero frequency problem without smoothing,Spam detection
PROB_0668,System requires extra trees regressor for fast continuous target estimation on noisy datasets in a cloud server log analysis system.,Regression,Extra Trees Regressor,Forest of Decision Trees,Noisy continuous tabular data,Can build large trees,Fast continuous target estimation on noisy datasets
PROB_1723,How to optimize lstm sequence prediction when data characteristics are Sequential time series data or long text passages?,Machine Learning / AI,Long Short-Term Memory (LSTM),"Cell State, Gate Tensors (Forget, Input, Output)",Sequential time series data or long text passages,Sequential processing limits parallel GPU scaling,Financial time series forecasting
PROB_1351,Need a strategy for greedy edge pick strategy building minimum spanning tree by selecting smallest weight edges. under strict time complexity bounds.,Greedy Algorithms,Kruskal's MST (Greedy),"Union-Find, Sorted Edge List",Edge list with weights,Sorting step requires O(E log E),Greedy spanning tree connection
PROB_1731,"I need to solve a problem involving bert gpt natural language model for a mobile navigation app with 100,000 items. What algorithm is best?",Machine Learning / AI,Transformer Network,"Multi-Head Attention Matrices, Position Embeddings","Text tokens, sequences, multi-modal data",Quadratic O(L^2) attention memory cost without sparse attention,Large Language Models (LLMs)
PROB_0491,How to optimize lazy learning classification when data characteristics are Small to medium tabular data with low dimensions?,Classification,K-Nearest Neighbors Classifier (KNN),"KD-Tree, Ball-Tree, Feature Matrix",Small to medium tabular data with low dimensions,High prediction memory/time O(n * d),Instance-based learning
PROB_1227,How to optimize traveling salesperson bitmask dp when data characteristics are Small set size requiring state permutation tracking?,Dynamic Programming,Bitmask Dynamic Programming,1D/2D DP Array indexed by bitmask integer,Small set size requiring state permutation tracking,Exponential space O(2^N) limits N to <= 20,Exact solution for Traveling Salesperson Problem (TSP) for small N
PROB_1414,"Looking for an algorithm that handles Board size N in a high-frequency trading system with 1,000 elements.",Backtracking,N-Queens Problem,Column / Diagonal Visited Sets,Board size N,Exponential search space O(N!),Constraint satisfaction benchmarks
PROB_1595,"Require a reliable approach for k-means clustering using Centroids Matrix, Cluster Assignment Vector data structures.",Machine Learning / AI,K-Means Clustering,"Centroids Matrix, Cluster Assignment Vector",Continuous numeric feature data,Assumes spherical clusters of similar size,Customer persona segmentation
PROB_1381,"Looking for an algorithm that handles Weighted directed/undirected graph in a high-frequency trading system with 1,000 elements.",Graph Algorithms,Dijkstra Shortest Path (Greedy),Min-Heap,Weighted directed/undirected graph,Non-negative edge weights,Single source shortest path
PROB_0204,"Find the ideal algorithm to process simple comparison sort that repeatedly steps through the list, compares adjacent elements and swaps them if in wrong order. for a social network friend graph with 1,000,000 records.",Sorting,Bubble Sort,Array,Small list or nearly sorted list,Quadratic time complexity O(n^2),Educational purposes
PROB_1570,"I need to solve a problem involving knight move board coverage in a high-frequency trading system with 10,000 entries. What algorithm is best?",Backtracking,Knight's Tour Problem,Board Matrix,N x N chessboard,Knight move L-shape restrictions,Chess puzzle algorithms
PROB_0719,Need to implement a robust method for xgboost continuous forecasting in a digital signal processing pipeline on a massive 10^6 dataset.,Regression,XGBoost Regressor,"DMatrix, Gradient Trees",Structured tabular data with continuous target,Requires tuning hyper-parameters,State-of-the-art tabular continuous regression
PROB_0203,How to optimize simple sorting when data characteristics are Small list or nearly sorted list?,Sorting,Bubble Sort,Array,Small list or nearly sorted list,Quadratic time complexity O(n^2),Educational purposes
PROB_1757,System requires content-based recommendation for movie/article recommendations based on item metadata features in a cloud server log analysis system.,Machine Learning / AI,Content-Based Recommendation,"Item Feature Vectors, User Profile Vectors",Item metadata and user rating history,Cannot recommend items outside user's historical feature exposure,Movie/article recommendations based on item metadata features
PROB_1662,"Designing a solution for probabilistic sentiment model with Independence assumption with 10,000 entries.",Machine Learning / AI,Naive Bayes (ML / AI),Probability Map,Text feature vectors (TF-IDF/Word Counts),Independence assumption,Spam filtering
PROB_1039,Which algorithm effectively performs data structure providing efficient o(log n) methods for prefix sums and point updates on arrays. on a Array (1-indexed) for a game engine physics solver?,Tree Algorithms,Fenwick Tree (Binary Indexed Tree),Array (1-indexed),1D numerical array with point updates,Difficult for arbitrary non-invertible range operations,Dynamic prefix sum queries with point updates
PROB_1334,What is the best way to execute circular circuit gas station for a mobile navigation app with maximum efficiency?,Greedy Algorithms,Gas Station Problem,Running Surplus Counter,Gas array and cost array,Requires total gas sum >= total cost sum,Circular vehicle route energy planning
PROB_0970,"Require a reliable approach for tree level order traversal (bfs tree) using Queue, Binary Tree data structures.",Tree Algorithms,Tree Level Order Traversal (BFS Tree),"Queue, Binary Tree",Tree hierarchical levels,Memory proportional to maximum tree width,Printing tree by levels
PROB_0622,"Designing a solution for polynomial feature regression with Feature space grows exponentially with polynomial degree with 10,000 entries.",Regression,Polynomial Regression,Polynomial Feature Matrix,Non-linear continuous relationships,Feature space grows exponentially with polynomial degree,Fitting non-linear curves for small feature sets
PROB_0902,"Looking for an algorithm that handles Dynamic stream of comparable elements in a high-frequency trading system with 1,000 elements.",Tree Algorithms,Binary Search Tree (BST),Binary Tree Nodes,Dynamic stream of comparable elements,Can degenerate to O(n) linked list if unbalanced,Dynamic set tracking with dynamic insertion/deletion
PROB_0649,"I am building a module in a bioinformatics DNA pipeline requiring stock/sales forecasting ensemble with 100,000 items.",Regression,Random Forest Regressor,Forest of Regression Trees,Tabular datasets with complex continuous relationships,Cannot extrapolate outside min/max target range,General purpose tabular regression benchmark
PROB_1287,Need a strategy for greedy strategy scheduling jobs with deadlines and profits to maximize total profit on a single machine. under strict time complexity bounds.,Greedy Algorithms,Job Sequencing with Deadlines,Time Slot Array / Disjoint Set Union,List of jobs with profit and deadline,Each job takes 1 unit of time,Task execution scheduling under deadline penalties
PROB_1185,"I need to solve a problem involving grid minimum path sum in an e-commerce platform database with 1,000 elements. What algorithm is best?",Dynamic Programming,Grid Path Dynamic Programming,2D Grid / 1D Row DP,2D Matrix with path costs or obstacles,Restricted movement direction,Robot navigation grid movement
PROB_0966,"Looking for an algorithm that handles Tree hierarchical levels in a high-frequency trading system with 1,000 elements.",Tree Algorithms,Tree Level Order Traversal (BFS Tree),"Queue, Binary Tree",Tree hierarchical levels,Memory proportional to maximum tree width,Printing tree by levels
PROB_0195,"I need to solve a problem involving educational sort for a mobile navigation app with 100,000 items. What algorithm is best?",Sorting,Bubble Sort,Array,Small list or nearly sorted list,Quadratic time complexity O(n^2),Educational purposes
PROB_1314,"I need to solve a problem involving minimum jumps to reach end in a high-frequency trading system with 10,000 entries. What algorithm is best?",Greedy Algorithms,Jump Game (Greedy Reachability),Farthest Reach Integer,Array of max jump lengths,Must evaluate incrementally left to right,Reachability analysis in sequential state transitions
PROB_1364,Need an efficient algorithm that satisfies Undirected graph operating on a Min-Heap.,Greedy Algorithms,Prim's MST (Greedy),Min-Heap,Adjacency weighted list,Undirected graph,Dense graph minimum spanning tree
PROB_0330,"How to optimize floating point uniform distribution sort when data characteristics are Floating point numbers in range [0, 1)?",Sorting,Bucket Sort,Array of Lists,"Floating point numbers in range [0, 1)",Worst-case O(n^2) if items cluster into one bucket,Sorting floating point numbers uniformly distributed across a range
PROB_0107,How to optimize fibonacci split search when data characteristics are Sorted numeric array?,Searching,Fibonacci Search,"Array, Sorted List",Sorted numeric array,Requires generating Fibonacci numbers,Systems where multiplication or division is computationally expensive
PROB_0817,"I need to solve a problem involving minimum spanning tree prim in an e-commerce platform database with 1,000 elements. What algorithm is best?",Graph Algorithms,Prim's Algorithm,"Priority Queue, Adjacency List",Dense connected weighted graph,Must be undirected graph,Designing minimal cost electrical grids or fiber network cabling
PROB_0173,"Find the ideal algorithm to process algorithm pattern using two pointers moving toward each other or in parallel to search for pairs or subarrays matching conditions. for a social network friend graph with 1,000,000 records.",Searching,Two Pointer Search,"Array, String",Contiguous sequential data,Requires monotonic sequence behavior,Finding pairs in sorted array summing to target
PROB_1596,How to optimize unsupervised customer segmentation when data characteristics are Continuous numeric feature data?,Machine Learning / AI,K-Means Clustering,"Centroids Matrix, Cluster Assignment Vector",Continuous numeric feature data,Assumes spherical clusters of similar size,Customer persona segmentation
PROB_1317,"Looking for an algorithm that handles Array of max jump lengths in a high-frequency trading system with 1,000 elements.",Greedy Algorithms,Jump Game (Greedy Reachability),Farthest Reach Integer,Array of max jump lengths,Must evaluate incrementally left to right,Reachability analysis in sequential state transitions
PROB_1255,What is the best way to execute fractional knapsack greedy for a mobile navigation app with maximum efficiency?,Greedy Algorithms,Fractional Knapsack,Array of Items,"Item weights, values, capacity W",Only valid when items can be divided,"Bulk commodity trading (gold dust, oil, grain allocation)"
PROB_1244,"Find the ideal algorithm to process greedy choice algorithm selecting maximum number of mutually compatible activities sorted by finish time. for a social network friend graph with 1,000,000 records.",Greedy Algorithms,Activity Selection Problem,Array of Intervals,Set of overlapping interval pairs,Requires initial sorting by finish time,Meeting room scheduling
PROB_1283,How can I implement job sequencing with deadlines to handle greedy strategy scheduling jobs with deadlines and profits to maximize total profit on a single machine. in an e-commerce platform database?,Greedy Algorithms,Job Sequencing with Deadlines,Time Slot Array / Disjoint Set Union,List of jobs with profit and deadline,Each job takes 1 unit of time,Performance optimization
PROB_0033,"I need to solve a problem involving constant time lookup in an e-commerce platform database with 1,000 elements. What algorithm is best?",Searching,Hash Table / Dictionary Lookup,"Hash Map, Hash Set, Dictionary","Unique keys or items, Unordered data","Consumes extra memory for hash storage, Potential hash collisions",Repeated fast lookups
PROB_0442,Require a reliable approach for gradient boosting classifier using Sequence of Trees data structures.,Classification,Gradient Boosting Classifier,Sequence of Trees,Tabular data requiring high predictive accuracy,"Requires tuning hyper-parameters (learning rate, depth)",Competitive machine learning benchmarks
PROB_1094,"Looking for an algorithm that handles List of coin values and integer target amount in a high-frequency trading system with 1,000 elements.",Dynamic Programming,Coin Change,1D DP Array,List of coin values and integer target amount,Unbounded coin supply assumption,Vending machine currency exchange
PROB_0446,"Designing a solution for sequential error correction with Requires tuning hyper-parameters (learning rate, depth) with 10,000 entries.",Classification,Gradient Boosting Classifier,Sequence of Trees,Tabular data requiring high predictive accuracy,"Requires tuning hyper-parameters (learning rate, depth)",Competitive machine learning benchmarks
PROB_1751,What is the best way to execute content based recommender for a mobile navigation app with maximum efficiency?,Machine Learning / AI,Content-Based Recommendation,"Item Feature Vectors, User Profile Vectors",Item metadata and user rating history,Cannot recommend items outside user's historical feature exposure,Movie/article recommendations based on item metadata features
PROB_0762,"I am building a module in a bioinformatics DNA pipeline requiring gps navigation path with 100,000 items.",Graph Algorithms,Dijkstra's Shortest Path Algorithm,"Priority Queue / Min-Heap, Adjacency List",Weighted graph with non-negative weights,Fails if graph contains negative edge weights,GPS map routing
PROB_0434,"I need to solve a problem involving sequential error correction in a high-frequency trading system with 10,000 entries. What algorithm is best?",Classification,Gradient Boosting Classifier,Sequence of Trees,Tabular data requiring high predictive accuracy,"Requires tuning hyper-parameters (learning rate, depth)",Competitive machine learning benchmarks
PROB_1489,"I need to solve a problem involving generate power set in an e-commerce platform database with 1,000 elements. What algorithm is best?",Backtracking,Subsets Generation (Power Set),Recursion Stack,Array of distinct elements,Generates 2^N total subsets,Evaluating all possible item combinations (power set)
PROB_0967,What is the best way to execute level order binary tree for a mobile navigation app with maximum efficiency?,Tree Algorithms,Tree Level Order Traversal (BFS Tree),"Queue, Binary Tree",Tree hierarchical levels,Memory proportional to maximum tree width,Printing tree by levels
PROB_1310,Which algorithm effectively performs greedy choice technique picking maximum number of non-overlapping intervals. on a Array of Intervals for a game engine physics solver?,Greedy Algorithms,Interval Scheduling,Array of Intervals,Array of numeric 2D intervals,Greedy finish time sorting strictly required,Conference talk scheduling
PROB_0039,How can I implement hash table / dictionary lookup to handle data structure technique that stores key-value pairs using a hash function for near-constant time lookups and insertions. in an e-commerce platform database?,Searching,Hash Table / Dictionary Lookup,"Hash Map, Hash Set, Dictionary","Unique keys or items, Unordered data","Consumes extra memory for hash storage, Potential hash collisions",Performance optimization
PROB_1316,Need an efficient algorithm that satisfies Must evaluate incrementally left to right operating on a Farthest Reach Integer.,Greedy Algorithms,Jump Game (Greedy Reachability),Farthest Reach Integer,Array of max jump lengths,Must evaluate incrementally left to right,Reachability analysis in sequential state transitions
PROB_1546,"Require a reliable approach for hamiltonian path / cycle using Visited Array, Path Array data structures.",Backtracking,Hamiltonian Path / Cycle,"Visited Array, Path Array",Directed or undirected graph,NP-complete problem,Route planning requiring visiting all locations exactly once
PROB_0082,"I need to solve a problem involving infinite stream search in a high-frequency trading system with 10,000 entries. What algorithm is best?",Searching,Exponential Search,"Array, Sorted Stream",Sorted array or unbounded stream,Requires random access by index,Searching in unbounded / infinite sorted arrays
PROB_0730,"Require a reliable approach for breadth-first search (bfs graph) using Queue, Adjacency List, Visited Set data structures.",Graph Algorithms,Breadth-First Search (BFS Graph),"Queue, Adjacency List, Visited Set",Unweighted graph or tree,O(V) memory for queue,Shortest path in unweighted networks
PROB_1503,Which algorithm effectively performs generates all possible subsets (power set) of a given collection of elements. on a Recursion Stack for a game engine physics solver?,Backtracking,Subsets Generation (Power Set),Recursion Stack,Array of distinct elements,Generates 2^N total subsets,Evaluating all possible item combinations (power set)
PROB_0964,How can I implement tree level order traversal (bfs tree) to handle breadth-first traversal visiting binary tree nodes level by level from top to bottom. in an e-commerce platform database?,Tree Algorithms,Tree Level Order Traversal (BFS Tree),"Queue, Binary Tree",Tree hierarchical levels,Memory proportional to maximum tree width,Performance optimization
PROB_0361,"I am building a module in a bioinformatics DNA pipeline requiring stable hybrid sort with 100,000 items.",Sorting,TimSort,Array,Real world data with existing run segments,Auxiliary space O(n),General purpose default sorting for real-world heterogeneous datasets
PROB_0625,"I need to solve a problem involving interpretable continuous rule tree in an e-commerce platform database with 1,000 elements. What algorithm is best?",Regression,Decision Tree Regressor,Decision Tree,Tabular features with step-like non-linear target patterns,Cannot extrapolate beyond training target range,Non-linear tabular regression with step boundaries
PROB_0252,How to optimize guaranteed O(n log n) sort when data characteristics are General large datasets?,Sorting,Merge Sort,"Array, Linked List",General large datasets,Auxiliary space O(n),Guaranteed O(n log n) sorting
PROB_1209,"I am building a module in a bioinformatics DNA pipeline requiring merge stones interval dp with 100,000 items.",Dynamic Programming,Interval Dynamic Programming,2D Interval DP Table,Sequential array requiring range merges,O(N^3) time complexity,"Game theory range merging (e.g. Balloon Bursting, Stone Merging)"
PROB_0120,Need a strategy for divide-and-conquer search algorithm that divides the array into three equal parts to find a target value or unimodal function peak. under strict time complexity bounds.,Searching,Ternary Search,"Array, Monotonic / Unimodal Function",Continuous or discrete unimodal values,More comparisons per step than binary search,Finding maximum or minimum of a unimodal function
PROB_1672,"Need a strategy for feedforward artificial neural network consisting of input, hidden, and output layers with non-linear activation functions. under strict time complexity bounds.",Machine Learning / AI,Multilayer Perceptron (MLP Deep Learning),"Weight Matrices, Bias Vectors",Tabular or dense numeric vector features,Black-box model requiring careful hyperparameter tuning,Complex non-linear classification/regression
PROB_1587,"I need to solve a problem involving image color quantization for a mobile navigation app with 100,000 items. What algorithm is best?",Machine Learning / AI,K-Means Clustering,"Centroids Matrix, Cluster Assignment Vector",Continuous numeric feature data,Assumes spherical clusters of similar size,Customer persona segmentation
PROB_0913,"I need to solve a problem involving guaranteed balanced BST in an e-commerce platform database with 1,000 elements. What algorithm is best?",Tree Algorithms,AVL Tree,Balanced Binary Tree Nodes,Dynamic ordered keys requiring fast lookups,More rotations during insertions/deletions than Red-Black tree,Lookup-heavy databases requiring strict height balance
PROB_0692,Need an efficient algorithm that satisfies Poor scalability for large n operating on a Support Vectors.,Regression,Support Vector Regressor (SVR),Support Vectors,Small to medium non-linear datasets,Poor scalability for large n,Non-linear regression on small high-dimensional datasets
PROB_1020,"Find the ideal algorithm to process tree data structure for storing intervals or segments, allowing querying range sum/min/max in o(log n). for a social network friend graph with 1,000,000 records.",Tree Algorithms,Segment Tree,Array Segment Tree,Array with frequent point updates and range queries,Requires 4N memory space,Dynamic range minimum/maximum/sum queries with point updates
PROB_1578,How to optimize knights tour chessboard when data characteristics are N x N chessboard?,Backtracking,Knight's Tour Problem,Board Matrix,N x N chessboard,Knight move L-shape restrictions,Chess puzzle algorithms
PROB_0322,"I need to solve a problem involving bucket partition sort in a high-frequency trading system with 10,000 entries. What algorithm is best?",Sorting,Bucket Sort,Array of Lists,"Floating point numbers in range [0, 1)",Worst-case O(n^2) if items cluster into one bucket,Sorting floating point numbers uniformly distributed across a range
PROB_0936,"I am building a module in a bioinformatics DNA pipeline requiring balanced tree insert heavy with 100,000 items.",Tree Algorithms,Red-Black Tree,Red/Black Binary Nodes,Frequent dynamic insertions and deletions,Complex node recoloring/rotation rules,"Underlying implementation for C++ std::map, Java TreeMap"
PROB_1530,"Require a reliable approach for graph coloring problem using Color Assignment Array, Adjacency Matrix data structures.",Backtracking,Graph Coloring Problem,"Color Assignment Array, Adjacency Matrix",Undirected graph and integer M,NP-complete problem,Compiler register allocation
PROB_1621,"Need an efficient algorithm that satisfies High memory space O(n^2) and time complexity O(n^3) operating on a Distance Matrix, Dendrogram Tree.",Machine Learning / AI,Hierarchical Clustering,"Distance Matrix, Dendrogram Tree",Small to medium feature matrix,High memory space O(n^2) and time complexity O(n^3),Gene expression analysis
PROB_0698,How to optimize epsilon margin regression when data characteristics are Small to medium non-linear datasets?,Regression,Support Vector Regressor (SVR),Support Vectors,Small to medium non-linear datasets,Poor scalability for large n,Non-linear regression on small high-dimensional datasets
PROB_0353,"I need to solve a problem involving default language sort in an e-commerce platform database with 1,000 elements. What algorithm is best?",Sorting,TimSort,Array,Real world data with existing run segments,Auxiliary space O(n),General purpose default sorting for real-world heterogeneous datasets
PROB_1406,"Which algorithm effectively performs general greedy strategy for connecting graph nodes with minimal total edge weight. on a Graph, Min Heap / Union Find for a game engine physics solver?",Greedy Algorithms,Minimum Spanning Tree Strategy,"Graph, Min Heap / Union Find",Connected graph,No cycles in output tree,Infrastructure network design
PROB_1129,"I am building a module in a bioinformatics DNA pipeline requiring patience sorting with 100,000 items.",Dynamic Programming,Longest Increasing Subsequence (LIS),1D Array / Tails Array,Numerical array,"Standard DP O(n^2), Binary Search optimized O(n log n)",Stock price trend analysis
PROB_0503,What is the best way to execute fast probabilistic text classification for a mobile navigation app with maximum efficiency?,Classification,Naive Bayes Classifier,Probability Tables,"Text word counts, categorical or continuous sparse features",Zero frequency problem without smoothing,Spam detection
PROB_1700,How can I implement recurrent neural network (rnn) to handle neural network architecture with recurrent loops allowing sequential state persistence for time series and text. in an e-commerce platform database?,Machine Learning / AI,Recurrent Neural Network (RNN),"Hidden State Tensor, Recurrent Weights",Time series or text sequences,Vanishing/exploding gradient during long sequences,Performance optimization
PROB_0131,"I need to solve a problem involving nearest neighbor in grid for a mobile navigation app with 100,000 items. What algorithm is best?",Searching,BFS Search (Grid / Tree / Graph),"Queue, Grid, Graph",Graph or 2D matrix grid,Requires O(V) memory space for queue,Finding shortest path in unweighted maze/grid
PROB_1108,How can I implement longest common subsequence (lcs) to handle finds the longest subsequence present in two sequence strings in the same relative order. in an e-commerce platform database?,Dynamic Programming,Longest Common Subsequence (LCS),2D DP Grid,Strings or element sequences,Quadratic space/time O(M * N),Performance optimization
PROB_0129,"I need to solve a problem involving level order search in an e-commerce platform database with 1,000 elements. What algorithm is best?",Searching,BFS Search (Grid / Tree / Graph),"Queue, Grid, Graph",Graph or 2D matrix grid,Requires O(V) memory space for queue,Finding shortest path in unweighted maze/grid
PROB_1173,"Looking for an algorithm that handles Rod length N and price array in a high-frequency trading system with 1,000 elements.",Dynamic Programming,Rod Cutting,1D DP Array,Rod length N and price array,O(N^2) dynamic programming table,"Industrial material cutting optimization (steel, wood, fabric)"
PROB_1749,"Need an efficient algorithm that satisfies Cannot recommend items outside user's historical feature exposure operating on a Item Feature Vectors, User Profile Vectors.",Machine Learning / AI,Content-Based Recommendation,"Item Feature Vectors, User Profile Vectors",Item metadata and user rating history,Cannot recommend items outside user's historical feature exposure,Movie/article recommendations based on item metadata features
PROB_1678,"Designing a solution for feedforward multilayer perceptron with Black-box model requiring careful hyperparameter tuning with 10,000 entries.",Machine Learning / AI,Multilayer Perceptron (MLP Deep Learning),"Weight Matrices, Bias Vectors",Tabular or dense numeric vector features,Black-box model requiring careful hyperparameter tuning,Complex non-linear classification/regression
PROB_0145,"I need to solve a problem involving deep search in an e-commerce platform database with 1,000 elements. What algorithm is best?",Searching,DFS Search (Grid / Tree / Graph),"Stack, Recursion, Grid, Graph","Tree, Graph, or 2D Grid",Recursion depth limits,Checking path existence
PROB_0632,"I am building a module in a bioinformatics DNA pipeline requiring non linear regression tree with 100,000 items.",Regression,Decision Tree Regressor,Decision Tree,Tabular features with step-like non-linear target patterns,Cannot extrapolate beyond training target range,Non-linear tabular regression with step boundaries
PROB_0932,Need an efficient algorithm that satisfies Complex node recoloring/rotation rules operating on a Red/Black Binary Nodes.,Tree Algorithms,Red-Black Tree,Red/Black Binary Nodes,Frequent dynamic insertions and deletions,Complex node recoloring/rotation rules,"Underlying implementation for C++ std::map, Java TreeMap"
PROB_0524,"Find the ideal algorithm to process linear classifiers (svm, logistic regression) optimized using stochastic gradient descent. for a social network friend graph with 1,000,000 records.",Classification,SGD Classifier,Weight Vector,"Very large tabular datasets (n > 100,000) or streaming batches",Sensitive to feature scaling and learning rate,Large-scale linear classification
PROB_0011,Need a strategy for efficient search algorithm that finds the position of a target value within a sorted array by repeatedly dividing the search interval in half. under strict time complexity bounds.,Searching,Binary Search,"Array, Sorted List","Sorted numerical or string sequence, Known boundaries","Data structure must support fast indexed access, Requires prior sorting step",Searching in large sorted numerical arrays
PROB_1133,System requires longest increasing subsequence (lis) for stock price trend analysis in a cloud server log analysis system.,Dynamic Programming,Longest Increasing Subsequence (LIS),1D Array / Tails Array,Numerical array,"Standard DP O(n^2), Binary Search optimized O(n log n)",Stock price trend analysis
PROB_0881,"I need to solve a problem involving sparse graph all pairs shortest path in an e-commerce platform database with 1,000 elements. What algorithm is best?",Graph Algorithms,Johnson's Algorithm,"Min-Heap, Adjacency List",Sparse weighted graph with potential negative edge weights,Complex multi-stage re-weighting logic,All-pairs shortest path on sparse graphs with negative edge weights
PROB_0680,"I am building a module in a bioinformatics DNA pipeline requiring high precision regression ensemble with 100,000 items.",Regression,Gradient Boosting Regressor,Sequence of Regression Trees,Structured continuous tabular targets,Requires tuning learning rate and tree depth,High accuracy continuous regression benchmarks
PROB_0452,Need an efficient algorithm that satisfies Sensitive to noisy data and outliers operating on a Sequence of Decision Stumps.,Classification,AdaBoost Classifier,Sequence of Decision Stumps,Tabular datasets,Sensitive to noisy data and outliers,Boosting weak learners for binary classification
PROB_1145,"I am building a module in a bioinformatics DNA pipeline requiring typo correction string similarity with 100,000 items.",Dynamic Programming,Edit Distance (Levenshtein Distance),2D DP Grid,Text strings,O(M * N) space and time,Auto-correct spell checkers
PROB_0953,"I am building a module in a bioinformatics DNA pipeline requiring evaluate expression tree with 100,000 items.",Tree Algorithms,Binary Tree Traversal (Pre/In/Post Order),"Binary Tree, Stack",Hierarchical tree structure,Recursion stack depth,In-order for sorted BST output
PROB_0754,"I need to solve a problem involving minimum distance between cities in a high-frequency trading system with 10,000 entries. What algorithm is best?",Graph Algorithms,Dijkstra's Shortest Path Algorithm,"Priority Queue / Min-Heap, Adjacency List",Weighted graph with non-negative weights,Fails if graph contains negative edge weights,GPS map routing
PROB_0163,"I need to solve a problem involving container with most water for a mobile navigation app with 100,000 items. What algorithm is best?",Searching,Two Pointer Search,"Array, String",Contiguous sequential data,Requires monotonic sequence behavior,Finding pairs in sorted array summing to target
PROB_0775,What is the best way to execute negative edge weight shortest path for a mobile navigation app with maximum efficiency?,Graph Algorithms,Bellman-Ford Algorithm,"Edge List, Distance Array",Weighted graph with potential negative edge weights,Slower O(V*E) time complexity,Financial currency arbitrage detection
PROB_1153,"I need to solve a problem involving optimal matrix parenthesization in an e-commerce platform database with 1,000 elements. What algorithm is best?",Dynamic Programming,Matrix Chain Multiplication,2D DP Table,Sequence of matrix dimensions,Cubic time complexity O(N^3),Optimizing matrix computation chains in linear algebra libraries
PROB_0697,Require a reliable approach for support vector regressor (svr) using Support Vectors data structures.,Regression,Support Vector Regressor (SVR),Support Vectors,Small to medium non-linear datasets,Poor scalability for large n,Non-linear regression on small high-dimensional datasets
PROB_1235,"I need to solve a problem involving maximum non overlapping meetings for a mobile navigation app with 100,000 items. What algorithm is best?",Greedy Algorithms,Activity Selection Problem,Array of Intervals,Set of overlapping interval pairs,Requires initial sorting by finish time,Meeting room scheduling
PROB_1474,"I need to solve a problem involving k element subset selection in a high-frequency trading system with 10,000 entries. What algorithm is best?",Backtracking,Combinations Generation,Recursion Stack,Range 1..n and target length k,"Produces C(n, k) total combinations",Lottery combination generation
PROB_1669,"Need an efficient algorithm that satisfies Black-box model requiring careful hyperparameter tuning operating on a Weight Matrices, Bias Vectors.",Machine Learning / AI,Multilayer Perceptron (MLP Deep Learning),"Weight Matrices, Bias Vectors",Tabular or dense numeric vector features,Black-box model requiring careful hyperparameter tuning,Complex non-linear classification/regression
PROB_0267,How to optimize fast general sort when data characteristics are General unsorted array?,Sorting,Quick Sort,Array,General unsorted array,Worst-case O(n^2) if pivot selection is poor,Fast in-place general purpose sorting
PROB_0314,"Require a reliable approach for radix sort using Array, Buckets data structures.",Sorting,Radix Sort,"Array, Buckets",Integers or fixed-length strings,Requires stable underlying digit sort,Sorting large lists of integers or fixed-length strings in O(nk)
PROB_0474,Require a reliable approach for support vector classifier (svc) using Support Vectors data structures.,Classification,Support Vector Classifier (SVC),Support Vectors,"High dimensional data, small to medium sample size",Scales quadratically O(n^2) with sample size,Text classification
PROB_0653,System requires random forest regressor for general purpose tabular regression benchmark in a cloud server log analysis system.,Regression,Random Forest Regressor,Forest of Regression Trees,Tabular datasets with complex continuous relationships,Cannot extrapolate outside min/max target range,General purpose tabular regression benchmark
PROB_1709,System requires recurrent neural network (rnn) for short sequence prediction in a cloud server log analysis system.,Machine Learning / AI,Recurrent Neural Network (RNN),"Hidden State Tensor, Recurrent Weights",Time series or text sequences,Vanishing/exploding gradient during long sequences,Short sequence prediction
PROB_1584,Looking for optimal solution for knight's tour problem addressing N x N chessboard for a database query optimizer.,Backtracking,Knight's Tour Problem,Board Matrix,N x N chessboard,Knight move L-shape restrictions,Chess puzzle algorithms
PROB_1131,How to optimize longest increasing subsequence lis when data characteristics are Numerical array?,Dynamic Programming,Longest Increasing Subsequence (LIS),1D Array / Tails Array,Numerical array,"Standard DP O(n^2), Binary Search optimized O(n log n)",Stock price trend analysis
PROB_0214,What is the best way to execute minimize memory writes for a mobile navigation app with maximum efficiency?,Sorting,Selection Sort,Array,Small array size,Always O(n^2) comparisons regardless of input,Small datasets where memory writing is expensive
PROB_0646,"Looking for an algorithm that handles Tabular datasets with complex continuous relationships in a high-frequency trading system with 1,000 elements.",Regression,Random Forest Regressor,Forest of Regression Trees,Tabular datasets with complex continuous relationships,Cannot extrapolate outside min/max target range,General purpose tabular regression benchmark
PROB_0846,"Designing a solution for union find mst with Sorting edges requires O(E log E) with 10,000 entries.",Graph Algorithms,Kruskal's Algorithm,"Disjoint Set Union (DSU), Edge List",Sparse connected or disconnected weighted graph,Sorting edges requires O(E log E),Minimum Spanning Tree on sparse graphs
PROB_1109,Need an efficient algorithm that satisfies Quadratic space/time O(M * N) operating on a 2D DP Grid.,Dynamic Programming,Longest Common Subsequence (LCS),2D DP Grid,Strings or element sequences,Quadratic space/time O(M * N),Git diff file comparison
PROB_0102,"Looking for an algorithm that handles Sorted numeric array in a high-frequency trading system with 1,000 elements.",Searching,Fibonacci Search,"Array, Sorted List",Sorted numeric array,Requires generating Fibonacci numbers,Systems where multiplication or division is computationally expensive
PROB_1625,"I am building a module in a bioinformatics DNA pipeline requiring nested cluster taxonomy with 100,000 items.",Machine Learning / AI,Hierarchical Clustering,"Distance Matrix, Dendrogram Tree",Small to medium feature matrix,High memory space O(n^2) and time complexity O(n^3),Gene expression analysis
PROB_1198,"Designing a solution for unique paths grid obstacles with Restricted movement direction with 10,000 entries.",Dynamic Programming,Grid Path Dynamic Programming,2D Grid / 1D Row DP,2D Matrix with path costs or obstacles,Restricted movement direction,Robot navigation grid movement
PROB_0872,"Need a strategy for data structure tracking a partition of a set into disjoint subsets, supporting union and find with path compression. under strict time complexity bounds.",Graph Algorithms,Union-Find (Disjoint Set Union),"Parent Array, Rank / Size Array",Dynamic edge additions,Does not easily support edge deletions,Cycle detection in undirected graphs
PROB_1547,How to optimize visit every node once hamiltonian when data characteristics are Directed or undirected graph?,Backtracking,Hamiltonian Path / Cycle,"Visited Array, Path Array",Directed or undirected graph,NP-complete problem,Route planning requiring visiting all locations exactly once
PROB_0424,"I am building a module in a bioinformatics DNA pipeline requiring fast ensemble classification with 100,000 items.",Classification,Extra Trees Classifier,Forest of Decision Trees,Tabular features with noise,Can create larger trees than Random Forest,Fast ensemble training on noisy tabular data
PROB_1554,"I need to solve a problem involving grid word boggle solver in a high-frequency trading system with 10,000 entries. What algorithm is best?",Backtracking,Word Search Grid,"2D Grid, Visited Coordinate Set",2D char array and string query,Cell reuse within same word path forbidden,Boggle word puzzle games
PROB_1305,Require a reliable approach for interval scheduling using Array of Intervals data structures.,Greedy Algorithms,Interval Scheduling,Array of Intervals,Array of numeric 2D intervals,Greedy finish time sorting strictly required,Conference talk scheduling
PROB_0413,System requires random forest classifier for general tabular classification benchmark in a cloud server log analysis system.,Classification,Random Forest Classifier,Forest of Decision Trees,Tabular datasets with complex interactions,Slower inference than single tree,General tabular classification benchmark
PROB_0418,"I need to solve a problem involving fast ensemble classification in a high-frequency trading system with 10,000 entries. What algorithm is best?",Classification,Extra Trees Classifier,Forest of Decision Trees,Tabular features with noise,Can create larger trees than Random Forest,Fast ensemble training on noisy tabular data
PROB_0621,System requires polynomial regression for fitting non-linear curves for small feature sets in a cloud server log analysis system.,Regression,Polynomial Regression,Polynomial Feature Matrix,Non-linear continuous relationships,Feature space grows exponentially with polynomial degree,Fitting non-linear curves for small feature sets
PROB_0009,"Looking for an algorithm that handles Sorted numerical or string sequence, Known boundaries in a high-frequency trading system with 1,000 elements.",Searching,Binary Search,"Array, Sorted List","Sorted numerical or string sequence, Known boundaries","Data structure must support fast indexed access, Requires prior sorting step",Searching in large sorted numerical arrays
PROB_0114,"I need to solve a problem involving three way split search in a high-frequency trading system with 10,000 entries. What algorithm is best?",Searching,Ternary Search,"Array, Monotonic / Unimodal Function",Continuous or discrete unimodal values,More comparisons per step than binary search,Finding maximum or minimum of a unimodal function
PROB_1534,"Designing a solution for map coloring adjacent region with NP-complete problem with 10,000 entries.",Backtracking,Graph Coloring Problem,"Color Assignment Array, Adjacency Matrix",Undirected graph and integer M,NP-complete problem,Compiler register allocation
PROB_0387,"I need to solve a problem involving categorical feature classification for a mobile navigation app with 100,000 items. What algorithm is best?",Classification,Decision Tree Classifier,Binary / Multi-way Tree,Tabular data with mixed categorical/numerical features,Prone to overfitting if unconstrained,Rule-based business decisions
PROB_1471,"Which algorithm effectively performs generates all possible ordered arrangements (permutations) of a set of elements using backtracking. on a Recursion Stack, Visited Boolean Array for a game engine physics solver?",Backtracking,Permutations Generation,"Recursion Stack, Visited Boolean Array",Sequence of N items,Generates N! total outputs,Brute-force testing all ordering permutations for small N
PROB_0077,System requires interpolation search for searching in large uniformly distributed numerical sorted data in a cloud server log analysis system.,Searching,Interpolation Search,"Array, Sorted List",Sorted numbers with uniform intervals,Performance degrades to O(n) if data is non-uniform,Searching in large uniformly distributed numerical sorted data
PROB_1208,"Need a strategy for dp technique solving problems by breaking down optimal solutions over sub-intervals [i, j]. under strict time complexity bounds.",Dynamic Programming,Interval Dynamic Programming,2D Interval DP Table,Sequential array requiring range merges,O(N^3) time complexity,"Game theory range merging (e.g. Balloon Bursting, Stone Merging)"
PROB_1743,"Which algorithm effectively performs deep learning architecture based entirely on self-attention mechanisms, powering modern large language models (llms). on a Multi-Head Attention Matrices, Position Embeddings for a game engine physics solver?",Machine Learning / AI,Transformer Network,"Multi-Head Attention Matrices, Position Embeddings","Text tokens, sequences, multi-modal data",Quadratic O(L^2) attention memory cost without sparse attention,Large Language Models (LLMs)
PROB_1083,"How to optimize unbounded knapsack unlimited items when data characteristics are Weights, values, capacity W?",Dynamic Programming,Unbounded Knapsack,1D DP Array,"Weights, values, capacity W",Pseudo-polynomial complexity,Stock cutter problem
PROB_0544,Need to implement a robust method for extreme gradient boosting in a digital signal processing pipeline on a massive 10^6 dataset.,Classification,XGBoost Classifier,"DMatrix, Gradient Trees",Structured tabular datasets,High hyper-parameter tuning requirements,Tabular classification competitions
PROB_0728,Need a strategy for graph traversal algorithm that explores neighbor nodes level by level starting from source node. under strict time complexity bounds.,Graph Algorithms,Breadth-First Search (BFS Graph),"Queue, Adjacency List, Visited Set",Unweighted graph or tree,O(V) memory for queue,Shortest path in unweighted networks
PROB_0505,"I am building a module in a bioinformatics DNA pipeline requiring document classification with 100,000 items.",Classification,Naive Bayes Classifier,Probability Tables,"Text word counts, categorical or continuous sparse features",Zero frequency problem without smoothing,Spam detection
PROB_0078,"Designing a solution for phonebook style search with Performance degrades to O(n) if data is non-uniform with 10,000 entries.",Searching,Interpolation Search,"Array, Sorted List",Sorted numbers with uniform intervals,Performance degrades to O(n) if data is non-uniform,Searching in large uniformly distributed numerical sorted data
PROB_1582,Which algorithm effectively performs backtracking search finding sequence of moves for a chess knight to visit every square on an n x n board exactly once. on a Board Matrix for a game engine physics solver?,Backtracking,Knight's Tour Problem,Board Matrix,N x N chessboard,Knight move L-shape restrictions,Chess puzzle algorithms
PROB_0086,"Looking for an algorithm that handles Sorted array or unbounded stream in a high-frequency trading system with 1,000 elements.",Searching,Exponential Search,"Array, Sorted Stream",Sorted array or unbounded stream,Requires random access by index,Searching in unbounded / infinite sorted arrays
PROB_1714,"I need to solve a problem involving time series stock forecasting lstm in a high-frequency trading system with 10,000 entries. What algorithm is best?",Machine Learning / AI,Long Short-Term Memory (LSTM),"Cell State, Gate Tensors (Forget, Input, Output)",Sequential time series data or long text passages,Sequential processing limits parallel GPU scaling,Financial time series forecasting
PROB_1349,"Looking for an algorithm that handles Edge list with weights in a high-frequency trading system with 1,000 elements.",Greedy Algorithms,Kruskal's MST (Greedy),"Union-Find, Sorted Edge List",Edge list with weights,Sorting step requires O(E log E),Greedy spanning tree connection
PROB_0896,Looking for optimal solution for johnson's algorithm addressing Sparse weighted graph with potential negative edge weights for a database query optimizer.,Graph Algorithms,Johnson's Algorithm,"Min-Heap, Adjacency List",Sparse weighted graph with potential negative edge weights,Complex multi-stage re-weighting logic,All-pairs shortest path on sparse graphs with negative edge weights
PROB_0603,"Find the ideal algorithm to process linear regression combining l1 and l2 regularizations to balance feature selection and coefficient stability. for a social network friend graph with 1,000,000 records.",Regression,Elastic Net Regression,Coefficient Vector,High-dimensional tabular data with correlated feature groups,"Requires tuning two parameters (alpha, l1_ratio)",Continuous target prediction with group-correlated high-dimensional features
PROB_0940,"System requires red-black tree for underlying implementation for c++ std::map, java treemap in a cloud server log analysis system.",Tree Algorithms,Red-Black Tree,Red/Black Binary Nodes,Frequent dynamic insertions and deletions,Complex node recoloring/rotation rules,"Underlying implementation for C++ std::map, Java TreeMap"
PROB_0402,"I need to solve a problem involving feature importance ranking in a high-frequency trading system with 10,000 entries. What algorithm is best?",Classification,Random Forest Classifier,Forest of Decision Trees,Tabular datasets with complex interactions,Slower inference than single tree,General tabular classification benchmark
PROB_1071,"Designing a solution for subset sum target capacity with Pseudo-polynomial time O(N * W) with 10,000 entries.",Dynamic Programming,0/1 Knapsack,2D DP Array / 1D DP Array,"Item weights, values, and max capacity W",Pseudo-polynomial time O(N * W),Resource allocation under strict budget constraints
PROB_0136,Need a strategy for explores nodes level by level using a queue to find target element or shortest unweighted path. under strict time complexity bounds.,Searching,BFS Search (Grid / Tree / Graph),"Queue, Grid, Graph",Graph or 2D matrix grid,Requires O(V) memory space for queue,Finding shortest path in unweighted maze/grid
PROB_0099,"I need to solve a problem involving sorted array search without division for a mobile navigation app with 100,000 items. What algorithm is best?",Searching,Fibonacci Search,"Array, Sorted List",Sorted numeric array,Requires generating Fibonacci numbers,Systems where multiplication or division is computationally expensive
PROB_1257,"I am building a module in a bioinformatics DNA pipeline requiring divisible item selection with 100,000 items.",Greedy Algorithms,Fractional Knapsack,Array of Items,"Item weights, values, capacity W",Only valid when items can be divided,"Bulk commodity trading (gold dust, oil, grain allocation)"
PROB_1788,"System requires hybrid recommendation system for production recommendation platforms (netflix, amazon, spotify) in a cloud server log analysis system.",Machine Learning / AI,Hybrid Recommendation System,Ensemble Scoring Engine,User interaction logs and item feature metadata,System design and tuning complexity,"Production recommendation platforms (Netflix, Amazon, Spotify)"
PROB_0449,"I need to solve a problem involving adaptive boosting in an e-commerce platform database with 1,000 elements. What algorithm is best?",Classification,AdaBoost Classifier,Sequence of Decision Stumps,Tabular datasets,Sensitive to noisy data and outliers,Boosting weak learners for binary classification
PROB_0328,"I am building a module in a bioinformatics DNA pipeline requiring bucket partition sort with 100,000 items.",Sorting,Bucket Sort,Array of Lists,"Floating point numbers in range [0, 1)",Worst-case O(n^2) if items cluster into one bucket,Sorting floating point numbers uniformly distributed across a range
PROB_1790,Which algorithm effectively performs recommender system combining collaborative filtering and content-based approaches to maximize accuracy and coverage. on a Ensemble Scoring Engine for a game engine physics solver?,Machine Learning / AI,Hybrid Recommendation System,Ensemble Scoring Engine,User interaction logs and item feature metadata,System design and tuning complexity,"Production recommendation platforms (Netflix, Amazon, Spotify)"
PROB_1240,Need a strategy for greedy choice algorithm selecting maximum number of mutually compatible activities sorted by finish time. under strict time complexity bounds.,Greedy Algorithms,Activity Selection Problem,Array of Intervals,Set of overlapping interval pairs,Requires initial sorting by finish time,Meeting room scheduling
PROB_1116,"Find the ideal algorithm to process finds the longest subsequence present in two sequence strings in the same relative order. for a social network friend graph with 1,000,000 records.",Dynamic Programming,Longest Common Subsequence (LCS),2D DP Grid,Strings or element sequences,Quadratic space/time O(M * N),Git diff file comparison
PROB_0390,"Looking for an algorithm that handles Tabular data with mixed categorical/numerical features in a high-frequency trading system with 1,000 elements.",Classification,Decision Tree Classifier,Binary / Multi-way Tree,Tabular data with mixed categorical/numerical features,Prone to overfitting if unconstrained,Rule-based business decisions
PROB_0344,"I am building a module in a bioinformatics DNA pipeline requiring diminishing increment sort with 100,000 items.",Sorting,Shell Sort,Array,Medium size arrays,Complexity depends heavily on gap sequence selection,Embedded systems where code size must be minimal and memory limited
PROB_0119,What is the best way to execute unimodal function maximum/minimum for a mobile navigation app with maximum efficiency?,Searching,Ternary Search,"Array, Monotonic / Unimodal Function",Continuous or discrete unimodal values,More comparisons per step than binary search,Finding maximum or minimum of a unimodal function
PROB_0340,Need an efficient algorithm that satisfies Complexity depends heavily on gap sequence selection operating on a Array.,Sorting,Shell Sort,Array,Medium size arrays,Complexity depends heavily on gap sequence selection,Embedded systems where code size must be minimal and memory limited
PROB_0287,"Which algorithm effectively performs comparison-based sorting technique based on binary heap data structure, finding maximum and placing it at the end. on a Binary Heap, Array for a game engine physics solver?",Sorting,Heap Sort,"Binary Heap, Array",General numerical or comparable arrays,Poor cache locality due to heap jumps,Systems requiring guaranteed O(n log n) with O(1) auxiliary space
PROB_0364,"Find the ideal algorithm to process hybrid stable sorting algorithm derived from merge sort and insertion sort, standard default sort in python and java. for a social network friend graph with 1,000,000 records.",Sorting,TimSort,Array,Real world data with existing run segments,Auxiliary space O(n),General purpose default sorting for real-world heterogeneous datasets
PROB_1150,"Designing a solution for levenshtein distance string similarity with O(M * N) space and time with 10,000 entries.",Dynamic Programming,Edit Distance (Levenshtein Distance),2D DP Grid,Text strings,O(M * N) space and time,Auto-correct spell checkers
PROB_0870,"Looking for an algorithm that handles Dynamic edge additions in a high-frequency trading system with 1,000 elements.",Graph Algorithms,Union-Find (Disjoint Set Union),"Parent Array, Rank / Size Array",Dynamic edge additions,Does not easily support edge deletions,Cycle detection in undirected graphs
PROB_0277,"Need an efficient algorithm that satisfies Poor cache locality due to heap jumps operating on a Binary Heap, Array.",Sorting,Heap Sort,"Binary Heap, Array",General numerical or comparable arrays,Poor cache locality due to heap jumps,Systems requiring guaranteed O(n log n) with O(1) auxiliary space
PROB_0957,System requires binary tree traversal (pre/in/post order) for in-order for sorted bst output in a cloud server log analysis system.,Tree Algorithms,Binary Tree Traversal (Pre/In/Post Order),"Binary Tree, Stack",Hierarchical tree structure,Recursion stack depth,In-order for sorted BST output
PROB_0988,How to optimize autocomplete string prefix when data characteristics are Set of text strings or words?,Tree Algorithms,Trie (Prefix Tree),"Trie Node, Character Map",Set of text strings or words,Memory intensive for large alphabets,Search engine autocomplete suggestions
PROB_0566,"Looking for an algorithm that handles Tabular regression with correlated features in a high-frequency trading system with 1,000 elements.",Regression,Ridge Regression,Coefficient Vector,Tabular regression with correlated features,"Does not perform feature selection (coefficients shrink near zero, not zero)",Continuous regression with correlated predictors
PROB_0369,"I need to solve a problem involving binary classification baseline in an e-commerce platform database with 1,000 elements. What algorithm is best?",Classification,Logistic Regression,"Feature Matrix, Target Vector",Linearly separable tabular data,Assumes linear independence of log-odds,Binary classification baseline
PROB_1155,"I need to solve a problem involving interval dp matrix chain for a mobile navigation app with 100,000 items. What algorithm is best?",Dynamic Programming,Matrix Chain Multiplication,2D DP Table,Sequence of matrix dimensions,Cubic time complexity O(N^3),Optimizing matrix computation chains in linear algebra libraries
PROB_1363,How can I implement prim's mst (greedy) to handle greedy node expansion picking closest vertex outside current mst tree. in an e-commerce platform database?,Greedy Algorithms,Prim's MST (Greedy),Min-Heap,Adjacency weighted list,Undirected graph,Performance optimization
PROB_0675,How can I implement gradient boosting regressor to handle sequential boosting model minimizing continuous loss function using decision trees. in an e-commerce platform database?,Regression,Gradient Boosting Regressor,Sequence of Regression Trees,Structured continuous tabular targets,Requires tuning learning rate and tree depth,Performance optimization
PROB_1479,Need a strategy for backtracking algorithm generating all combinations of k items selected from n distinct numbers. under strict time complexity bounds.,Backtracking,Combinations Generation,Recursion Stack,Range 1..n and target length k,"Produces C(n, k) total combinations",Lottery combination generation
PROB_0143,"Which algorithm effectively performs explores nodes level by level using a queue to find target element or shortest unweighted path. on a Queue, Grid, Graph for a game engine physics solver?",Searching,BFS Search (Grid / Tree / Graph),"Queue, Grid, Graph",Graph or 2D matrix grid,Requires O(V) memory space for queue,Finding shortest path in unweighted maze/grid
PROB_0809,"I am building a module in a bioinformatics DNA pipeline requiring maze solver with heuristic with 100,000 items.",Graph Algorithms,A* Search Algorithm,"Priority Queue, Heuristic Function",Grid map or spatial graph with coordinate data,Quality depends heavily on heuristic function,Video game NPC pathfinding
PROB_0907,How to optimize ordered key insertion lookup when data characteristics are Dynamic stream of comparable elements?,Tree Algorithms,Binary Search Tree (BST),Binary Tree Nodes,Dynamic stream of comparable elements,Can degenerate to O(n) linked list if unbalanced,Dynamic set tracking with dynamic insertion/deletion
PROB_1448,Need a strategy for backtracking search finding paths for a rat moving from top-left to bottom-right in a maze with blockages. under strict time complexity bounds.,Backtracking,Rat in a Maze,"Recursion Stack, Visited Matrix",N x N matrix with open and blocked cells,Avoid infinite loops by tracking visited cells,Finding all valid paths through a maze with obstacles
PROB_1357,"Designing a solution for greedy minimum edge spanning with Sorting step requires O(E log E) with 10,000 entries.",Greedy Algorithms,Kruskal's MST (Greedy),"Union-Find, Sorted Edge List",Edge list with weights,Sorting step requires O(E log E),Greedy spanning tree connection
PROB_0383,System requires logistic regression for binary classification baseline in a cloud server log analysis system.,Classification,Logistic Regression,"Feature Matrix, Target Vector",Linearly separable tabular data,Assumes linear independence of log-odds,Binary classification baseline
PROB_0453,"Looking for an algorithm that handles Tabular datasets in a high-frequency trading system with 1,000 elements.",Classification,AdaBoost Classifier,Sequence of Decision Stumps,Tabular datasets,Sensitive to noisy data and outliers,Boosting weak learners for binary classification
PROB_0386,"I need to solve a problem involving non linear decision boundary in a high-frequency trading system with 10,000 entries. What algorithm is best?",Classification,Decision Tree Classifier,Binary / Multi-way Tree,Tabular data with mixed categorical/numerical features,Prone to overfitting if unconstrained,Rule-based business decisions
PROB_0475,"How to optimize maximum margin classifier when data characteristics are High dimensional data, small to medium sample size?",Classification,Support Vector Classifier (SVC),Support Vectors,"High dimensional data, small to medium sample size",Scales quadratically O(n^2) with sample size,Text classification
PROB_1486,Which algorithm effectively performs backtracking algorithm generating all combinations of k items selected from n distinct numbers. on a Recursion Stack for a game engine physics solver?,Backtracking,Combinations Generation,Recursion Stack,Range 1..n and target length k,"Produces C(n, k) total combinations",Lottery combination generation
PROB_0017,"I need to solve a problem involving unsorted list search in an e-commerce platform database with 1,000 elements. What algorithm is best?",Searching,Linear Search,"Array, Linked List, Iterable","Unsorted or arbitrary order, Small to medium size",Inefficient for large arrays,Small collections
PROB_1629,System requires hierarchical clustering for gene expression analysis in a cloud server log analysis system.,Machine Learning / AI,Hierarchical Clustering,"Distance Matrix, Dendrogram Tree",Small to medium feature matrix,High memory space O(n^2) and time complexity O(n^3),Gene expression analysis
PROB_0006,I need to solve a problem involving sorted data existence check in a cloud server log analysis system for small real-time input batches. What algorithm is best?,Searching,Binary Search,"Array, Sorted List","Sorted numerical or string sequence, Known boundaries","Data structure must support fast indexed access, Requires prior sorting step",Searching in large sorted numerical arrays
PROB_1452,"Find the ideal algorithm to process backtracking search finding paths for a rat moving from top-left to bottom-right in a maze with blockages. for a social network friend graph with 1,000,000 records.",Backtracking,Rat in a Maze,"Recursion Stack, Visited Matrix",N x N matrix with open and blocked cells,Avoid infinite loops by tracking visited cells,Finding all valid paths through a maze with obstacles
PROB_1511,Need a strategy for finds all unique combinations of candidate numbers where candidate numbers sum to target. under strict time complexity bounds.,Backtracking,Combination Sum,Recursion Stack,Candidate array and target integer,Duplicate combinations must be pruned,Finding exact coin/token combinations summing to target value
PROB_1266,"I need to solve a problem involving frequency tree prefix coding in a high-frequency trading system with 10,000 entries. What algorithm is best?",Greedy Algorithms,Huffman Coding,"Min-Heap, Binary Tree Nodes",Text stream or character frequency table,Requires two-pass encoding or frequency transmission,ZIP file compression
PROB_0502,"Looking for an algorithm that handles Text word counts, categorical or continuous sparse features in a high-frequency trading system with 1,000 elements.",Classification,Naive Bayes Classifier,Probability Tables,"Text word counts, categorical or continuous sparse features",Zero frequency problem without smoothing,Spam detection
PROB_0261,Need an efficient algorithm that satisfies Worst-case O(n^2) if pivot selection is poor operating on a Array.,Sorting,Quick Sort,Array,General unsorted array,Worst-case O(n^2) if pivot selection is poor,Fast in-place general purpose sorting
PROB_1433,"Require a reliable approach for sudoku solver using 2D Grid, Row/Col/Box Hash Sets data structures.",Backtracking,Sudoku Solver,"2D Grid, Row/Col/Box Hash Sets",9x9 grid matrix with empty slots,Combinatorial worst case,Solving Sudoku puzzles automatically
PROB_1045,"Need an efficient algorithm that satisfies Binary lifting requires O(N log N) preprocessing operating on a Tree, Binary Lifting Table.",Tree Algorithms,Lowest Common Ancestor (LCA),"Tree, Binary Lifting Table",Rooted tree with node pairs,Binary lifting requires O(N log N) preprocessing,Genealogy trees
PROB_0085,"Need an efficient algorithm that satisfies Requires random access by index operating on a Array, Sorted Stream.",Searching,Exponential Search,"Array, Sorted Stream",Sorted array or unbounded stream,Requires random access by index,Searching in unbounded / infinite sorted arrays
PROB_0375,"Need an efficient algorithm that satisfies Assumes linear independence of log-odds operating on a Feature Matrix, Target Vector.",Classification,Logistic Regression,"Feature Matrix, Target Vector",Linearly separable tabular data,Assumes linear independence of log-odds,Binary classification baseline
PROB_1028,How can I implement fenwick tree (binary indexed tree) to handle data structure providing efficient o(log n) methods for prefix sums and point updates on arrays. in an e-commerce platform database?,Tree Algorithms,Fenwick Tree (Binary Indexed Tree),Array (1-indexed),1D numerical array with point updates,Difficult for arbitrary non-invertible range operations,Performance optimization
PROB_0260,How can I implement quick sort to handle in-place divide-and-conquer sort selecting a pivot element and partitioning array into smaller and larger sub-arrays. in an e-commerce platform database?,Sorting,Quick Sort,Array,General unsorted array,Worst-case O(n^2) if pivot selection is poor,Performance optimization
PROB_0601,Require a reliable approach for elastic net regression using Coefficient Vector data structures.,Regression,Elastic Net Regression,Coefficient Vector,High-dimensional tabular data with correlated feature groups,"Requires tuning two parameters (alpha, l1_ratio)",Continuous target prediction with group-correlated high-dimensional features
PROB_0430,Which algorithm effectively performs extremely randomized trees classifier that randomizes tree splits further to reduce variance. on a Forest of Decision Trees for a game engine physics solver?,Classification,Extra Trees Classifier,Forest of Decision Trees,Tabular features with noise,Can create larger trees than Random Forest,Fast ensemble training on noisy tabular data
PROB_0477,System requires support vector classifier (svc) for text classification in a cloud server log analysis system.,Classification,Support Vector Classifier (SVC),Support Vectors,"High dimensional data, small to medium sample size",Scales quadratically O(n^2) with sample size,Text classification
PROB_1585,"I need to solve a problem involving unsupervised customer segmentation in an e-commerce platform database with 1,000 elements. What algorithm is best?",Machine Learning / AI,K-Means Clustering,"Centroids Matrix, Cluster Assignment Vector",Continuous numeric feature data,Assumes spherical clusters of similar size,Customer persona segmentation
PROB_0035,"I need to solve a problem involving find duplicates for a mobile navigation app with 100,000 items. What algorithm is best?",Searching,Hash Table / Dictionary Lookup,"Hash Map, Hash Set, Dictionary","Unique keys or items, Unordered data","Consumes extra memory for hash storage, Potential hash collisions",Repeated fast lookups
PROB_1436,System requires sudoku solver for solving sudoku puzzles automatically in a cloud server log analysis system.,Backtracking,Sudoku Solver,"2D Grid, Row/Col/Box Hash Sets",9x9 grid matrix with empty slots,Combinatorial worst case,Solving Sudoku puzzles automatically
PROB_1664,Need to implement a robust method for text classification naive bayes in a digital signal processing pipeline on a massive 10^6 dataset.,Machine Learning / AI,Naive Bayes (ML / AI),Probability Map,Text feature vectors (TF-IDF/Word Counts),Independence assumption,Spam filtering
PROB_0931,How can I implement red-black tree to handle self-balancing binary search tree using node color attributes to ensure log(n) height balance. in an e-commerce platform database?,Tree Algorithms,Red-Black Tree,Red/Black Binary Nodes,Frequent dynamic insertions and deletions,Complex node recoloring/rotation rules,Performance optimization
PROB_0561,"I need to solve a problem involving l2 regularization regression in an e-commerce platform database with 1,000 elements. What algorithm is best?",Regression,Ridge Regression,Coefficient Vector,Tabular regression with correlated features,"Does not perform feature selection (coefficients shrink near zero, not zero)",Continuous regression with correlated predictors
PROB_0945,"I need to solve a problem involving tree traversal pre order in order post order in an e-commerce platform database with 1,000 elements. What algorithm is best?",Tree Algorithms,Binary Tree Traversal (Pre/In/Post Order),"Binary Tree, Stack",Hierarchical tree structure,Recursion stack depth,In-order for sorted BST output
PROB_0712,"I am building a module in a bioinformatics DNA pipeline requiring competition winning regressor with 100,000 items.",Regression,XGBoost Regressor,"DMatrix, Gradient Trees",Structured tabular data with continuous target,Requires tuning hyper-parameters,State-of-the-art tabular continuous regression
PROB_1513,Require a reliable approach for combination sum using Recursion Stack data structures.,Backtracking,Combination Sum,Recursion Stack,Candidate array and target integer,Duplicate combinations must be pruned,Finding exact coin/token combinations summing to target value
PROB_1203,"I need to solve a problem involving merge stones interval dp for a mobile navigation app with 100,000 items. What algorithm is best?",Dynamic Programming,Interval Dynamic Programming,2D Interval DP Table,Sequential array requiring range merges,O(N^3) time complexity,"Game theory range merging (e.g. Balloon Bursting, Stone Merging)"
PROB_0300,"Find the ideal algorithm to process non-comparison integer sorting algorithm operating by counting number of objects having distinct key values. for a social network friend graph with 1,000,000 records.",Sorting,Counting Sort,"Array, Frequency Counter",Integer values with known max range,Space consuming if range K is much larger than N,Sorting discrete integers when range K is O(N)
PROB_0755,"I need to solve a problem involving network routing shortest distance for a mobile navigation app with 100,000 items. What algorithm is best?",Graph Algorithms,Dijkstra's Shortest Path Algorithm,"Priority Queue / Min-Heap, Adjacency List",Weighted graph with non-negative weights,Fails if graph contains negative edge weights,GPS map routing
PROB_0830,"Designing a solution for connect all nodes with minimum cost with Must be undirected graph with 10,000 entries.",Graph Algorithms,Prim's Algorithm,"Priority Queue, Adjacency List",Dense connected weighted graph,Must be undirected graph,Designing minimal cost electrical grids or fiber network cabling
PROB_0705,"I need to solve a problem involving xgboost continuous forecasting in an e-commerce platform database with 1,000 elements. What algorithm is best?",Regression,XGBoost Regressor,"DMatrix, Gradient Trees",Structured tabular data with continuous target,Requires tuning hyper-parameters,State-of-the-art tabular continuous regression
PROB_0916,How can I implement avl tree to handle self-balancing binary search tree where height difference between left and right subtrees is at most one. in an e-commerce platform database?,Tree Algorithms,AVL Tree,Balanced Binary Tree Nodes,Dynamic ordered keys requiring fast lookups,More rotations during insertions/deletions than Red-Black tree,Performance optimization
PROB_0427,"Find the ideal algorithm to process extremely randomized trees classifier that randomizes tree splits further to reduce variance. for a social network friend graph with 1,000,000 records.",Classification,Extra Trees Classifier,Forest of Decision Trees,Tabular features with noise,Can create larger trees than Random Forest,Fast ensemble training on noisy tabular data
PROB_0806,"Looking for an algorithm that handles Grid map or spatial graph with coordinate data in a high-frequency trading system with 1,000 elements.",Graph Algorithms,A* Search Algorithm,"Priority Queue, Heuristic Function",Grid map or spatial graph with coordinate data,Quality depends heavily on heuristic function,Video game NPC pathfinding
PROB_1366,What is the best way to execute prim node grow greedy for a mobile navigation app with maximum efficiency?,Greedy Algorithms,Prim's MST (Greedy),Min-Heap,Adjacency weighted list,Undirected graph,Dense graph minimum spanning tree
PROB_1047,What is the best way to execute lowest common ancestor tree for a mobile navigation app with maximum efficiency?,Tree Algorithms,Lowest Common Ancestor (LCA),"Tree, Binary Lifting Table",Rooted tree with node pairs,Binary lifting requires O(N log N) preprocessing,Genealogy trees
PROB_0874,"Require a reliable approach for union-find (disjoint set union) using Parent Array, Rank / Size Array data structures.",Graph Algorithms,Union-Find (Disjoint Set Union),"Parent Array, Rank / Size Array",Dynamic edge additions,Does not easily support edge deletions,Cycle detection in undirected graphs
PROB_0507,"How to optimize fast probabilistic text classification when data characteristics are Text word counts, categorical or continuous sparse features?",Classification,Naive Bayes Classifier,Probability Tables,"Text word counts, categorical or continuous sparse features",Zero frequency problem without smoothing,Spam detection
PROB_0327,"Need a strategy for distribution sort that divides array into multiple buckets, then sorts individual buckets independently. under strict time complexity bounds.",Sorting,Bucket Sort,Array of Lists,"Floating point numbers in range [0, 1)",Worst-case O(n^2) if items cluster into one bucket,Sorting floating point numbers uniformly distributed across a range
PROB_0181,"Need an efficient algorithm that satisfies Window state must be incrementally updateable operating on a Array, String, Hash Map.",Searching,Sliding Window Search,"Array, String, Hash Map",Sequential array or string,Window state must be incrementally updateable,Finding max/min subarray meeting target condition
PROB_0325,"Looking for an algorithm that handles Floating point numbers in range [0, 1) in a high-frequency trading system with 1,000 elements.",Sorting,Bucket Sort,Array of Lists,"Floating point numbers in range [0, 1)",Worst-case O(n^2) if items cluster into one bucket,Sorting floating point numbers uniformly distributed across a range
PROB_0431,Need to implement a robust method for extremely randomized trees classification in a digital signal processing pipeline on a massive 10^6 dataset.,Classification,Extra Trees Classifier,Forest of Decision Trees,Tabular features with noise,Can create larger trees than Random Forest,Fast ensemble training on noisy tabular data
PROB_0199,What is the best way to execute simple sorting for a mobile navigation app with maximum efficiency?,Sorting,Bubble Sort,Array,Small list or nearly sorted list,Quadratic time complexity O(n^2),Educational purposes
PROB_1251,"I need to solve a problem involving divisible item selection for a mobile navigation app with 100,000 items. What algorithm is best?",Greedy Algorithms,Fractional Knapsack,Array of Items,"Item weights, values, capacity W",Only valid when items can be divided,"Bulk commodity trading (gold dust, oil, grain allocation)"
PROB_1234,"I need to solve a problem involving interval scheduling greedy in a high-frequency trading system with 10,000 entries. What algorithm is best?",Greedy Algorithms,Activity Selection Problem,Array of Intervals,Set of overlapping interval pairs,Requires initial sorting by finish time,Meeting room scheduling
PROB_0783,"Which algorithm effectively performs computes shortest paths from single source to all vertices in a weighted graph, capable of handling negative edge weights. on a Edge List, Distance Array for a game engine physics solver?",Graph Algorithms,Bellman-Ford Algorithm,"Edge List, Distance Array",Weighted graph with potential negative edge weights,Slower O(V*E) time complexity,Financial currency arbitrage detection
PROB_0056,Need a strategy for searching algorithm for sorted arrays that checks fewer elements than linear search by jumping ahead by fixed steps. under strict time complexity bounds.,Searching,Jump Search,"Array, Sorted List","Sorted list, Random access indexing",Optimal step size is sqrt(n),Searching sorted arrays when jumping backwards is expensive
PROB_1307,"Find the ideal algorithm to process greedy choice technique picking maximum number of non-overlapping intervals. for a social network friend graph with 1,000,000 records.",Greedy Algorithms,Interval Scheduling,Array of Intervals,Array of numeric 2D intervals,Greedy finish time sorting strictly required,Conference talk scheduling
PROB_1470,"Designing a solution for order arrangement permutations with Generates N! total outputs with 10,000 entries.",Backtracking,Permutations Generation,"Recursion Stack, Visited Boolean Array",Sequence of N items,Generates N! total outputs,Brute-force testing all ordering permutations for small N
PROB_1605,Need an efficient algorithm that satisfies Struggles with varying density clusters operating on a KD-Tree / Ball-Tree.,Machine Learning / AI,DBSCAN Clustering,KD-Tree / Ball-Tree,Spatial or tabular feature coordinates,Struggles with varying density clusters,Geospatial spatial data clustering
PROB_0794,Require a reliable approach for floyd-warshall algorithm using 2D Matrix data structures.,Graph Algorithms,Floyd-Warshall Algorithm,2D Matrix,Dense small to medium graph,O(V^3) time makes it unsuitable for large V (> 1000),Precomputing all-pairs distances for small dense graphs
PROB_1542,"Looking for an algorithm that handles Directed or undirected graph in a high-frequency trading system with 1,000 elements.",Backtracking,Hamiltonian Path / Cycle,"Visited Array, Path Array",Directed or undirected graph,NP-complete problem,Route planning requiring visiting all locations exactly once
PROB_0987,"Require a reliable approach for trie (prefix tree) using Trie Node, Character Map data structures.",Tree Algorithms,Trie (Prefix Tree),"Trie Node, Character Map",Set of text strings or words,Memory intensive for large alphabets,Search engine autocomplete suggestions
PROB_1411,"I need to solve a problem involving constraint satisfaction board backtracking for a mobile navigation app with 100,000 items. What algorithm is best?",Backtracking,N-Queens Problem,Column / Diagonal Visited Sets,Board size N,Exponential search space O(N!),Constraint satisfaction benchmarks
PROB_1738,"Require a reliable approach for transformer network using Multi-Head Attention Matrices, Position Embeddings data structures.",Machine Learning / AI,Transformer Network,"Multi-Head Attention Matrices, Position Embeddings","Text tokens, sequences, multi-modal data",Quadratic O(L^2) attention memory cost without sparse attention,Large Language Models (LLMs)
PROB_0358,"Looking for an algorithm that handles Real world data with existing run segments in a high-frequency trading system with 1,000 elements.",Sorting,TimSort,Array,Real world data with existing run segments,Auxiliary space O(n),General purpose default sorting for real-world heterogeneous datasets
PROB_1562,How to optimize word search 2d grid when data characteristics are 2D char array and string query?,Backtracking,Word Search Grid,"2D Grid, Visited Coordinate Set",2D char array and string query,Cell reuse within same word path forbidden,Boggle word puzzle games
PROB_0610,"I need to solve a problem involving polynomial feature regression in a high-frequency trading system with 10,000 entries. What algorithm is best?",Regression,Polynomial Regression,Polynomial Feature Matrix,Non-linear continuous relationships,Feature space grows exponentially with polynomial degree,Fitting non-linear curves for small feature sets
PROB_1482,How to optimize generate n choose k combinations when data characteristics are Range 1..n and target length k?,Backtracking,Combinations Generation,Recursion Stack,Range 1..n and target length k,"Produces C(n, k) total combinations",Lottery combination generation
PROB_1225,"I am building a module in a bioinformatics DNA pipeline requiring hamiltonian path bitmask with 100,000 items.",Dynamic Programming,Bitmask Dynamic Programming,1D/2D DP Array indexed by bitmask integer,Small set size requiring state permutation tracking,Exponential space O(2^N) limits N to <= 20,Exact solution for Traveling Salesperson Problem (TSP) for small N
PROB_1639,What is the best way to execute pca dimensionality reduction for a mobile navigation app with maximum efficiency?,Machine Learning / AI,Principal Component Analysis (PCA),"Covariance Matrix, Eigenvectors / Singular Values",High-dimensional correlated numeric features,Linear transformation only,Reducing feature dimensions before ML training
PROB_1760,Need to implement a robust method for content based recommender in a digital signal processing pipeline on a massive 10^6 dataset.,Machine Learning / AI,Content-Based Recommendation,"Item Feature Vectors, User Profile Vectors",Item metadata and user rating history,Cannot recommend items outside user's historical feature exposure,Movie/article recommendations based on item metadata features
PROB_1101,System requires coin change for vending machine currency exchange in a cloud server log analysis system.,Dynamic Programming,Coin Change,1D DP Array,List of coin values and integer target amount,Unbounded coin supply assumption,Vending machine currency exchange
PROB_0540,"Find the ideal algorithm to process optimized distributed gradient boosting library designed to be highly efficient, flexible and portable. for a social network friend graph with 1,000,000 records.",Classification,XGBoost Classifier,"DMatrix, Gradient Trees",Structured tabular datasets,High hyper-parameter tuning requirements,Tabular classification competitions
PROB_1484,System requires combinations generation for lottery combination generation in a cloud server log analysis system.,Backtracking,Combinations Generation,Recursion Stack,Range 1..n and target length k,"Produces C(n, k) total combinations",Lottery combination generation
PROB_0317,System requires radix sort for sorting large lists of integers or fixed-length strings in o(nk) in a cloud server log analysis system.,Sorting,Radix Sort,"Array, Buckets",Integers or fixed-length strings,Requires stable underlying digit sort,Sorting large lists of integers or fixed-length strings in O(nk)
PROB_0955,How to optimize tree traversal pre order in order post order when data characteristics are Hierarchical tree structure?,Tree Algorithms,Binary Tree Traversal (Pre/In/Post Order),"Binary Tree, Stack",Hierarchical tree structure,Recursion stack depth,In-order for sorted BST output
PROB_1306,How to optimize interval overlap removal when data characteristics are Array of numeric 2D intervals?,Greedy Algorithms,Interval Scheduling,Array of Intervals,Array of numeric 2D intervals,Greedy finish time sorting strictly required,Conference talk scheduling
PROB_0073,"I am building a module in a bioinformatics DNA pipeline requiring numeric range interpolation with 100,000 items.",Searching,Interpolation Search,"Array, Sorted List",Sorted numbers with uniform intervals,Performance degrades to O(n) if data is non-uniform,Searching in large uniformly distributed numerical sorted data
PROB_0547,"I need to solve a problem involving sales forecasting linear for a mobile navigation app with 100,000 items. What algorithm is best?",Regression,Linear Regression,"Feature Matrix, Coefficient Vector",Linear tabular features,Sensitive to outliers and multicollinearity,Simple continuous target forecasting
PROB_1325,"Designing a solution for minimum jumps to reach end with Must evaluate incrementally left to right with 10,000 entries.",Greedy Algorithms,Jump Game (Greedy Reachability),Farthest Reach Integer,Array of max jump lengths,Must evaluate incrementally left to right,Reachability analysis in sequential state transitions
PROB_0535,What is the best way to execute extreme gradient boosting for a mobile navigation app with maximum efficiency?,Classification,XGBoost Classifier,"DMatrix, Gradient Trees",Structured tabular datasets,High hyper-parameter tuning requirements,Tabular classification competitions
PROB_0984,What is the best way to execute autocomplete string prefix for a mobile navigation app with maximum efficiency?,Tree Algorithms,Trie (Prefix Tree),"Trie Node, Character Map",Set of text strings or words,Memory intensive for large alphabets,Search engine autocomplete suggestions
PROB_0045,"Require a reliable approach for hash table / dictionary lookup using Hash Map, Hash Set, Dictionary data structures.",Searching,Hash Table / Dictionary Lookup,"Hash Map, Hash Set, Dictionary","Unique keys or items, Unordered data","Consumes extra memory for hash storage, Potential hash collisions",Repeated fast lookups
PROB_1187,"I need to solve a problem involving cherry pickup grid dp for a mobile navigation app with 100,000 items. What algorithm is best?",Dynamic Programming,Grid Path Dynamic Programming,2D Grid / 1D Row DP,2D Matrix with path costs or obstacles,Restricted movement direction,Robot navigation grid movement
PROB_0807,What is the best way to execute heuristic shortest path for a mobile navigation app with maximum efficiency?,Graph Algorithms,A* Search Algorithm,"Priority Queue, Heuristic Function",Grid map or spatial graph with coordinate data,Quality depends heavily on heuristic function,Video game NPC pathfinding
PROB_0666,How to optimize extra trees continuous prediction when data characteristics are Noisy continuous tabular data?,Regression,Extra Trees Regressor,Forest of Decision Trees,Noisy continuous tabular data,Can build large trees,Fast continuous target estimation on noisy datasets
PROB_1487,Need to implement a robust method for generate n choose k combinations in a digital signal processing pipeline on a massive 10^6 dataset.,Backtracking,Combinations Generation,Recursion Stack,Range 1..n and target length k,"Produces C(n, k) total combinations",Lottery combination generation
PROB_1683,"I need to solve a problem involving spatial grid feature extraction for a mobile navigation app with 100,000 items. What algorithm is best?",Machine Learning / AI,Convolutional Neural Network (CNN),"Convolutional Kernels, Feature Maps",2D/3D Image grids or spatial signals,High compute power required for training,Image classification
PROB_1166,"Designing a solution for matrix multiplication order with Cubic time complexity O(N^3) with 10,000 entries.",Dynamic Programming,Matrix Chain Multiplication,2D DP Table,Sequence of matrix dimensions,Cubic time complexity O(N^3),Optimizing matrix computation chains in linear algebra libraries
PROB_0286,"Designing a solution for priority queue sort with Poor cache locality due to heap jumps with 10,000 entries.",Sorting,Heap Sort,"Binary Heap, Array",General numerical or comparable arrays,Poor cache locality due to heap jumps,Systems requiring guaranteed O(n log n) with O(1) auxiliary space
PROB_1517,"Designing a solution for subset sum all combinations with Duplicate combinations must be pruned with 10,000 entries.",Backtracking,Combination Sum,Recursion Stack,Candidate array and target integer,Duplicate combinations must be pruned,Finding exact coin/token combinations summing to target value
PROB_0920,Need a strategy for self-balancing binary search tree where height difference between left and right subtrees is at most one. under strict time complexity bounds.,Tree Algorithms,AVL Tree,Balanced Binary Tree Nodes,Dynamic ordered keys requiring fast lookups,More rotations during insertions/deletions than Red-Black tree,Lookup-heavy databases requiring strict height balance
PROB_0523,"How to optimize large scale online classification when data characteristics are Very large tabular datasets (n > 100,000) or streaming batches?",Classification,SGD Classifier,Weight Vector,"Very large tabular datasets (n > 100,000) or streaming batches",Sensitive to feature scaling and learning rate,Large-scale linear classification
PROB_0611,"I need to solve a problem involving non linear continuous relationship for a mobile navigation app with 100,000 items. What algorithm is best?",Regression,Polynomial Regression,Polynomial Feature Matrix,Non-linear continuous relationships,Feature space grows exponentially with polynomial degree,Fitting non-linear curves for small feature sets
PROB_0118,"Looking for an algorithm that handles Continuous or discrete unimodal values in a high-frequency trading system with 1,000 elements.",Searching,Ternary Search,"Array, Monotonic / Unimodal Function",Continuous or discrete unimodal values,More comparisons per step than binary search,Finding maximum or minimum of a unimodal function
PROB_0010,What is the best way to execute sorted array lookup for a mobile navigation app with maximum efficiency?,Searching,Binary Search,"Array, Sorted List","Sorted numerical or string sequence, Known boundaries","Data structure must support fast indexed access, Requires prior sorting step",Searching in large sorted numerical arrays
PROB_0197,Need an efficient algorithm that satisfies Quadratic time complexity O(n^2) operating on a Array.,Sorting,Bubble Sort,Array,Small list or nearly sorted list,Quadratic time complexity O(n^2),Educational purposes
PROB_1711,"Which algorithm effectively performs neural network architecture with recurrent loops allowing sequential state persistence for time series and text. on a Hidden State Tensor, Recurrent Weights for a game engine physics solver?",Machine Learning / AI,Recurrent Neural Network (RNN),"Hidden State Tensor, Recurrent Weights",Time series or text sequences,Vanishing/exploding gradient during long sequences,Short sequence prediction
PROB_0116,How can I implement ternary search to handle divide-and-conquer search algorithm that divides the array into three equal parts to find a target value or unimodal function peak. in an e-commerce platform database?,Searching,Ternary Search,"Array, Monotonic / Unimodal Function",Continuous or discrete unimodal values,More comparisons per step than binary search,Performance optimization
PROB_1498,Require a reliable approach for subsets generation (power set) using Recursion Stack data structures.,Backtracking,Subsets Generation (Power Set),Recursion Stack,Array of distinct elements,Generates 2^N total subsets,Evaluating all possible item combinations (power set)
PROB_1624,Need a strategy for agglomerative clustering creating a tree (dendrogram) of nested clusters by merging closest pairs iteratively. under strict time complexity bounds.,Machine Learning / AI,Hierarchical Clustering,"Distance Matrix, Dendrogram Tree",Small to medium feature matrix,High memory space O(n^2) and time complexity O(n^3),Gene expression analysis
PROB_0799,Which algorithm effectively performs all-pairs shortest path algorithm finding shortest distances between every pair of vertices in a weighted graph. on a 2D Matrix for a game engine physics solver?,Graph Algorithms,Floyd-Warshall Algorithm,2D Matrix,Dense small to medium graph,O(V^3) time makes it unsuitable for large V (> 1000),Precomputing all-pairs distances for small dense graphs
PROB_0162,"I need to solve a problem involving pair sum target in a high-frequency trading system with 10,000 entries. What algorithm is best?",Searching,Two Pointer Search,"Array, String",Contiguous sequential data,Requires monotonic sequence behavior,Finding pairs in sorted array summing to target
PROB_0985,Need a strategy for tree-like data structure used to store a dynamic set or associative array where keys are usually strings. under strict time complexity bounds.,Tree Algorithms,Trie (Prefix Tree),"Trie Node, Character Map",Set of text strings or words,Memory intensive for large alphabets,Search engine autocomplete suggestions
PROB_1122,"I need to solve a problem involving maximum sorted sub-array length in a high-frequency trading system with 10,000 entries. What algorithm is best?",Dynamic Programming,Longest Increasing Subsequence (LIS),1D Array / Tails Array,Numerical array,"Standard DP O(n^2), Binary Search optimized O(n log n)",Stock price trend analysis
PROB_1464,Need a strategy for generates all possible ordered arrangements (permutations) of a set of elements using backtracking. under strict time complexity bounds.,Backtracking,Permutations Generation,"Recursion Stack, Visited Boolean Array",Sequence of N items,Generates N! total outputs,Brute-force testing all ordering permutations for small N
PROB_1573,"Looking for an algorithm that handles N x N chessboard in a high-frequency trading system with 1,000 elements.",Backtracking,Knight's Tour Problem,Board Matrix,N x N chessboard,Knight move L-shape restrictions,Chess puzzle algorithms
PROB_1393,"I need to solve a problem involving minimum spanning tree general greedy in an e-commerce platform database with 1,000 elements. What algorithm is best?",Greedy Algorithms,Minimum Spanning Tree Strategy,"Graph, Min Heap / Union Find",Connected graph,No cycles in output tree,Infrastructure network design
PROB_0391,What is the best way to execute interpretable rule tree for a mobile navigation app with maximum efficiency?,Classification,Decision Tree Classifier,Binary / Multi-way Tree,Tabular data with mixed categorical/numerical features,Prone to overfitting if unconstrained,Rule-based business decisions
PROB_1219,"I need to solve a problem involving hamiltonian path bitmask for a mobile navigation app with 100,000 items. What algorithm is best?",Dynamic Programming,Bitmask Dynamic Programming,1D/2D DP Array indexed by bitmask integer,Small set size requiring state permutation tracking,Exponential space O(2^N) limits N to <= 20,Exact solution for Traveling Salesperson Problem (TSP) for small N
PROB_0233,"I am building a module in a bioinformatics DNA pipeline requiring small subarray sort with 100,000 items.",Sorting,Insertion Sort,"Array, Linked List",Small dataset or almost sorted data,O(n^2) for reverse ordered inputs,Sorting small lists (n < 25)
PROB_1158,"Looking for an algorithm that handles Sequence of matrix dimensions in a high-frequency trading system with 1,000 elements.",Dynamic Programming,Matrix Chain Multiplication,2D DP Table,Sequence of matrix dimensions,Cubic time complexity O(N^3),Optimizing matrix computation chains in linear algebra libraries
PROB_0088,"Need a strategy for search algorithm for unbounded or infinite sorted lists that finds a range where target resides by doubling indices, then performs binary search. under strict time complexity bounds.",Searching,Exponential Search,"Array, Sorted Stream",Sorted array or unbounded stream,Requires random access by index,Searching in unbounded / infinite sorted arrays
PROB_0665,Require a reliable approach for extra trees regressor using Forest of Decision Trees data structures.,Regression,Extra Trees Regressor,Forest of Decision Trees,Noisy continuous tabular data,Can build large trees,Fast continuous target estimation on noisy datasets
PROB_0302,"Designing a solution for small key range sorting with Space consuming if range K is much larger than N with 10,000 entries.",Sorting,Counting Sort,"Array, Frequency Counter",Integer values with known max range,Space consuming if range K is much larger than N,Sorting discrete integers when range K is O(N)
PROB_0303,"Which algorithm effectively performs non-comparison integer sorting algorithm operating by counting number of objects having distinct key values. on a Array, Frequency Counter for a game engine physics solver?",Sorting,Counting Sort,"Array, Frequency Counter",Integer values with known max range,Space consuming if range K is much larger than N,Sorting discrete integers when range K is O(N)
PROB_0894,"Which algorithm effectively performs all-pairs shortest path algorithm combining bellman-ford and dijkstra to handle sparse graphs with negative edge weights. on a Min-Heap, Adjacency List for a game engine physics solver?",Graph Algorithms,Johnson's Algorithm,"Min-Heap, Adjacency List",Sparse weighted graph with potential negative edge weights,Complex multi-stage re-weighting logic,All-pairs shortest path on sparse graphs with negative edge weights
PROB_1425,"I need to solve a problem involving sudoku solver 9x9 in an e-commerce platform database with 1,000 elements. What algorithm is best?",Backtracking,Sudoku Solver,"2D Grid, Row/Col/Box Hash Sets",9x9 grid matrix with empty slots,Combinatorial worst case,Solving Sudoku puzzles automatically
PROB_1720,"Need a strategy for specialized rnn architecture featuring memory cell gates (input, forget, output) to capture long-term sequential dependencies. under strict time complexity bounds.",Machine Learning / AI,Long Short-Term Memory (LSTM),"Cell State, Gate Tensors (Forget, Input, Output)",Sequential time series data or long text passages,Sequential processing limits parallel GPU scaling,Financial time series forecasting
PROB_0559,"Which algorithm effectively performs fundamental regression model fitting a linear relationship between features and continuous target variable. on a Feature Matrix, Coefficient Vector for a game engine physics solver?",Regression,Linear Regression,"Feature Matrix, Coefficient Vector",Linear tabular features,Sensitive to outliers and multicollinearity,Simple continuous target forecasting
PROB_0650,Require a reliable approach for random forest regressor using Forest of Regression Trees data structures.,Regression,Random Forest Regressor,Forest of Regression Trees,Tabular datasets with complex continuous relationships,Cannot extrapolate outside min/max target range,General purpose tabular regression benchmark
PROB_0550,"Looking for an algorithm that handles Linear tabular features in a high-frequency trading system with 1,000 elements.",Regression,Linear Regression,"Feature Matrix, Coefficient Vector",Linear tabular features,Sensitive to outliers and multicollinearity,Simple continuous target forecasting
PROB_1783,Need a strategy for recommender system combining collaborative filtering and content-based approaches to maximize accuracy and coverage. under strict time complexity bounds.,Machine Learning / AI,Hybrid Recommendation System,Ensemble Scoring Engine,User interaction logs and item feature metadata,System design and tuning complexity,"Production recommendation platforms (Netflix, Amazon, Spotify)"
PROB_0942,Which algorithm effectively performs self-balancing binary search tree using node color attributes to ensure log(n) height balance. on a Red/Black Binary Nodes for a game engine physics solver?,Tree Algorithms,Red-Black Tree,Red/Black Binary Nodes,Frequent dynamic insertions and deletions,Complex node recoloring/rotation rules,"Underlying implementation for C++ std::map, Java TreeMap"
PROB_0123,How to optimize unimodal function maximum/minimum when data characteristics are Continuous or discrete unimodal values?,Searching,Ternary Search,"Array, Monotonic / Unimodal Function",Continuous or discrete unimodal values,More comparisons per step than binary search,Finding maximum or minimum of a unimodal function
PROB_0326,What is the best way to execute floating point uniform distribution sort for a mobile navigation app with maximum efficiency?,Sorting,Bucket Sort,Array of Lists,"Floating point numbers in range [0, 1)",Worst-case O(n^2) if items cluster into one bucket,Sorting floating point numbers uniformly distributed across a range
PROB_1694,"Designing a solution for computer vision object detection with High compute power required for training with 10,000 entries.",Machine Learning / AI,Convolutional Neural Network (CNN),"Convolutional Kernels, Feature Maps",2D/3D Image grids or spatial signals,High compute power required for training,Image classification
PROB_0027,"I am building a module in a bioinformatics DNA pipeline requiring find match in unsorted array with 100,000 items.",Searching,Linear Search,"Array, Linked List, Iterable","Unsorted or arbitrary order, Small to medium size",Inefficient for large arrays,Small collections
PROB_1686,"Looking for an algorithm that handles 2D/3D Image grids or spatial signals in a high-frequency trading system with 1,000 elements.",Machine Learning / AI,Convolutional Neural Network (CNN),"Convolutional Kernels, Feature Maps",2D/3D Image grids or spatial signals,High compute power required for training,Image classification
PROB_1335,Need a strategy for greedy evaluation finding starting circuit index to travel around a circle of gas stations. under strict time complexity bounds.,Greedy Algorithms,Gas Station Problem,Running Surplus Counter,Gas array and cost array,Requires total gas sum >= total cost sum,Circular vehicle route energy planning
PROB_1384,"I am building a module in a bioinformatics DNA pipeline requiring shortest distance greedy pick with 100,000 items.",Graph Algorithms,Dijkstra Shortest Path (Greedy),Min-Heap,Weighted directed/undirected graph,Non-negative edge weights,Single source shortest path
PROB_0948,How can I implement binary tree traversal (pre/in/post order) to handle depth-first recursive or iterative methods to visit every node in a binary tree in structured order. in an e-commerce platform database?,Tree Algorithms,Binary Tree Traversal (Pre/In/Post Order),"Binary Tree, Stack",Hierarchical tree structure,Recursion stack depth,Performance optimization
PROB_1635,"I need to solve a problem involving 2d 3d data visualization pca for a mobile navigation app with 100,000 items. What algorithm is best?",Machine Learning / AI,Principal Component Analysis (PCA),"Covariance Matrix, Eigenvectors / Singular Values",High-dimensional correlated numeric features,Linear transformation only,Reducing feature dimensions before ML training
PROB_0347,"Find the ideal algorithm to process in-place comparison sort generalization of insertion sort that allows exchanges of items that are far apart. for a social network friend graph with 1,000,000 records.",Sorting,Shell Sort,Array,Medium size arrays,Complexity depends heavily on gap sequence selection,Embedded systems where code size must be minimal and memory limited
PROB_1130,Require a reliable approach for longest increasing subsequence (lis) using 1D Array / Tails Array data structures.,Dynamic Programming,Longest Increasing Subsequence (LIS),1D Array / Tails Array,Numerical array,"Standard DP O(n^2), Binary Search optimized O(n log n)",Stock price trend analysis
PROB_0766,System requires dijkstra's shortest path algorithm for gps map routing in a cloud server log analysis system.,Graph Algorithms,Dijkstra's Shortest Path Algorithm,"Priority Queue / Min-Heap, Adjacency List",Weighted graph with non-negative weights,Fails if graph contains negative edge weights,GPS map routing
PROB_1755,How to optimize content based recommender when data characteristics are Item metadata and user rating history?,Machine Learning / AI,Content-Based Recommendation,"Item Feature Vectors, User Profile Vectors",Item metadata and user rating history,Cannot recommend items outside user's historical feature exposure,Movie/article recommendations based on item metadata features
PROB_0226,"I need to solve a problem involving online stream sorting in a high-frequency trading system with 10,000 entries. What algorithm is best?",Sorting,Insertion Sort,"Array, Linked List",Small dataset or almost sorted data,O(n^2) for reverse ordered inputs,Sorting small lists (n < 25)
PROB_0320,Need to implement a robust method for digit by digit sorting in a digital signal processing pipeline on a massive 10^6 dataset.,Sorting,Radix Sort,"Array, Buckets",Integers or fixed-length strings,Requires stable underlying digit sort,Sorting large lists of integers or fixed-length strings in O(nk)
PROB_1740,"Find the ideal algorithm to process deep learning architecture based entirely on self-attention mechanisms, powering modern large language models (llms). for a social network friend graph with 1,000,000 records.",Machine Learning / AI,Transformer Network,"Multi-Head Attention Matrices, Position Embeddings","Text tokens, sequences, multi-modal data",Quadratic O(L^2) attention memory cost without sparse attention,Large Language Models (LLMs)
PROB_0272,Need to implement a robust method for fast general sort in a digital signal processing pipeline on a massive 10^6 dataset.,Sorting,Quick Sort,Array,General unsorted array,Worst-case O(n^2) if pivot selection is poor,Fast in-place general purpose sorting
PROB_0205,System requires bubble sort for educational purposes in a cloud server log analysis system.,Sorting,Bubble Sort,Array,Small list or nearly sorted list,Quadratic time complexity O(n^2),Educational purposes
PROB_0069,"Need an efficient algorithm that satisfies Performance degrades to O(n) if data is non-uniform operating on a Array, Sorted List.",Searching,Interpolation Search,"Array, Sorted List",Sorted numbers with uniform intervals,Performance degrades to O(n) if data is non-uniform,Searching in large uniformly distributed numerical sorted data
PROB_0239,"Which algorithm effectively performs simple sorting algorithm that builds the final sorted array one item at a time, highly efficient for small or nearly sorted data. on a Array, Linked List for a game engine physics solver?",Sorting,Insertion Sort,"Array, Linked List",Small dataset or almost sorted data,O(n^2) for reverse ordered inputs,Sorting small lists (n < 25)
PROB_0237,System requires insertion sort for sorting small lists (n < 25) in a cloud server log analysis system.,Sorting,Insertion Sort,"Array, Linked List",Small dataset or almost sorted data,O(n^2) for reverse ordered inputs,Sorting small lists (n < 25)
PROB_1084,"Find the ideal algorithm to process dp problem maximizing item value within capacity when items can be selected infinitely many times. for a social network friend graph with 1,000,000 records.",Dynamic Programming,Unbounded Knapsack,1D DP Array,"Weights, values, capacity W",Pseudo-polynomial complexity,Stock cutter problem
PROB_0218,How to optimize minimize memory writes when data characteristics are Small array size?,Sorting,Selection Sort,Array,Small array size,Always O(n^2) comparisons regardless of input,Small datasets where memory writing is expensive
PROB_0744,What is the best way to execute topological ordering for a mobile navigation app with maximum efficiency?,Graph Algorithms,Depth-First Search (DFS Graph),"Stack, Recursion, Adjacency List",Directed or undirected graph,Recursion limit on deep graphs,Detecting graph cycles
PROB_0356,"How can I implement timsort to handle hybrid stable sorting algorithm derived from merge sort and insertion sort, standard default sort in python and java. in an e-commerce platform database?",Sorting,TimSort,Array,Real world data with existing run segments,Auxiliary space O(n),Performance optimization
PROB_0763,"Require a reliable approach for dijkstra's shortest path algorithm using Priority Queue / Min-Heap, Adjacency List data structures.",Graph Algorithms,Dijkstra's Shortest Path Algorithm,"Priority Queue / Min-Heap, Adjacency List",Weighted graph with non-negative weights,Fails if graph contains negative edge weights,GPS map routing
PROB_0956,"Find the ideal algorithm to process depth-first recursive or iterative methods to visit every node in a binary tree in structured order. for a social network friend graph with 1,000,000 records.",Tree Algorithms,Binary Tree Traversal (Pre/In/Post Order),"Binary Tree, Stack",Hierarchical tree structure,Recursion stack depth,In-order for sorted BST output
PROB_0019,"I need to solve a problem involving small dataset lookup for a mobile navigation app with 100,000 items. What algorithm is best?",Searching,Linear Search,"Array, Linked List, Iterable","Unsorted or arbitrary order, Small to medium size",Inefficient for large arrays,Small collections
PROB_0699,"Find the ideal algorithm to process regression variant of support vector machines fitting error within an epsilon margin boundary. for a social network friend graph with 1,000,000 records.",Regression,Support Vector Regressor (SVR),Support Vectors,Small to medium non-linear datasets,Poor scalability for large n,Non-linear regression on small high-dimensional datasets
PROB_1389,"Designing a solution for shortest distance greedy pick with Non-negative edge weights with 10,000 entries.",Graph Algorithms,Dijkstra Shortest Path (Greedy),Min-Heap,Weighted directed/undirected graph,Non-negative edge weights,Single source shortest path
PROB_0522,Require a reliable approach for sgd classifier using Weight Vector data structures.,Classification,SGD Classifier,Weight Vector,"Very large tabular datasets (n > 100,000) or streaming batches",Sensitive to feature scaling and learning rate,Large-scale linear classification
PROB_1450,"Require a reliable approach for rat in a maze using Recursion Stack, Visited Matrix data structures.",Backtracking,Rat in a Maze,"Recursion Stack, Visited Matrix",N x N matrix with open and blocked cells,Avoid infinite loops by tracking visited cells,Finding all valid paths through a maze with obstacles
PROB_0844,"Find the ideal algorithm to process greedy algorithm that constructs minimum spanning tree by sorting edges by weight and adding them using union-find. for a social network friend graph with 1,000,000 records.",Graph Algorithms,Kruskal's Algorithm,"Disjoint Set Union (DSU), Edge List",Sparse connected or disconnected weighted graph,Sorting edges requires O(E log E),Minimum Spanning Tree on sparse graphs
PROB_1332,Need an efficient algorithm that satisfies Requires total gas sum >= total cost sum operating on a Running Surplus Counter.,Greedy Algorithms,Gas Station Problem,Running Surplus Counter,Gas array and cost array,Requires total gas sum >= total cost sum,Circular vehicle route energy planning
PROB_1344,Looking for optimal solution for gas station problem addressing Gas array and cost array for a database query optimizer.,Greedy Algorithms,Gas Station Problem,Running Surplus Counter,Gas array and cost array,Requires total gas sum >= total cost sum,Circular vehicle route energy planning
PROB_0606,Which algorithm effectively performs linear regression combining l1 and l2 regularizations to balance feature selection and coefficient stability. on a Coefficient Vector for a game engine physics solver?,Regression,Elastic Net Regression,Coefficient Vector,High-dimensional tabular data with correlated feature groups,"Requires tuning two parameters (alpha, l1_ratio)",Continuous target prediction with group-correlated high-dimensional features
PROB_1767,What is the best way to execute collaborative filtering movie recommender for a mobile navigation app with maximum efficiency?,Machine Learning / AI,Collaborative Filtering Recommendation,"User-Item Interaction Matrix, Latent Factor Matrices (U, V)",Sparse user-item rating matrix,Cold start problem for new users or new unrated items,E-commerce product recommendations ('Users who bought X also bought Y')
PROB_1281,"I need to solve a problem involving job scheduling profit deadline in an e-commerce platform database with 1,000 elements. What algorithm is best?",Greedy Algorithms,Job Sequencing with Deadlines,Time Slot Array / Disjoint Set Union,List of jobs with profit and deadline,Each job takes 1 unit of time,Task execution scheduling under deadline penalties
PROB_1284,Need an efficient algorithm that satisfies Each job takes 1 unit of time operating on a Time Slot Array / Disjoint Set Union.,Greedy Algorithms,Job Sequencing with Deadlines,Time Slot Array / Disjoint Set Union,List of jobs with profit and deadline,Each job takes 1 unit of time,Task execution scheduling under deadline penalties
PROB_1519,Need to implement a robust method for combination sum target in a digital signal processing pipeline on a massive 10^6 dataset.,Backtracking,Combination Sum,Recursion Stack,Candidate array and target integer,Duplicate combinations must be pruned,Finding exact coin/token combinations summing to target value
PROB_0765,"Find the ideal algorithm to process graph algorithm that solves single-source shortest path problem for graphs with non-negative edge weights. for a social network friend graph with 1,000,000 records.",Graph Algorithms,Dijkstra's Shortest Path Algorithm,"Priority Queue / Min-Heap, Adjacency List",Weighted graph with non-negative weights,Fails if graph contains negative edge weights,GPS map routing
PROB_1042,"I need to solve a problem involving shared ancestor in tree in a high-frequency trading system with 10,000 entries. What algorithm is best?",Tree Algorithms,Lowest Common Ancestor (LCA),"Tree, Binary Lifting Table",Rooted tree with node pairs,Binary lifting requires O(N log N) preprocessing,Genealogy trees
PROB_1049,"I am building a module in a bioinformatics DNA pipeline requiring tree node distance query with 100,000 items.",Tree Algorithms,Lowest Common Ancestor (LCA),"Tree, Binary Lifting Table",Rooted tree with node pairs,Binary lifting requires O(N log N) preprocessing,Genealogy trees
PROB_1224,Need a strategy for dp technique using integer bitwise representation of subsets to solve np-hard subset selection problems. under strict time complexity bounds.,Dynamic Programming,Bitmask Dynamic Programming,1D/2D DP Array indexed by bitmask integer,Small set size requiring state permutation tracking,Exponential space O(2^N) limits N to <= 20,Exact solution for Traveling Salesperson Problem (TSP) for small N
PROB_0117,"Need an efficient algorithm that satisfies More comparisons per step than binary search operating on a Array, Monotonic / Unimodal Function.",Searching,Ternary Search,"Array, Monotonic / Unimodal Function",Continuous or discrete unimodal values,More comparisons per step than binary search,Finding maximum or minimum of a unimodal function
PROB_1119,Which algorithm effectively performs finds the longest subsequence present in two sequence strings in the same relative order. on a 2D DP Grid for a game engine physics solver?,Dynamic Programming,Longest Common Subsequence (LCS),2D DP Grid,Strings or element sequences,Quadratic space/time O(M * N),Git diff file comparison
PROB_0083,"I need to solve a problem involving unknown length sorted list for a mobile navigation app with 100,000 items. What algorithm is best?",Searching,Exponential Search,"Array, Sorted Stream",Sorted array or unbounded stream,Requires random access by index,Searching in unbounded / infinite sorted arrays
PROB_0661,"Looking for an algorithm that handles Noisy continuous tabular data in a high-frequency trading system with 1,000 elements.",Regression,Extra Trees Regressor,Forest of Decision Trees,Noisy continuous tabular data,Can build large trees,Fast continuous target estimation on noisy datasets
PROB_0186,"Require a reliable approach for sliding window search using Array, String, Hash Map data structures.",Searching,Sliding Window Search,"Array, String, Hash Map",Sequential array or string,Window state must be incrementally updateable,Finding max/min subarray meeting target condition
PROB_0074,"Require a reliable approach for interpolation search using Array, Sorted List data structures.",Searching,Interpolation Search,"Array, Sorted List",Sorted numbers with uniform intervals,Performance degrades to O(n) if data is non-uniform,Searching in large uniformly distributed numerical sorted data
PROB_1200,Need to implement a robust method for grid minimum path sum in a digital signal processing pipeline on a massive 10^6 dataset.,Dynamic Programming,Grid Path Dynamic Programming,2D Grid / 1D Row DP,2D Matrix with path costs or obstacles,Restricted movement direction,Robot navigation grid movement
PROB_0448,Need to implement a robust method for boosting classifier in a digital signal processing pipeline on a massive 10^6 dataset.,Classification,Gradient Boosting Classifier,Sequence of Trees,Tabular data requiring high predictive accuracy,"Requires tuning hyper-parameters (learning rate, depth)",Competitive machine learning benchmarks
PROB_0865,"I need to solve a problem involving connected components tracking in an e-commerce platform database with 1,000 elements. What algorithm is best?",Graph Algorithms,Union-Find (Disjoint Set Union),"Parent Array, Rank / Size Array",Dynamic edge additions,Does not easily support edge deletions,Cycle detection in undirected graphs
PROB_1072,Which algorithm effectively performs classic dp optimization problem determining maximum value items to select into a fixed capacity knapsack without item duplication. on a 2D DP Array / 1D DP Array for a game engine physics solver?,Dynamic Programming,0/1 Knapsack,2D DP Array / 1D DP Array,"Item weights, values, and max capacity W",Pseudo-polynomial time O(N * W),Resource allocation under strict budget constraints
PROB_1792,Looking for optimal solution for hybrid recommendation system addressing User interaction logs and item feature metadata for a database query optimizer.,Machine Learning / AI,Hybrid Recommendation System,Ensemble Scoring Engine,User interaction logs and item feature metadata,System design and tuning complexity,"Production recommendation platforms (Netflix, Amazon, Spotify)"
PROB_0519,What is the best way to execute large scale online classification for a mobile navigation app with maximum efficiency?,Classification,SGD Classifier,Weight Vector,"Very large tabular datasets (n > 100,000) or streaming batches",Sensitive to feature scaling and learning rate,Large-scale linear classification
PROB_0060,"Find the ideal algorithm to process searching algorithm for sorted arrays that checks fewer elements than linear search by jumping ahead by fixed steps. for a social network friend graph with 1,000,000 records.",Searching,Jump Search,"Array, Sorted List","Sorted list, Random access indexing",Optimal step size is sqrt(n),Searching sorted arrays when jumping backwards is expensive
PROB_0419,How can I implement extra trees classifier to handle extremely randomized trees classifier that randomizes tree splits further to reduce variance. in an e-commerce platform database?,Classification,Extra Trees Classifier,Forest of Decision Trees,Tabular features with noise,Can create larger trees than Random Forest,Performance optimization
PROB_0080,Need to implement a robust method for uniformly distributed sorted search in a digital signal processing pipeline on a massive 10^6 dataset.,Searching,Interpolation Search,"Array, Sorted List",Sorted numbers with uniform intervals,Performance degrades to O(n) if data is non-uniform,Searching in large uniformly distributed numerical sorted data
PROB_0187,How to optimize max subarray sum of length k when data characteristics are Sequential array or string?,Searching,Sliding Window Search,"Array, String, Hash Map",Sequential array or string,Window state must be incrementally updateable,Finding max/min subarray meeting target condition
PROB_0567,What is the best way to execute l2 regularization regression for a mobile navigation app with maximum efficiency?,Regression,Ridge Regression,Coefficient Vector,Tabular regression with correlated features,"Does not perform feature selection (coefficients shrink near zero, not zero)",Continuous regression with correlated predictors
PROB_1093,Need an efficient algorithm that satisfies Unbounded coin supply assumption operating on a 1D DP Array.,Dynamic Programming,Coin Change,1D DP Array,List of coin values and integer target amount,Unbounded coin supply assumption,Vending machine currency exchange
PROB_1612,"Find the ideal algorithm to process density-based spatial clustering algorithm grouping closely packed points and detecting arbitrary shapes and noise outliers. for a social network friend graph with 1,000,000 records.",Machine Learning / AI,DBSCAN Clustering,KD-Tree / Ball-Tree,Spatial or tabular feature coordinates,Struggles with varying density clusters,Geospatial spatial data clustering
PROB_1480,"I am building a module in a bioinformatics DNA pipeline requiring k element subset selection with 100,000 items.",Backtracking,Combinations Generation,Recursion Stack,Range 1..n and target length k,"Produces C(n, k) total combinations",Lottery combination generation
PROB_0717,"Designing a solution for competition winning regressor with Requires tuning hyper-parameters with 10,000 entries.",Regression,XGBoost Regressor,"DMatrix, Gradient Trees",Structured tabular data with continuous target,Requires tuning hyper-parameters,State-of-the-art tabular continuous regression
PROB_1124,How can I implement longest increasing subsequence (lis) to handle finds length of longest strictly increasing subsequence in an array of numbers. in an e-commerce platform database?,Dynamic Programming,Longest Increasing Subsequence (LIS),1D Array / Tails Array,Numerical array,"Standard DP O(n^2), Binary Search optimized O(n log n)",Performance optimization
PROB_1008,"Which algorithm effectively performs complete binary tree satisfying heap property (min-heap or max-heap), enabling o(1) access to min/max element. on a Array representation of Complete Tree for a game engine physics solver?",Tree Algorithms,Binary Heap (Priority Queue),Array representation of Complete Tree,Dynamic stream requiring min/max retrieval,Searching arbitrary elements takes O(n),Priority queues
PROB_1733,"Need an efficient algorithm that satisfies Quadratic O(L^2) attention memory cost without sparse attention operating on a Multi-Head Attention Matrices, Position Embeddings.",Machine Learning / AI,Transformer Network,"Multi-Head Attention Matrices, Position Embeddings","Text tokens, sequences, multi-modal data",Quadratic O(L^2) attention memory cost without sparse attention,Large Language Models (LLMs)
PROB_1543,What is the best way to execute visit every node once hamiltonian for a mobile navigation app with maximum efficiency?,Backtracking,Hamiltonian Path / Cycle,"Visited Array, Path Array",Directed or undirected graph,NP-complete problem,Route planning requiring visiting all locations exactly once
PROB_1491,"I need to solve a problem involving boolean subset selection for a mobile navigation app with 100,000 items. What algorithm is best?",Backtracking,Subsets Generation (Power Set),Recursion Stack,Array of distinct elements,Generates 2^N total subsets,Evaluating all possible item combinations (power set)
PROB_1642,"Require a reliable approach for principal component analysis (pca) using Covariance Matrix, Eigenvectors / Singular Values data structures.",Machine Learning / AI,Principal Component Analysis (PCA),"Covariance Matrix, Eigenvectors / Singular Values",High-dimensional correlated numeric features,Linear transformation only,Reducing feature dimensions before ML training
PROB_0580,How can I implement lasso regression to handle l1 regularized linear regression performing feature selection by driving irrelevant feature coefficients strictly to zero. in an e-commerce platform database?,Regression,Lasso Regression,Coefficient Vector,High dimensional regression data with sparse relevant features,Selects at most n features when d > n,Performance optimization
PROB_0595,How can I implement elastic net regression to handle linear regression combining l1 and l2 regularizations to balance feature selection and coefficient stability. in an e-commerce platform database?,Regression,Elastic Net Regression,Coefficient Vector,High-dimensional tabular data with correlated feature groups,"Requires tuning two parameters (alpha, l1_ratio)",Performance optimization
PROB_0911,Which algorithm effectively performs node-based binary tree data structure where left child is smaller and right child is greater than parent. on a Binary Tree Nodes for a game engine physics solver?,Tree Algorithms,Binary Search Tree (BST),Binary Tree Nodes,Dynamic stream of comparable elements,Can degenerate to O(n) linked list if unbalanced,Dynamic set tracking with dynamic insertion/deletion
PROB_1082,Require a reliable approach for unbounded knapsack using 1D DP Array data structures.,Dynamic Programming,Unbounded Knapsack,1D DP Array,"Weights, values, capacity W",Pseudo-polynomial complexity,Stock cutter problem
PROB_0992,"Which algorithm effectively performs tree-like data structure used to store a dynamic set or associative array where keys are usually strings. on a Trie Node, Character Map for a game engine physics solver?",Tree Algorithms,Trie (Prefix Tree),"Trie Node, Character Map",Set of text strings or words,Memory intensive for large alphabets,Search engine autocomplete suggestions
PROB_0013,"Require a reliable approach for binary search using Array, Sorted List data structures.",Searching,Binary Search,"Array, Sorted List","Sorted numerical or string sequence, Known boundaries","Data structure must support fast indexed access, Requires prior sorting step",Searching in large sorted numerical arrays
PROB_0823,What is the best way to execute minimum spanning tree prim for a mobile navigation app with maximum efficiency?,Graph Algorithms,Prim's Algorithm,"Priority Queue, Adjacency List",Dense connected weighted graph,Must be undirected graph,Designing minimal cost electrical grids or fiber network cabling
PROB_0408,Need a strategy for ensemble learning method operating by constructing multiple decision trees and bagging outputs. under strict time complexity bounds.,Classification,Random Forest Classifier,Forest of Decision Trees,Tabular datasets with complex interactions,Slower inference than single tree,General tabular classification benchmark
PROB_1418,Require a reliable approach for n-queens problem using Column / Diagonal Visited Sets data structures.,Backtracking,N-Queens Problem,Column / Diagonal Visited Sets,Board size N,Exponential search space O(N!),Constraint satisfaction benchmarks
PROB_0546,"I need to solve a problem involving house price baseline in a high-frequency trading system with 10,000 entries. What algorithm is best?",Regression,Linear Regression,"Feature Matrix, Coefficient Vector",Linear tabular features,Sensitive to outliers and multicollinearity,Simple continuous target forecasting
PROB_1778,"I need to solve a problem involving combined content collaborative recommendation in a high-frequency trading system with 10,000 entries. What algorithm is best?",Machine Learning / AI,Hybrid Recommendation System,Ensemble Scoring Engine,User interaction logs and item feature metadata,System design and tuning complexity,"Production recommendation platforms (Netflix, Amazon, Spotify)"
PROB_0868,"How can I implement union-find (disjoint set union) to handle data structure tracking a partition of a set into disjoint subsets, supporting union and find with path compression. in an e-commerce platform database?",Graph Algorithms,Union-Find (Disjoint Set Union),"Parent Array, Rank / Size Array",Dynamic edge additions,Does not easily support edge deletions,Performance optimization
PROB_1512,"I am building a module in a bioinformatics DNA pipeline requiring subset sum all combinations with 100,000 items.",Backtracking,Combination Sum,Recursion Stack,Candidate array and target integer,Duplicate combinations must be pruned,Finding exact coin/token combinations summing to target value
PROB_0939,"Find the ideal algorithm to process self-balancing binary search tree using node color attributes to ensure log(n) height balance. for a social network friend graph with 1,000,000 records.",Tree Algorithms,Red-Black Tree,Red/Black Binary Nodes,Frequent dynamic insertions and deletions,Complex node recoloring/rotation rules,"Underlying implementation for C++ std::map, Java TreeMap"
PROB_1193,"I am building a module in a bioinformatics DNA pipeline requiring cherry pickup grid dp with 100,000 items.",Dynamic Programming,Grid Path Dynamic Programming,2D Grid / 1D Row DP,2D Matrix with path costs or obstacles,Restricted movement direction,Robot navigation grid movement
PROB_0824,Need a strategy for greedy algorithm that finds a minimum spanning tree (mst) for a weighted undirected graph by expanding tree from source. under strict time complexity bounds.,Graph Algorithms,Prim's Algorithm,"Priority Queue, Adjacency List",Dense connected weighted graph,Must be undirected graph,Designing minimal cost electrical grids or fiber network cabling
PROB_1272,Need a strategy for greedy algorithm building optimal prefix codes for lossless data compression based on character frequencies. under strict time complexity bounds.,Greedy Algorithms,Huffman Coding,"Min-Heap, Binary Tree Nodes",Text stream or character frequency table,Requires two-pass encoding or frequency transmission,ZIP file compression
PROB_1732,"How can I implement transformer network to handle deep learning architecture based entirely on self-attention mechanisms, powering modern large language models (llms). in an e-commerce platform database?",Machine Learning / AI,Transformer Network,"Multi-Head Attention Matrices, Position Embeddings","Text tokens, sequences, multi-modal data",Quadratic O(L^2) attention memory cost without sparse attention,Performance optimization
PROB_1426,"I need to solve a problem involving grid constraint satisfaction backtracking in a high-frequency trading system with 10,000 entries. What algorithm is best?",Backtracking,Sudoku Solver,"2D Grid, Row/Col/Box Hash Sets",9x9 grid matrix with empty slots,Combinatorial worst case,Solving Sudoku puzzles automatically
PROB_1457,"I need to solve a problem involving generate all permutations in an e-commerce platform database with 1,000 elements. What algorithm is best?",Backtracking,Permutations Generation,"Recursion Stack, Visited Boolean Array",Sequence of N items,Generates N! total outputs,Brute-force testing all ordering permutations for small N
PROB_0787,"I need to solve a problem involving distance matrix all nodes for a mobile navigation app with 100,000 items. What algorithm is best?",Graph Algorithms,Floyd-Warshall Algorithm,2D Matrix,Dense small to medium graph,O(V^3) time makes it unsuitable for large V (> 1000),Precomputing all-pairs distances for small dense graphs
PROB_0883,How can I implement johnson's algorithm to handle all-pairs shortest path algorithm combining bellman-ford and dijkstra to handle sparse graphs with negative edge weights. in an e-commerce platform database?,Graph Algorithms,Johnson's Algorithm,"Min-Heap, Adjacency List",Sparse weighted graph with potential negative edge weights,Complex multi-stage re-weighting logic,Performance optimization
PROB_0837,"Need an efficient algorithm that satisfies Sorting edges requires O(E log E) operating on a Disjoint Set Union (DSU), Edge List.",Graph Algorithms,Kruskal's Algorithm,"Disjoint Set Union (DSU), Edge List",Sparse connected or disconnected weighted graph,Sorting edges requires O(E log E),Minimum Spanning Tree on sparse graphs
PROB_1073,"I need to solve a problem involving unbounded knapsack unlimited items in an e-commerce platform database with 1,000 elements. What algorithm is best?",Dynamic Programming,Unbounded Knapsack,1D DP Array,"Weights, values, capacity W",Pseudo-polynomial complexity,Stock cutter problem
PROB_0557,System requires linear regression for simple continuous target forecasting in a cloud server log analysis system.,Regression,Linear Regression,"Feature Matrix, Coefficient Vector",Linear tabular features,Sensitive to outliers and multicollinearity,Simple continuous target forecasting
PROB_1343,Need to implement a robust method for circular circuit gas station in a digital signal processing pipeline on a massive 10^6 dataset.,Greedy Algorithms,Gas Station Problem,Running Surplus Counter,Gas array and cost array,Requires total gas sum >= total cost sum,Circular vehicle route energy planning
PROB_0164,"I need to solve a problem involving remove duplicates in place in a bioinformatics DNA pipeline with 1,000,000 records. What algorithm is best?",Searching,Two Pointer Search,"Array, String",Contiguous sequential data,Requires monotonic sequence behavior,Finding pairs in sorted array summing to target
PROB_1768,Need a strategy for recommender system technique filtering items based on user-item interaction matrix similarities (user-user or item-item svd). under strict time complexity bounds.,Machine Learning / AI,Collaborative Filtering Recommendation,"User-Item Interaction Matrix, Latent Factor Matrices (U, V)",Sparse user-item rating matrix,Cold start problem for new users or new unrated items,E-commerce product recommendations ('Users who bought X also bought Y')
PROB_1066,"I am building a module in a bioinformatics DNA pipeline requiring item selection profit capacity with 100,000 items.",Dynamic Programming,0/1 Knapsack,2D DP Array / 1D DP Array,"Item weights, values, and max capacity W",Pseudo-polynomial time O(N * W),Resource allocation under strict budget constraints
PROB_0171,"Require a reliable approach for two pointer search using Array, String data structures.",Searching,Two Pointer Search,"Array, String",Contiguous sequential data,Requires monotonic sequence behavior,Finding pairs in sorted array summing to target
PROB_0660,Need an efficient algorithm that satisfies Can build large trees operating on a Forest of Decision Trees.,Regression,Extra Trees Regressor,Forest of Decision Trees,Noisy continuous tabular data,Can build large trees,Fast continuous target estimation on noisy datasets
PROB_0338,"I need to solve a problem involving diminishing increment sort in a high-frequency trading system with 10,000 entries. What algorithm is best?",Sorting,Shell Sort,Array,Medium size arrays,Complexity depends heavily on gap sequence selection,Embedded systems where code size must be minimal and memory limited
PROB_0696,"I am building a module in a bioinformatics DNA pipeline requiring kernel SVR continuous estimation with 100,000 items.",Regression,Support Vector Regressor (SVR),Support Vectors,Small to medium non-linear datasets,Poor scalability for large n,Non-linear regression on small high-dimensional datasets
PROB_1748,"How can I implement content-based recommendation to handle recommender system matching item feature attributes (genres, keywords, descriptions) against user profile preferences. in an e-commerce platform database?",Machine Learning / AI,Content-Based Recommendation,"Item Feature Vectors, User Profile Vectors",Item metadata and user rating history,Cannot recommend items outside user's historical feature exposure,Performance optimization
PROB_1638,"Looking for an algorithm that handles High-dimensional correlated numeric features in a high-frequency trading system with 1,000 elements.",Machine Learning / AI,Principal Component Analysis (PCA),"Covariance Matrix, Eigenvectors / Singular Values",High-dimensional correlated numeric features,Linear transformation only,Reducing feature dimensions before ML training
PROB_1269,"Need an efficient algorithm that satisfies Requires two-pass encoding or frequency transmission operating on a Min-Heap, Binary Tree Nodes.",Greedy Algorithms,Huffman Coding,"Min-Heap, Binary Tree Nodes",Text stream or character frequency table,Requires two-pass encoding or frequency transmission,ZIP file compression
PROB_1427,"How can I implement sudoku solver to handle backtracking puzzle solver filling 9x9 grid so every row, column, and 3x3 subgrid contains digits 1-9. in an e-commerce platform database?",Backtracking,Sudoku Solver,"2D Grid, Row/Col/Box Hash Sets",9x9 grid matrix with empty slots,Combinatorial worst case,Performance optimization
PROB_0334,"Which algorithm effectively performs distribution sort that divides array into multiple buckets, then sorts individual buckets independently. on a Array of Lists for a game engine physics solver?",Sorting,Bucket Sort,Array of Lists,"Floating point numbers in range [0, 1)",Worst-case O(n^2) if items cluster into one bucket,Sorting floating point numbers uniformly distributed across a range
PROB_0435,"I need to solve a problem involving top competition classification model for a mobile navigation app with 100,000 items. What algorithm is best?",Classification,Gradient Boosting Classifier,Sequence of Trees,Tabular data requiring high predictive accuracy,"Requires tuning hyper-parameters (learning rate, depth)",Competitive machine learning benchmarks
PROB_1632,Need to implement a robust method for dendrogram tree clustering in a digital signal processing pipeline on a massive 10^6 dataset.,Machine Learning / AI,Hierarchical Clustering,"Distance Matrix, Dendrogram Tree",Small to medium feature matrix,High memory space O(n^2) and time complexity O(n^3),Gene expression analysis
PROB_0377,What is the best way to execute binary classification baseline for a mobile navigation app with maximum efficiency?,Classification,Logistic Regression,"Feature Matrix, Target Vector",Linearly separable tabular data,Assumes linear independence of log-odds,Binary classification baseline
PROB_1496,Need a strategy for generates all possible subsets (power set) of a given collection of elements. under strict time complexity bounds.,Backtracking,Subsets Generation (Power Set),Recursion Stack,Array of distinct elements,Generates 2^N total subsets,Evaluating all possible item combinations (power set)
PROB_0026,Need a strategy for sequential search algorithm that checks every element in a list one by one until a match is found or the end is reached. under strict time complexity bounds.,Searching,Linear Search,"Array, Linked List, Iterable","Unsorted or arbitrary order, Small to medium size",Inefficient for large arrays,Small collections
PROB_0722,"I need to solve a problem involving level order graph traversal in a high-frequency trading system with 10,000 entries. What algorithm is best?",Graph Algorithms,Breadth-First Search (BFS Graph),"Queue, Adjacency List, Visited Set",Unweighted graph or tree,O(V) memory for queue,Shortest path in unweighted networks
PROB_0673,"I need to solve a problem involving gradient boosting continuous target in an e-commerce platform database with 1,000 elements. What algorithm is best?",Regression,Gradient Boosting Regressor,Sequence of Regression Trees,Structured continuous tabular targets,Requires tuning learning rate and tree depth,High accuracy continuous regression benchmarks
PROB_1304,"I am building a module in a bioinformatics DNA pipeline requiring minimum interval removals to eliminate overlap with 100,000 items.",Greedy Algorithms,Interval Scheduling,Array of Intervals,Array of numeric 2D intervals,Greedy finish time sorting strictly required,Conference talk scheduling
PROB_0047,"Find the ideal algorithm to process data structure technique that stores key-value pairs using a hash function for near-constant time lookups and insertions. for a social network friend graph with 1,000,000 records.",Searching,Hash Table / Dictionary Lookup,"Hash Map, Hash Set, Dictionary","Unique keys or items, Unordered data","Consumes extra memory for hash storage, Potential hash collisions",Repeated fast lookups
PROB_0310,"Looking for an algorithm that handles Integers or fixed-length strings in a high-frequency trading system with 1,000 elements.",Sorting,Radix Sort,"Array, Buckets",Integers or fixed-length strings,Requires stable underlying digit sort,Sorting large lists of integers or fixed-length strings in O(nk)
PROB_0462,Which algorithm effectively performs adaptive boosting ensemble algorithm that adjusts weights of misclassified instances iteratively. on a Sequence of Decision Stumps for a game engine physics solver?,Classification,AdaBoost Classifier,Sequence of Decision Stumps,Tabular datasets,Sensitive to noisy data and outliers,Boosting weak learners for binary classification
PROB_1453,System requires rat in a maze for finding all valid paths through a maze with obstacles in a cloud server log analysis system.,Backtracking,Rat in a Maze,"Recursion Stack, Visited Matrix",N x N matrix with open and blocked cells,Avoid infinite loops by tracking visited cells,Finding all valid paths through a maze with obstacles
PROB_0875,How to optimize connected components tracking when data characteristics are Dynamic edge additions?,Graph Algorithms,Union-Find (Disjoint Set Union),"Parent Array, Rank / Size Array",Dynamic edge additions,Does not easily support edge deletions,Cycle detection in undirected graphs
PROB_1739,"How to optimize transformer llm text processing when data characteristics are Text tokens, sequences, multi-modal data?",Machine Learning / AI,Transformer Network,"Multi-Head Attention Matrices, Position Embeddings","Text tokens, sequences, multi-modal data",Quadratic O(L^2) attention memory cost without sparse attention,Large Language Models (LLMs)
PROB_0247,"Looking for an algorithm that handles General large datasets in a high-frequency trading system with 1,000 elements.",Sorting,Merge Sort,"Array, Linked List",General large datasets,Auxiliary space O(n),Guaranteed O(n log n) sorting
PROB_0710,What is the best way to execute xgboost continuous forecasting for a mobile navigation app with maximum efficiency?,Regression,XGBoost Regressor,"DMatrix, Gradient Trees",Structured tabular data with continuous target,Requires tuning hyper-parameters,State-of-the-art tabular continuous regression
PROB_1152,Need to implement a robust method for edit distance string spellcheck in a digital signal processing pipeline on a massive 10^6 dataset.,Dynamic Programming,Edit Distance (Levenshtein Distance),2D DP Grid,Text strings,O(M * N) space and time,Auto-correct spell checkers
PROB_0759,"Looking for an algorithm that handles Weighted graph with non-negative weights in a high-frequency trading system with 1,000 elements.",Graph Algorithms,Dijkstra's Shortest Path Algorithm,"Priority Queue / Min-Heap, Adjacency List",Weighted graph with non-negative weights,Fails if graph contains negative edge weights,GPS map routing
PROB_0578,"I need to solve a problem involving automatic feature selection in a high-frequency trading system with 10,000 entries. What algorithm is best?",Regression,Lasso Regression,Coefficient Vector,High dimensional regression data with sparse relevant features,Selects at most n features when d > n,Feature selection in high-dimensional continuous regression
PROB_1544,Need a strategy for determines if a path exists visiting every node in a graph exactly once. under strict time complexity bounds.,Backtracking,Hamiltonian Path / Cycle,"Visited Array, Path Array",Directed or undirected graph,NP-complete problem,Route planning requiring visiting all locations exactly once
PROB_1278,"Designing a solution for frequency tree prefix coding with Requires two-pass encoding or frequency transmission with 10,000 entries.",Greedy Algorithms,Huffman Coding,"Min-Heap, Binary Tree Nodes",Text stream or character frequency table,Requires two-pass encoding or frequency transmission,ZIP file compression
PROB_1681,"I need to solve a problem involving image classification cnn in an e-commerce platform database with 1,000 elements. What algorithm is best?",Machine Learning / AI,Convolutional Neural Network (CNN),"Convolutional Kernels, Feature Maps",2D/3D Image grids or spatial signals,High compute power required for training,Image classification
PROB_1271,What is the best way to execute huffman encoding lossless compression for a mobile navigation app with maximum efficiency?,Greedy Algorithms,Huffman Coding,"Min-Heap, Binary Tree Nodes",Text stream or character frequency table,Requires two-pass encoding or frequency transmission,ZIP file compression
PROB_1088,Need to implement a robust method for unbounded knapsack unlimited items in a digital signal processing pipeline on a massive 10^6 dataset.,Dynamic Programming,Unbounded Knapsack,1D DP Array,"Weights, values, capacity W",Pseudo-polynomial complexity,Stock cutter problem
PROB_0773,"Need an efficient algorithm that satisfies Slower O(V*E) time complexity operating on a Edge List, Distance Array.",Graph Algorithms,Bellman-Ford Algorithm,"Edge List, Distance Array",Weighted graph with potential negative edge weights,Slower O(V*E) time complexity,Financial currency arbitrage detection
PROB_0018,"I need to solve a problem involving find first occurrence in a high-frequency trading system with 10,000 entries. What algorithm is best?",Searching,Linear Search,"Array, Linked List, Iterable","Unsorted or arbitrary order, Small to medium size",Inefficient for large arrays,Small collections
PROB_1405,"Designing a solution for network layout optimization with No cycles in output tree with 10,000 entries.",Greedy Algorithms,Minimum Spanning Tree Strategy,"Graph, Min Heap / Union Find",Connected graph,No cycles in output tree,Infrastructure network design
PROB_0332,System requires bucket sort for sorting floating point numbers uniformly distributed across a range in a cloud server log analysis system.,Sorting,Bucket Sort,Array of Lists,"Floating point numbers in range [0, 1)",Worst-case O(n^2) if items cluster into one bucket,Sorting floating point numbers uniformly distributed across a range
PROB_1401,"Require a reliable approach for minimum spanning tree strategy using Graph, Min Heap / Union Find data structures.",Greedy Algorithms,Minimum Spanning Tree Strategy,"Graph, Min Heap / Union Find",Connected graph,No cycles in output tree,Infrastructure network design
PROB_0637,"Designing a solution for non linear regression tree with Cannot extrapolate beyond training target range with 10,000 entries.",Regression,Decision Tree Regressor,Decision Tree,Tabular features with step-like non-linear target patterns,Cannot extrapolate beyond training target range,Non-linear tabular regression with step boundaries
PROB_0858,"I am building a module in a bioinformatics DNA pipeline requiring prerequisite course ordering with 100,000 items.",Graph Algorithms,Topological Sort,"Queue (Kahn's), In-degree Array, DAG",Directed graph with no cycles,Fails if graph contains cycles,"Package dependency management (e.g. pip, npm)"
PROB_1004,How to optimize priority queue heap when data characteristics are Dynamic stream requiring min/max retrieval?,Tree Algorithms,Binary Heap (Priority Queue),Array representation of Complete Tree,Dynamic stream requiring min/max retrieval,Searching arbitrary elements takes O(n),Priority queues
PROB_0782,"Designing a solution for detect negative cycle graph with Slower O(V*E) time complexity with 10,000 entries.",Graph Algorithms,Bellman-Ford Algorithm,"Edge List, Distance Array",Weighted graph with potential negative edge weights,Slower O(V*E) time complexity,Financial currency arbitrage detection
PROB_0109,System requires fibonacci search for systems where multiplication or division is computationally expensive in a cloud server log analysis system.,Searching,Fibonacci Search,"Array, Sorted List",Sorted numeric array,Requires generating Fibonacci numbers,Systems where multiplication or division is computationally expensive
PROB_0785,"I need to solve a problem involving all pairs shortest path in an e-commerce platform database with 1,000 elements. What algorithm is best?",Graph Algorithms,Floyd-Warshall Algorithm,2D Matrix,Dense small to medium graph,O(V^3) time makes it unsuitable for large V (> 1000),Precomputing all-pairs distances for small dense graphs
PROB_0464,Looking for optimal solution for adaboost classifier addressing Tabular datasets for a database query optimizer.,Classification,AdaBoost Classifier,Sequence of Decision Stumps,Tabular datasets,Sensitive to noisy data and outliers,Boosting weak learners for binary classification
PROB_1291,"Find the ideal algorithm to process greedy strategy scheduling jobs with deadlines and profits to maximize total profit on a single machine. for a social network friend graph with 1,000,000 records.",Greedy Algorithms,Job Sequencing with Deadlines,Time Slot Array / Disjoint Set Union,List of jobs with profit and deadline,Each job takes 1 unit of time,Task execution scheduling under deadline penalties
PROB_1138,"I need to solve a problem involving levenshtein distance string similarity in a high-frequency trading system with 10,000 entries. What algorithm is best?",Dynamic Programming,Edit Distance (Levenshtein Distance),2D DP Grid,Text strings,O(M * N) space and time,Auto-correct spell checkers
PROB_0708,"Need an efficient algorithm that satisfies Requires tuning hyper-parameters operating on a DMatrix, Gradient Trees.",Regression,XGBoost Regressor,"DMatrix, Gradient Trees",Structured tabular data with continuous target,Requires tuning hyper-parameters,State-of-the-art tabular continuous regression
PROB_0618,Require a reliable approach for polynomial regression using Polynomial Feature Matrix data structures.,Regression,Polynomial Regression,Polynomial Feature Matrix,Non-linear continuous relationships,Feature space grows exponentially with polynomial degree,Fitting non-linear curves for small feature sets
PROB_0496,Need to implement a robust method for lazy learning classification in a digital signal processing pipeline on a massive 10^6 dataset.,Classification,K-Nearest Neighbors Classifier (KNN),"KD-Tree, Ball-Tree, Feature Matrix",Small to medium tabular data with low dimensions,High prediction memory/time O(n * d),Instance-based learning
PROB_0582,"Looking for an algorithm that handles High dimensional regression data with sparse relevant features in a high-frequency trading system with 1,000 elements.",Regression,Lasso Regression,Coefficient Vector,High dimensional regression data with sparse relevant features,Selects at most n features when d > n,Feature selection in high-dimensional continuous regression
PROB_1574,What is the best way to execute knights tour chessboard for a mobile navigation app with maximum efficiency?,Backtracking,Knight's Tour Problem,Board Matrix,N x N chessboard,Knight move L-shape restrictions,Chess puzzle algorithms
PROB_0170,"I am building a module in a bioinformatics DNA pipeline requiring remove duplicates in place with 100,000 items.",Searching,Two Pointer Search,"Array, String",Contiguous sequential data,Requires monotonic sequence behavior,Finding pairs in sorted array summing to target
PROB_1114,Require a reliable approach for longest common subsequence (lcs) using 2D DP Grid data structures.,Dynamic Programming,Longest Common Subsequence (LCS),2D DP Grid,Strings or element sequences,Quadratic space/time O(M * N),Git diff file comparison
PROB_0869,"Need an efficient algorithm that satisfies Does not easily support edge deletions operating on a Parent Array, Rank / Size Array.",Graph Algorithms,Union-Find (Disjoint Set Union),"Parent Array, Rank / Size Array",Dynamic edge additions,Does not easily support edge deletions,Cycle detection in undirected graphs
PROB_0024,"Looking for an algorithm that handles Unsorted or arbitrary order, Small to medium size in a high-frequency trading system with 1,000 elements.",Searching,Linear Search,"Array, Linked List, Iterable","Unsorted or arbitrary order, Small to medium size",Inefficient for large arrays,Small collections
PROB_1663,Which algorithm effectively performs probabilistic machine learning model based on bayes theorem applied to text and tabular classification. on a Probability Map for a game engine physics solver?,Machine Learning / AI,Naive Bayes (ML / AI),Probability Map,Text feature vectors (TF-IDF/Word Counts),Independence assumption,Spam filtering
PROB_0599,Need a strategy for linear regression combining l1 and l2 regularizations to balance feature selection and coefficient stability. under strict time complexity bounds.,Regression,Elastic Net Regression,Coefficient Vector,High-dimensional tabular data with correlated feature groups,"Requires tuning two parameters (alpha, l1_ratio)",Continuous target prediction with group-correlated high-dimensional features
PROB_1035,How to optimize prefix sum update when data characteristics are 1D numerical array with point updates?,Tree Algorithms,Fenwick Tree (Binary Indexed Tree),Array (1-indexed),1D numerical array with point updates,Difficult for arbitrary non-invertible range operations,Dynamic prefix sum queries with point updates
PROB_0570,Require a reliable approach for ridge regression using Coefficient Vector data structures.,Regression,Ridge Regression,Coefficient Vector,Tabular regression with correlated features,"Does not perform feature selection (coefficients shrink near zero, not zero)",Continuous regression with correlated predictors
PROB_1186,"I need to solve a problem involving unique paths grid obstacles in a high-frequency trading system with 10,000 entries. What algorithm is best?",Dynamic Programming,Grid Path Dynamic Programming,2D Grid / 1D Row DP,2D Matrix with path costs or obstacles,Restricted movement direction,Robot navigation grid movement
PROB_1403,"Find the ideal algorithm to process general greedy strategy for connecting graph nodes with minimal total edge weight. for a social network friend graph with 1,000,000 records.",Greedy Algorithms,Minimum Spanning Tree Strategy,"Graph, Min Heap / Union Find",Connected graph,No cycles in output tree,Infrastructure network design
PROB_1504,Need to implement a robust method for generate power set in a digital signal processing pipeline on a massive 10^6 dataset.,Backtracking,Subsets Generation (Power Set),Recursion Stack,Array of distinct elements,Generates 2^N total subsets,Evaluating all possible item combinations (power set)
PROB_0575,Which algorithm effectively performs l2 regularized linear regression that prevents overfitting by shrinking feature coefficients. on a Coefficient Vector for a game engine physics solver?,Regression,Ridge Regression,Coefficient Vector,Tabular regression with correlated features,"Does not perform feature selection (coefficients shrink near zero, not zero)",Continuous regression with correlated predictors
PROB_0898,"I need to solve a problem involving dynamic sorted set in a high-frequency trading system with 10,000 entries. What algorithm is best?",Tree Algorithms,Binary Search Tree (BST),Binary Tree Nodes,Dynamic stream of comparable elements,Can degenerate to O(n) linked list if unbalanced,Dynamic set tracking with dynamic insertion/deletion
PROB_0968,Need a strategy for breadth-first traversal visiting binary tree nodes level by level from top to bottom. under strict time complexity bounds.,Tree Algorithms,Tree Level Order Traversal (BFS Tree),"Queue, Binary Tree",Tree hierarchical levels,Memory proportional to maximum tree width,Printing tree by levels
PROB_0194,"I need to solve a problem involving adjacent element swaps in a high-frequency trading system with 10,000 entries. What algorithm is best?",Sorting,Bubble Sort,Array,Small list or nearly sorted list,Quadratic time complexity O(n^2),Educational purposes
PROB_1010,"I need to solve a problem involving range minimum query dynamic in a high-frequency trading system with 10,000 entries. What algorithm is best?",Tree Algorithms,Segment Tree,Array Segment Tree,Array with frequent point updates and range queries,Requires 4N memory space,Dynamic range minimum/maximum/sum queries with point updates
PROB_0861,"Find the ideal algorithm to process linear ordering of vertices in a directed acyclic graph (dag) such that for every directed edge u -> v, u comes before v. for a social network friend graph with 1,000,000 records.",Graph Algorithms,Topological Sort,"Queue (Kahn's), In-degree Array, DAG",Directed graph with no cycles,Fails if graph contains cycles,"Package dependency management (e.g. pip, npm)"
PROB_1293,"Designing a solution for deadline scheduling greedy with Each job takes 1 unit of time with 10,000 entries.",Greedy Algorithms,Job Sequencing with Deadlines,Time Slot Array / Disjoint Set Union,List of jobs with profit and deadline,Each job takes 1 unit of time,Task execution scheduling under deadline penalties
PROB_0605,"Designing a solution for regularized correlated feature selection with Requires tuning two parameters (alpha, l1_ratio) with 10,000 entries.",Regression,Elastic Net Regression,Coefficient Vector,High-dimensional tabular data with correlated feature groups,"Requires tuning two parameters (alpha, l1_ratio)",Continuous target prediction with group-correlated high-dimensional features
PROB_0822,"Looking for an algorithm that handles Dense connected weighted graph in a high-frequency trading system with 1,000 elements.",Graph Algorithms,Prim's Algorithm,"Priority Queue, Adjacency List",Dense connected weighted graph,Must be undirected graph,Designing minimal cost electrical grids or fiber network cabling
PROB_1670,"Looking for an algorithm that handles Tabular or dense numeric vector features in a high-frequency trading system with 1,000 elements.",Machine Learning / AI,Multilayer Perceptron (MLP Deep Learning),"Weight Matrices, Bias Vectors",Tabular or dense numeric vector features,Black-box model requiring careful hyperparameter tuning,Complex non-linear classification/regression
PROB_0071,What is the best way to execute uniformly distributed sorted search for a mobile navigation app with maximum efficiency?,Searching,Interpolation Search,"Array, Sorted List",Sorted numbers with uniform intervals,Performance degrades to O(n) if data is non-uniform,Searching in large uniformly distributed numerical sorted data
PROB_0812,"Find the ideal algorithm to process heuristic-driven graph search algorithm that finds the shortest path using f(n) = g(n) + h(n). for a social network friend graph with 1,000,000 records.",Graph Algorithms,A* Search Algorithm,"Priority Queue, Heuristic Function",Grid map or spatial graph with coordinate data,Quality depends heavily on heuristic function,Video game NPC pathfinding
PROB_1727,"Which algorithm effectively performs specialized rnn architecture featuring memory cell gates (input, forget, output) to capture long-term sequential dependencies. on a Cell State, Gate Tensors (Forget, Input, Output) for a game engine physics solver?",Machine Learning / AI,Long Short-Term Memory (LSTM),"Cell State, Gate Tensors (Forget, Input, Output)",Sequential time series data or long text passages,Sequential processing limits parallel GPU scaling,Financial time series forecasting
PROB_1026,"I need to solve a problem involving binary indexed tree prefix sum in a high-frequency trading system with 10,000 entries. What algorithm is best?",Tree Algorithms,Fenwick Tree (Binary Indexed Tree),Array (1-indexed),1D numerical array with point updates,Difficult for arbitrary non-invertible range operations,Dynamic prefix sum queries with point updates
PROB_1358,"Which algorithm effectively performs greedy edge pick strategy building minimum spanning tree by selecting smallest weight edges. on a Union-Find, Sorted Edge List for a game engine physics solver?",Greedy Algorithms,Kruskal's MST (Greedy),"Union-Find, Sorted Edge List",Edge list with weights,Sorting step requires O(E log E),Greedy spanning tree connection
PROB_1481,Require a reliable approach for combinations generation using Recursion Stack data structures.,Backtracking,Combinations Generation,Recursion Stack,Range 1..n and target length k,"Produces C(n, k) total combinations",Lottery combination generation
PROB_1419,How to optimize n queens puzzle when data characteristics are Board size N?,Backtracking,N-Queens Problem,Column / Diagonal Visited Sets,Board size N,Exponential search space O(N!),Constraint satisfaction benchmarks
PROB_0004,"I need to solve a problem involving half search space in a bioinformatics DNA pipeline with 1,000,000 records. What algorithm is best?",Searching,Binary Search,"Array, Sorted List","Sorted numerical or string sequence, Known boundaries","Data structure must support fast indexed access, Requires prior sorting step",Searching in large sorted numerical arrays
PROB_0996,"I need to solve a problem involving find median in data stream in a bioinformatics DNA pipeline with 1,000,000 records. What algorithm is best?",Tree Algorithms,Binary Heap (Priority Queue),Array representation of Complete Tree,Dynamic stream requiring min/max retrieval,Searching arbitrary elements takes O(n),Priority queues
PROB_0723,"I need to solve a problem involving social network degrees of separation for a mobile navigation app with 100,000 items. What algorithm is best?",Graph Algorithms,Breadth-First Search (BFS Graph),"Queue, Adjacency List, Visited Set",Unweighted graph or tree,O(V) memory for queue,Shortest path in unweighted networks
PROB_1602,"I need to solve a problem involving outlier noise detection clustering in a high-frequency trading system with 10,000 entries. What algorithm is best?",Machine Learning / AI,DBSCAN Clustering,KD-Tree / Ball-Tree,Spatial or tabular feature coordinates,Struggles with varying density clusters,Geospatial spatial data clustering
PROB_1756,"Find the ideal algorithm to process recommender system matching item feature attributes (genres, keywords, descriptions) against user profile preferences. for a social network friend graph with 1,000,000 records.",Machine Learning / AI,Content-Based Recommendation,"Item Feature Vectors, User Profile Vectors",Item metadata and user rating history,Cannot recommend items outside user's historical feature exposure,Movie/article recommendations based on item metadata features
PROB_1528,Need a strategy for determines whether a graph can be colored with at most m colors such that no two adjacent vertices share same color. under strict time complexity bounds.,Backtracking,Graph Coloring Problem,"Color Assignment Array, Adjacency Matrix",Undirected graph and integer M,NP-complete problem,Compiler register allocation
PROB_1689,"I am building a module in a bioinformatics DNA pipeline requiring spatial grid feature extraction with 100,000 items.",Machine Learning / AI,Convolutional Neural Network (CNN),"Convolutional Kernels, Feature Maps",2D/3D Image grids or spatial signals,High compute power required for training,Image classification
PROB_0466,"I need to solve a problem involving kernel trick classification in a high-frequency trading system with 10,000 entries. What algorithm is best?",Classification,Support Vector Classifier (SVC),Support Vectors,"High dimensional data, small to medium sample size",Scales quadratically O(n^2) with sample size,Text classification
PROB_0220,System requires selection sort for small datasets where memory writing is expensive in a cloud server log analysis system.,Sorting,Selection Sort,Array,Small array size,Always O(n^2) comparisons regardless of input,Small datasets where memory writing is expensive
PROB_0579,"I need to solve a problem involving sparse linear regression for a mobile navigation app with 100,000 items. What algorithm is best?",Regression,Lasso Regression,Coefficient Vector,High dimensional regression data with sparse relevant features,Selects at most n features when d > n,Feature selection in high-dimensional continuous regression
PROB_1361,"I need to solve a problem involving prim node grow greedy in an e-commerce platform database with 1,000 elements. What algorithm is best?",Greedy Algorithms,Prim's MST (Greedy),Min-Heap,Adjacency weighted list,Undirected graph,Dense graph minimum spanning tree
PROB_0172,How to optimize two sum sorted array when data characteristics are Contiguous sequential data?,Searching,Two Pointer Search,"Array, String",Contiguous sequential data,Requires monotonic sequence behavior,Finding pairs in sorted array summing to target
PROB_0084,"How can I implement exponential search to handle search algorithm for unbounded or infinite sorted lists that finds a range where target resides by doubling indices, then performs binary search. in an e-commerce platform database?",Searching,Exponential Search,"Array, Sorted Stream",Sorted array or unbounded stream,Requires random access by index,Performance optimization
PROB_0571,How to optimize l2 regularization regression when data characteristics are Tabular regression with correlated features?,Regression,Ridge Regression,Coefficient Vector,Tabular regression with correlated features,"Does not perform feature selection (coefficients shrink near zero, not zero)",Continuous regression with correlated predictors
PROB_1667,"I need to solve a problem involving non linear neural net classification for a mobile navigation app with 100,000 items. What algorithm is best?",Machine Learning / AI,Multilayer Perceptron (MLP Deep Learning),"Weight Matrices, Bias Vectors",Tabular or dense numeric vector features,Black-box model requiring careful hyperparameter tuning,Complex non-linear classification/regression
PROB_1697,"I need to solve a problem involving sequential text prediction in an e-commerce platform database with 1,000 elements. What algorithm is best?",Machine Learning / AI,Recurrent Neural Network (RNN),"Hidden State Tensor, Recurrent Weights",Time series or text sequences,Vanishing/exploding gradient during long sequences,Short sequence prediction
PROB_0224,Looking for optimal solution for selection sort addressing Small array size for a database query optimizer.,Sorting,Selection Sort,Array,Small array size,Always O(n^2) comparisons regardless of input,Small datasets where memory writing is expensive
PROB_1355,"Find the ideal algorithm to process greedy edge pick strategy building minimum spanning tree by selecting smallest weight edges. for a social network friend graph with 1,000,000 records.",Greedy Algorithms,Kruskal's MST (Greedy),"Union-Find, Sorted Edge List",Edge list with weights,Sorting step requires O(E log E),Greedy spanning tree connection
PROB_0946,"I need to solve a problem involving serialize deserialize tree in a high-frequency trading system with 10,000 entries. What algorithm is best?",Tree Algorithms,Binary Tree Traversal (Pre/In/Post Order),"Binary Tree, Stack",Hierarchical tree structure,Recursion stack depth,In-order for sorted BST output
PROB_0792,Need a strategy for all-pairs shortest path algorithm finding shortest distances between every pair of vertices in a weighted graph. under strict time complexity bounds.,Graph Algorithms,Floyd-Warshall Algorithm,2D Matrix,Dense small to medium graph,O(V^3) time makes it unsuitable for large V (> 1000),Precomputing all-pairs distances for small dense graphs
PROB_1581,"Designing a solution for knight move board coverage with Knight move L-shape restrictions with 10,000 entries.",Backtracking,Knight's Tour Problem,Board Matrix,N x N chessboard,Knight move L-shape restrictions,Chess puzzle algorithms
PROB_0542,"Designing a solution for kaggle winning classification with High hyper-parameter tuning requirements with 10,000 entries.",Classification,XGBoost Classifier,"DMatrix, Gradient Trees",Structured tabular datasets,High hyper-parameter tuning requirements,Tabular classification competitions
PROB_0726,"Looking for an algorithm that handles Unweighted graph or tree in a high-frequency trading system with 1,000 elements.",Graph Algorithms,Breadth-First Search (BFS Graph),"Queue, Adjacency List, Visited Set",Unweighted graph or tree,O(V) memory for queue,Shortest path in unweighted networks
PROB_0659,How can I implement extra trees regressor to handle extremely randomized trees regressor randomizing splits for lower variance continuous predictions. in an e-commerce platform database?,Regression,Extra Trees Regressor,Forest of Decision Trees,Noisy continuous tabular data,Can build large trees,Performance optimization
PROB_0818,"I need to solve a problem involving connect all nodes with minimum cost in a high-frequency trading system with 10,000 entries. What algorithm is best?",Graph Algorithms,Prim's Algorithm,"Priority Queue, Adjacency List",Dense connected weighted graph,Must be undirected graph,Designing minimal cost electrical grids or fiber network cabling
PROB_1311,Need to implement a robust method for interval overlap removal in a digital signal processing pipeline on a massive 10^6 dataset.,Greedy Algorithms,Interval Scheduling,Array of Intervals,Array of numeric 2D intervals,Greedy finish time sorting strictly required,Conference talk scheduling
PROB_1237,Need an efficient algorithm that satisfies Requires initial sorting by finish time operating on a Array of Intervals.,Greedy Algorithms,Activity Selection Problem,Array of Intervals,Set of overlapping interval pairs,Requires initial sorting by finish time,Meeting room scheduling
PROB_0306,"I need to solve a problem involving large integer list sort in a high-frequency trading system with 10,000 entries. What algorithm is best?",Sorting,Radix Sort,"Array, Buckets",Integers or fixed-length strings,Requires stable underlying digit sort,Sorting large lists of integers or fixed-length strings in O(nk)
PROB_1483,"Find the ideal algorithm to process backtracking algorithm generating all combinations of k items selected from n distinct numbers. for a social network friend graph with 1,000,000 records.",Backtracking,Combinations Generation,Recursion Stack,Range 1..n and target length k,"Produces C(n, k) total combinations",Lottery combination generation
PROB_0490,"Require a reliable approach for k-nearest neighbors classifier (knn) using KD-Tree, Ball-Tree, Feature Matrix data structures.",Classification,K-Nearest Neighbors Classifier (KNN),"KD-Tree, Ball-Tree, Feature Matrix",Small to medium tabular data with low dimensions,High prediction memory/time O(n * d),Instance-based learning
PROB_0311,What is the best way to execute digit by digit sorting for a mobile navigation app with maximum efficiency?,Sorting,Radix Sort,"Array, Buckets",Integers or fixed-length strings,Requires stable underlying digit sort,Sorting large lists of integers or fixed-length strings in O(nk)
PROB_1477,"Looking for an algorithm that handles Range 1..n and target length k in a high-frequency trading system with 1,000 elements.",Backtracking,Combinations Generation,Recursion Stack,Range 1..n and target length k,"Produces C(n, k) total combinations",Lottery combination generation
PROB_1006,System requires binary heap (priority queue) for priority queues in a cloud server log analysis system.,Tree Algorithms,Binary Heap (Priority Queue),Array representation of Complete Tree,Dynamic stream requiring min/max retrieval,Searching arbitrary elements takes O(n),Priority queues
PROB_0397,System requires decision tree classifier for rule-based business decisions in a cloud server log analysis system.,Classification,Decision Tree Classifier,Binary / Multi-way Tree,Tabular data with mixed categorical/numerical features,Prone to overfitting if unconstrained,Rule-based business decisions
PROB_0842,"Require a reliable approach for kruskal's algorithm using Disjoint Set Union (DSU), Edge List data structures.",Graph Algorithms,Kruskal's Algorithm,"Disjoint Set Union (DSU), Edge List",Sparse connected or disconnected weighted graph,Sorting edges requires O(E log E),Minimum Spanning Tree on sparse graphs
PROB_1705,"I am building a module in a bioinformatics DNA pipeline requiring sequence to sequence model with 100,000 items.",Machine Learning / AI,Recurrent Neural Network (RNN),"Hidden State Tensor, Recurrent Weights",Time series or text sequences,Vanishing/exploding gradient during long sequences,Short sequence prediction
PROB_1463,What is the best way to execute generate all permutations for a mobile navigation app with maximum efficiency?,Backtracking,Permutations Generation,"Recursion Stack, Visited Boolean Array",Sequence of N items,Generates N! total outputs,Brute-force testing all ordering permutations for small N
PROB_1458,"I need to solve a problem involving order arrangement permutations in a high-frequency trading system with 10,000 entries. What algorithm is best?",Backtracking,Permutations Generation,"Recursion Stack, Visited Boolean Array",Sequence of N items,Generates N! total outputs,Brute-force testing all ordering permutations for small N
PROB_1692,"Find the ideal algorithm to process deep learning architecture utilizing convolutional filters to extract spatial feature hierarchies from visual inputs. for a social network friend graph with 1,000,000 records.",Machine Learning / AI,Convolutional Neural Network (CNN),"Convolutional Kernels, Feature Maps",2D/3D Image grids or spatial signals,High compute power required for training,Image classification
PROB_1576,"I am building a module in a bioinformatics DNA pipeline requiring knight move board coverage with 100,000 items.",Backtracking,Knight's Tour Problem,Board Matrix,N x N chessboard,Knight move L-shape restrictions,Chess puzzle algorithms
PROB_0796,"Find the ideal algorithm to process all-pairs shortest path algorithm finding shortest distances between every pair of vertices in a weighted graph. for a social network friend graph with 1,000,000 records.",Graph Algorithms,Floyd-Warshall Algorithm,2D Matrix,Dense small to medium graph,O(V^3) time makes it unsuitable for large V (> 1000),Precomputing all-pairs distances for small dense graphs
PROB_1096,Need a strategy for dp algorithm finding minimum number of coins needed to make up a target amount. under strict time complexity bounds.,Dynamic Programming,Coin Change,1D DP Array,List of coin values and integer target amount,Unbounded coin supply assumption,Vending machine currency exchange
PROB_1201,"I need to solve a problem involving burst balloons interval dp in an e-commerce platform database with 1,000 elements. What algorithm is best?",Dynamic Programming,Interval Dynamic Programming,2D Interval DP Table,Sequential array requiring range merges,O(N^3) time complexity,"Game theory range merging (e.g. Balloon Bursting, Stone Merging)"
PROB_1417,"I am building a module in a bioinformatics DNA pipeline requiring constraint satisfaction board backtracking with 100,000 items.",Backtracking,N-Queens Problem,Column / Diagonal Visited Sets,Board size N,Exponential search space O(N!),Constraint satisfaction benchmarks
PROB_0893,"Designing a solution for negative edge weight all pairs with Complex multi-stage re-weighting logic with 10,000 entries.",Graph Algorithms,Johnson's Algorithm,"Min-Heap, Adjacency List",Sparse weighted graph with potential negative edge weights,Complex multi-stage re-weighting logic,All-pairs shortest path on sparse graphs with negative edge weights
PROB_0208,Need to implement a robust method for simple sorting in a digital signal processing pipeline on a massive 10^6 dataset.,Sorting,Bubble Sort,Array,Small list or nearly sorted list,Quadratic time complexity O(n^2),Educational purposes
PROB_0098,"I need to solve a problem involving addition only search in a high-frequency trading system with 10,000 entries. What algorithm is best?",Searching,Fibonacci Search,"Array, Sorted List",Sorted numeric array,Requires generating Fibonacci numbers,Systems where multiplication or division is computationally expensive
PROB_0746,"I am building a module in a bioinformatics DNA pipeline requiring path existence in graph with 100,000 items.",Graph Algorithms,Depth-First Search (DFS Graph),"Stack, Recursion, Adjacency List",Directed or undirected graph,Recursion limit on deep graphs,Detecting graph cycles
PROB_0309,"Need an efficient algorithm that satisfies Requires stable underlying digit sort operating on a Array, Buckets.",Sorting,Radix Sort,"Array, Buckets",Integers or fixed-length strings,Requires stable underlying digit sort,Sorting large lists of integers or fixed-length strings in O(nk)
PROB_0568,Need a strategy for l2 regularized linear regression that prevents overfitting by shrinking feature coefficients. under strict time complexity bounds.,Regression,Ridge Regression,Coefficient Vector,Tabular regression with correlated features,"Does not perform feature selection (coefficients shrink near zero, not zero)",Continuous regression with correlated predictors
PROB_1640,Need a strategy for linear dimensionality reduction technique projecting data onto principal axes of maximum variance. under strict time complexity bounds.,Machine Learning / AI,Principal Component Analysis (PCA),"Covariance Matrix, Eigenvectors / Singular Values",High-dimensional correlated numeric features,Linear transformation only,Reducing feature dimensions before ML training
PROB_1216,Need to implement a robust method for burst balloons interval dp in a digital signal processing pipeline on a massive 10^6 dataset.,Dynamic Programming,Interval Dynamic Programming,2D Interval DP Table,Sequential array requiring range merges,O(N^3) time complexity,"Game theory range merging (e.g. Balloon Bursting, Stone Merging)"
PROB_1254,"Looking for an algorithm that handles Item weights, values, capacity W in a high-frequency trading system with 1,000 elements.",Greedy Algorithms,Fractional Knapsack,Array of Items,"Item weights, values, capacity W",Only valid when items can be divided,"Bulk commodity trading (gold dust, oil, grain allocation)"
PROB_0079,"Which algorithm effectively performs improved binary search variant for uniformly distributed sorted arrays that estimates position based on target value relative to low/high values. on a Array, Sorted List for a game engine physics solver?",Searching,Interpolation Search,"Array, Sorted List",Sorted numbers with uniform intervals,Performance degrades to O(n) if data is non-uniform,Searching in large uniformly distributed numerical sorted data
PROB_0384,"Designing a solution for linear decision boundary with Assumes linear independence of log-odds with 10,000 entries.",Classification,Logistic Regression,"Feature Matrix, Target Vector",Linearly separable tabular data,Assumes linear independence of log-odds,Binary classification baseline
PROB_0447,"Which algorithm effectively performs ensemble technique that builds decision trees sequentially, each correcting errors of previous trees. on a Sequence of Trees for a game engine physics solver?",Classification,Gradient Boosting Classifier,Sequence of Trees,Tabular data requiring high predictive accuracy,"Requires tuning hyper-parameters (learning rate, depth)",Competitive machine learning benchmarks
PROB_1195,How to optimize grid minimum path sum when data characteristics are 2D Matrix with path costs or obstacles?,Dynamic Programming,Grid Path Dynamic Programming,2D Grid / 1D Row DP,2D Matrix with path costs or obstacles,Restricted movement direction,Robot navigation grid movement
PROB_1456,Need to implement a robust method for rat in a maze pathfinding in a digital signal processing pipeline on a massive 10^6 dataset.,Backtracking,Rat in a Maze,"Recursion Stack, Visited Matrix",N x N matrix with open and blocked cells,Avoid infinite loops by tracking visited cells,Finding all valid paths through a maze with obstacles
PROB_0734,"Designing a solution for level order graph traversal with O(V) memory for queue with 10,000 entries.",Graph Algorithms,Breadth-First Search (BFS Graph),"Queue, Adjacency List, Visited Set",Unweighted graph or tree,O(V) memory for queue,Shortest path in unweighted networks
PROB_0111,"Which algorithm effectively performs comparison-based search technique for sorted arrays using fibonacci numbers to divide the array. on a Array, Sorted List for a game engine physics solver?",Searching,Fibonacci Search,"Array, Sorted List",Sorted numeric array,Requires generating Fibonacci numbers,Systems where multiplication or division is computationally expensive
PROB_0087,What is the best way to execute unbounded array search for a mobile navigation app with maximum efficiency?,Searching,Exponential Search,"Array, Sorted Stream",Sorted array or unbounded stream,Requires random access by index,Searching in unbounded / infinite sorted arrays
PROB_0211,"How can I implement selection sort to handle in-place comparison sort that divides array into sorted and unsorted parts, repeatedly selecting the minimum from unsorted part. in an e-commerce platform database?",Sorting,Selection Sort,Array,Small array size,Always O(n^2) comparisons regardless of input,Performance optimization
PROB_1347,How can I implement kruskal's mst (greedy) to handle greedy edge pick strategy building minimum spanning tree by selecting smallest weight edges. in an e-commerce platform database?,Greedy Algorithms,Kruskal's MST (Greedy),"Union-Find, Sorted Edge List",Edge list with weights,Sorting step requires O(E log E),Performance optimization
PROB_1603,"I need to solve a problem involving arbitrary shape spatial clusters for a mobile navigation app with 100,000 items. What algorithm is best?",Machine Learning / AI,DBSCAN Clustering,KD-Tree / Ball-Tree,Spatial or tabular feature coordinates,Struggles with varying density clusters,Geospatial spatial data clustering
PROB_1577,Require a reliable approach for knight's tour problem using Board Matrix data structures.,Backtracking,Knight's Tour Problem,Board Matrix,N x N chessboard,Knight move L-shape restrictions,Chess puzzle algorithms
PROB_0627,How can I implement decision tree regressor to handle non-parametric regression model predicting continuous target by splitting feature space into hyper-rectangles. in an e-commerce platform database?,Regression,Decision Tree Regressor,Decision Tree,Tabular features with step-like non-linear target patterns,Cannot extrapolate beyond training target range,Performance optimization
PROB_0124,"Find the ideal algorithm to process divide-and-conquer search algorithm that divides the array into three equal parts to find a target value or unimodal function peak. for a social network friend graph with 1,000,000 records.",Searching,Ternary Search,"Array, Monotonic / Unimodal Function",Continuous or discrete unimodal values,More comparisons per step than binary search,Finding maximum or minimum of a unimodal function
PROB_1747,"I need to solve a problem involving similar movie recommendation by genre for a mobile navigation app with 100,000 items. What algorithm is best?",Machine Learning / AI,Content-Based Recommendation,"Item Feature Vectors, User Profile Vectors",Item metadata and user rating history,Cannot recommend items outside user's historical feature exposure,Movie/article recommendations based on item metadata features
PROB_1346,"I need to solve a problem involving greedy minimum edge spanning in a high-frequency trading system with 10,000 entries. What algorithm is best?",Greedy Algorithms,Kruskal's MST (Greedy),"Union-Find, Sorted Edge List",Edge list with weights,Sorting step requires O(E log E),Greedy spanning tree connection
PROB_0654,"Designing a solution for tabular house price estimation with Cannot extrapolate outside min/max target range with 10,000 entries.",Regression,Random Forest Regressor,Forest of Regression Trees,Tabular datasets with complex continuous relationships,Cannot extrapolate outside min/max target range,General purpose tabular regression benchmark
PROB_0015,"Find the ideal algorithm to process efficient search algorithm that finds the position of a target value within a sorted array by repeatedly dividing the search interval in half. for a social network friend graph with 1,000,000 records.",Searching,Binary Search,"Array, Sorted List","Sorted numerical or string sequence, Known boundaries","Data structure must support fast indexed access, Requires prior sorting step",Searching in large sorted numerical arrays
PROB_1782,What is the best way to execute hybrid recommender system for a mobile navigation app with maximum efficiency?,Machine Learning / AI,Hybrid Recommendation System,Ensemble Scoring Engine,User interaction logs and item feature metadata,System design and tuning complexity,"Production recommendation platforms (Netflix, Amazon, Spotify)"
PROB_1378,"I need to solve a problem involving shortest distance greedy pick in a high-frequency trading system with 10,000 entries. What algorithm is best?",Graph Algorithms,Dijkstra Shortest Path (Greedy),Min-Heap,Weighted directed/undirected graph,Non-negative edge weights,Single source shortest path
PROB_0828,"Find the ideal algorithm to process greedy algorithm that finds a minimum spanning tree (mst) for a weighted undirected graph by expanding tree from source. for a social network friend graph with 1,000,000 records.",Graph Algorithms,Prim's Algorithm,"Priority Queue, Adjacency List",Dense connected weighted graph,Must be undirected graph,Designing minimal cost electrical grids or fiber network cabling
PROB_1478,What is the best way to execute generate n choose k combinations for a mobile navigation app with maximum efficiency?,Backtracking,Combinations Generation,Recursion Stack,Range 1..n and target length k,"Produces C(n, k) total combinations",Lottery combination generation
PROB_1192,Need a strategy for computes number of unique paths or minimum path sum moving top-left to bottom-right in a grid. under strict time complexity bounds.,Dynamic Programming,Grid Path Dynamic Programming,2D Grid / 1D Row DP,2D Matrix with path costs or obstacles,Restricted movement direction,Robot navigation grid movement
PROB_1213,"System requires interval dynamic programming for game theory range merging (e.g. balloon bursting, stone merging) in a cloud server log analysis system.",Dynamic Programming,Interval Dynamic Programming,2D Interval DP Table,Sequential array requiring range merges,O(N^3) time complexity,"Game theory range merging (e.g. Balloon Bursting, Stone Merging)"
PROB_1021,System requires segment tree for dynamic range minimum/maximum/sum queries with point updates in a cloud server log analysis system.,Tree Algorithms,Segment Tree,Array Segment Tree,Array with frequent point updates and range queries,Requires 4N memory space,Dynamic range minimum/maximum/sum queries with point updates
PROB_0025,What is the best way to execute unsorted list search for a mobile navigation app with maximum efficiency?,Searching,Linear Search,"Array, Linked List, Iterable","Unsorted or arbitrary order, Small to medium size",Inefficient for large arrays,Small collections
PROB_0092,"Find the ideal algorithm to process search algorithm for unbounded or infinite sorted lists that finds a range where target resides by doubling indices, then performs binary search. for a social network friend graph with 1,000,000 records.",Searching,Exponential Search,"Array, Sorted Stream",Sorted array or unbounded stream,Requires random access by index,Searching in unbounded / infinite sorted arrays
PROB_1210,Require a reliable approach for interval dynamic programming using 2D Interval DP Table data structures.,Dynamic Programming,Interval Dynamic Programming,2D Interval DP Table,Sequential array requiring range merges,O(N^3) time complexity,"Game theory range merging (e.g. Balloon Bursting, Stone Merging)"
PROB_1661,System requires naive bayes (ml / ai) for spam filtering in a cloud server log analysis system.,Machine Learning / AI,Naive Bayes (ML / AI),Probability Map,Text feature vectors (TF-IDF/Word Counts),Independence assumption,Spam filtering
PROB_0457,Require a reliable approach for adaboost classifier using Sequence of Decision Stumps data structures.,Classification,AdaBoost Classifier,Sequence of Decision Stumps,Tabular datasets,Sensitive to noisy data and outliers,Boosting weak learners for binary classification
PROB_1126,"Looking for an algorithm that handles Numerical array in a high-frequency trading system with 1,000 elements.",Dynamic Programming,Longest Increasing Subsequence (LIS),1D Array / Tails Array,Numerical array,"Standard DP O(n^2), Binary Search optimized O(n log n)",Stock price trend analysis
PROB_0242,"I need to solve a problem involving external sorting in a high-frequency trading system with 10,000 entries. What algorithm is best?",Sorting,Merge Sort,"Array, Linked List",General large datasets,Auxiliary space O(n),Guaranteed O(n log n) sorting
PROB_1027,"I need to solve a problem involving count smaller numbers after self for a mobile navigation app with 100,000 items. What algorithm is best?",Tree Algorithms,Fenwick Tree (Binary Indexed Tree),Array (1-indexed),1D numerical array with point updates,Difficult for arbitrary non-invertible range operations,Dynamic prefix sum queries with point updates
PROB_1780,Need an efficient algorithm that satisfies System design and tuning complexity operating on a Ensemble Scoring Engine.,Machine Learning / AI,Hybrid Recommendation System,Ensemble Scoring Engine,User interaction logs and item feature metadata,System design and tuning complexity,"Production recommendation platforms (Netflix, Amazon, Spotify)"
PROB_1568,Looking for optimal solution for word search grid addressing 2D char array and string query for a database query optimizer.,Backtracking,Word Search Grid,"2D Grid, Visited Coordinate Set",2D char array and string query,Cell reuse within same word path forbidden,Boggle word puzzle games
PROB_1641,"I am building a module in a bioinformatics DNA pipeline requiring 2d 3d data visualization pca with 100,000 items.",Machine Learning / AI,Principal Component Analysis (PCA),"Covariance Matrix, Eigenvectors / Singular Values",High-dimensional correlated numeric features,Linear transformation only,Reducing feature dimensions before ML training
PROB_0411,How to optimize robust tabular classification when data characteristics are Tabular datasets with complex interactions?,Classification,Random Forest Classifier,Forest of Decision Trees,Tabular datasets with complex interactions,Slower inference than single tree,General tabular classification benchmark
PROB_0641,"I need to solve a problem involving robust continuous prediction in an e-commerce platform database with 1,000 elements. What algorithm is best?",Regression,Random Forest Regressor,Forest of Regression Trees,Tabular datasets with complex continuous relationships,Cannot extrapolate outside min/max target range,General purpose tabular regression benchmark
PROB_1262,"Designing a solution for value weight ratio greedy with Only valid when items can be divided with 10,000 entries.",Greedy Algorithms,Fractional Knapsack,Array of Items,"Item weights, values, capacity W",Only valid when items can be divided,"Bulk commodity trading (gold dust, oil, grain allocation)"
PROB_0105,"I am building a module in a bioinformatics DNA pipeline requiring sorted array search without division with 100,000 items.",Searching,Fibonacci Search,"Array, Sorted List",Sorted numeric array,Requires generating Fibonacci numbers,Systems where multiplication or division is computationally expensive
PROB_1188,How can I implement grid path dynamic programming to handle computes number of unique paths or minimum path sum moving top-left to bottom-right in a grid. in an e-commerce platform database?,Dynamic Programming,Grid Path Dynamic Programming,2D Grid / 1D Row DP,2D Matrix with path costs or obstacles,Restricted movement direction,Performance optimization
PROB_1029,Need an efficient algorithm that satisfies Difficult for arbitrary non-invertible range operations operating on a Array (1-indexed).,Tree Algorithms,Fenwick Tree (Binary Indexed Tree),Array (1-indexed),1D numerical array with point updates,Difficult for arbitrary non-invertible range operations,Dynamic prefix sum queries with point updates
PROB_0372,"I need to solve a problem involving churn prediction baseline in a bioinformatics DNA pipeline with 1,000,000 records. What algorithm is best?",Classification,Logistic Regression,"Feature Matrix, Target Vector",Linearly separable tabular data,Assumes linear independence of log-odds,Binary classification baseline
PROB_1685,"Need an efficient algorithm that satisfies High compute power required for training operating on a Convolutional Kernels, Feature Maps.",Machine Learning / AI,Convolutional Neural Network (CNN),"Convolutional Kernels, Feature Maps",2D/3D Image grids or spatial signals,High compute power required for training,Image classification
PROB_0179,"I need to solve a problem involving minimum window substring for a mobile navigation app with 100,000 items. What algorithm is best?",Searching,Sliding Window Search,"Array, String, Hash Map",Sequential array or string,Window state must be incrementally updateable,Finding max/min subarray meeting target condition
PROB_0795,How to optimize all pairs shortest path when data characteristics are Dense small to medium graph?,Graph Algorithms,Floyd-Warshall Algorithm,2D Matrix,Dense small to medium graph,O(V^3) time makes it unsuitable for large V (> 1000),Precomputing all-pairs distances for small dense graphs
PROB_1388,System requires dijkstra shortest path (greedy) for single source shortest path in a cloud server log analysis system.,Graph Algorithms,Dijkstra Shortest Path (Greedy),Min-Heap,Weighted directed/undirected graph,Non-negative edge weights,Single source shortest path
PROB_1776,Need to implement a robust method for collaborative filtering movie recommender in a digital signal processing pipeline on a massive 10^6 dataset.,Machine Learning / AI,Collaborative Filtering Recommendation,"User-Item Interaction Matrix, Latent Factor Matrices (U, V)",Sparse user-item rating matrix,Cold start problem for new users or new unrated items,E-commerce product recommendations ('Users who bought X also bought Y')
PROB_1275,How to optimize huffman encoding lossless compression when data characteristics are Text stream or character frequency table?,Greedy Algorithms,Huffman Coding,"Min-Heap, Binary Tree Nodes",Text stream or character frequency table,Requires two-pass encoding or frequency transmission,ZIP file compression
PROB_0030,"Find the ideal algorithm to process sequential search algorithm that checks every element in a list one by one until a match is found or the end is reached. for a social network friend graph with 1,000,000 records.",Searching,Linear Search,"Array, Linked List, Iterable","Unsorted or arbitrary order, Small to medium size",Inefficient for large arrays,Small collections
PROB_1052,"Find the ideal algorithm to process algorithm finding the deepest shared ancestor node of two target nodes in a tree structure. for a social network friend graph with 1,000,000 records.",Tree Algorithms,Lowest Common Ancestor (LCA),"Tree, Binary Lifting Table",Rooted tree with node pairs,Binary lifting requires O(N log N) preprocessing,Genealogy trees
PROB_0062,"Designing a solution for block search in sorted array with Optimal step size is sqrt(n) with 10,000 entries.",Searching,Jump Search,"Array, Sorted List","Sorted list, Random access indexing",Optimal step size is sqrt(n),Searching sorted arrays when jumping backwards is expensive
PROB_1446,"Looking for an algorithm that handles N x N matrix with open and blocked cells in a high-frequency trading system with 1,000 elements.",Backtracking,Rat in a Maze,"Recursion Stack, Visited Matrix",N x N matrix with open and blocked cells,Avoid infinite loops by tracking visited cells,Finding all valid paths through a maze with obstacles
PROB_0739,"I need to solve a problem involving connected components for a mobile navigation app with 100,000 items. What algorithm is best?",Graph Algorithms,Depth-First Search (DFS Graph),"Stack, Recursion, Adjacency List",Directed or undirected graph,Recursion limit on deep graphs,Detecting graph cycles
PROB_1695,"Which algorithm effectively performs deep learning architecture utilizing convolutional filters to extract spatial feature hierarchies from visual inputs. on a Convolutional Kernels, Feature Maps for a game engine physics solver?",Machine Learning / AI,Convolutional Neural Network (CNN),"Convolutional Kernels, Feature Maps",2D/3D Image grids or spatial signals,High compute power required for training,Image classification
PROB_0459,"Find the ideal algorithm to process adaptive boosting ensemble algorithm that adjusts weights of misclassified instances iteratively. for a social network friend graph with 1,000,000 records.",Classification,AdaBoost Classifier,Sequence of Decision Stumps,Tabular datasets,Sensitive to noisy data and outliers,Boosting weak learners for binary classification
PROB_1441,"I need to solve a problem involving rat in a maze pathfinding in an e-commerce platform database with 1,000 elements. What algorithm is best?",Backtracking,Rat in a Maze,"Recursion Stack, Visited Matrix",N x N matrix with open and blocked cells,Avoid infinite loops by tracking visited cells,Finding all valid paths through a maze with obstacles
PROB_0140,"Find the ideal algorithm to process explores nodes level by level using a queue to find target element or shortest unweighted path. for a social network friend graph with 1,000,000 records.",Searching,BFS Search (Grid / Tree / Graph),"Queue, Grid, Graph",Graph or 2D matrix grid,Requires O(V) memory space for queue,Finding shortest path in unweighted maze/grid
PROB_1548,"Find the ideal algorithm to process determines if a path exists visiting every node in a graph exactly once. for a social network friend graph with 1,000,000 records.",Backtracking,Hamiltonian Path / Cycle,"Visited Array, Path Array",Directed or undirected graph,NP-complete problem,Route planning requiring visiting all locations exactly once
PROB_1320,"I am building a module in a bioinformatics DNA pipeline requiring minimum jumps to reach end with 100,000 items.",Greedy Algorithms,Jump Game (Greedy Reachability),Farthest Reach Integer,Array of max jump lengths,Must evaluate incrementally left to right,Reachability analysis in sequential state transitions
PROB_1516,System requires combination sum for finding exact coin/token combinations summing to target value in a cloud server log analysis system.,Backtracking,Combination Sum,Recursion Stack,Candidate array and target integer,Duplicate combinations must be pruned,Finding exact coin/token combinations summing to target value
PROB_0834,"I need to solve a problem involving union find mst in a high-frequency trading system with 10,000 entries. What algorithm is best?",Graph Algorithms,Kruskal's Algorithm,"Disjoint Set Union (DSU), Edge List",Sparse connected or disconnected weighted graph,Sorting edges requires O(E log E),Minimum Spanning Tree on sparse graphs
PROB_1220,How can I implement bitmask dynamic programming to handle dp technique using integer bitwise representation of subsets to solve np-hard subset selection problems. in an e-commerce platform database?,Dynamic Programming,Bitmask Dynamic Programming,1D/2D DP Array indexed by bitmask integer,Small set size requiring state permutation tracking,Exponential space O(2^N) limits N to <= 20,Performance optimization
PROB_0376,"Looking for an algorithm that handles Linearly separable tabular data in a high-frequency trading system with 1,000 elements.",Classification,Logistic Regression,"Feature Matrix, Target Vector",Linearly separable tabular data,Assumes linear independence of log-odds,Binary classification baseline
PROB_1397,"Looking for an algorithm that handles Connected graph in a high-frequency trading system with 1,000 elements.",Greedy Algorithms,Minimum Spanning Tree Strategy,"Graph, Min Heap / Union Find",Connected graph,No cycles in output tree,Infrastructure network design
PROB_0352,Looking for optimal solution for shell sort addressing Medium size arrays for a database query optimizer.,Sorting,Shell Sort,Array,Medium size arrays,Complexity depends heavily on gap sequence selection,Embedded systems where code size must be minimal and memory limited
PROB_1633,"I need to solve a problem involving pca dimensionality reduction in an e-commerce platform database with 1,000 elements. What algorithm is best?",Machine Learning / AI,Principal Component Analysis (PCA),"Covariance Matrix, Eigenvectors / Singular Values",High-dimensional correlated numeric features,Linear transformation only,Reducing feature dimensions before ML training
PROB_0238,"Designing a solution for online stream sorting with O(n^2) for reverse ordered inputs with 10,000 entries.",Sorting,Insertion Sort,"Array, Linked List",Small dataset or almost sorted data,O(n^2) for reverse ordered inputs,Sorting small lists (n < 25)
PROB_1719,What is the best way to execute lstm sequence prediction for a mobile navigation app with maximum efficiency?,Machine Learning / AI,Long Short-Term Memory (LSTM),"Cell State, Gate Tensors (Forget, Input, Output)",Sequential time series data or long text passages,Sequential processing limits parallel GPU scaling,Financial time series forecasting
PROB_1744,Need to implement a robust method for transformer llm text processing in a digital signal processing pipeline on a massive 10^6 dataset.,Machine Learning / AI,Transformer Network,"Multi-Head Attention Matrices, Position Embeddings","Text tokens, sequences, multi-modal data",Quadratic O(L^2) attention memory cost without sparse attention,Large Language Models (LLMs)
PROB_1313,"I need to solve a problem involving jump game reachable end in an e-commerce platform database with 1,000 elements. What algorithm is best?",Greedy Algorithms,Jump Game (Greedy Reachability),Farthest Reach Integer,Array of max jump lengths,Must evaluate incrementally left to right,Reachability analysis in sequential state transitions
PROB_0658,"I need to solve a problem involving fast ensemble regressor in a high-frequency trading system with 10,000 entries. What algorithm is best?",Regression,Extra Trees Regressor,Forest of Decision Trees,Noisy continuous tabular data,Can build large trees,Fast continuous target estimation on noisy datasets
PROB_0139,How to optimize level order search when data characteristics are Graph or 2D matrix grid?,Searching,BFS Search (Grid / Tree / Graph),"Queue, Grid, Graph",Graph or 2D matrix grid,Requires O(V) memory space for queue,Finding shortest path in unweighted maze/grid
PROB_0585,"I am building a module in a bioinformatics DNA pipeline requiring sparse linear regression with 100,000 items.",Regression,Lasso Regression,Coefficient Vector,High dimensional regression data with sparse relevant features,Selects at most n features when d > n,Feature selection in high-dimensional continuous regression
PROB_1394,"I need to solve a problem involving network layout optimization in a high-frequency trading system with 10,000 entries. What algorithm is best?",Greedy Algorithms,Minimum Spanning Tree Strategy,"Graph, Min Heap / Union Find",Connected graph,No cycles in output tree,Infrastructure network design
PROB_0135,What is the best way to execute level order search for a mobile navigation app with maximum efficiency?,Searching,BFS Search (Grid / Tree / Graph),"Queue, Grid, Graph",Graph or 2D matrix grid,Requires O(V) memory space for queue,Finding shortest path in unweighted maze/grid
PROB_1725,System requires long short-term memory (lstm) for financial time series forecasting in a cloud server log analysis system.,Machine Learning / AI,Long Short-Term Memory (LSTM),"Cell State, Gate Tensors (Forget, Input, Output)",Sequential time series data or long text passages,Sequential processing limits parallel GPU scaling,Financial time series forecasting
PROB_1181,"Designing a solution for integer segment partition max value with O(N^2) dynamic programming table with 10,000 entries.",Dynamic Programming,Rod Cutting,1D DP Array,Rod length N and price array,O(N^2) dynamic programming table,"Industrial material cutting optimization (steel, wood, fabric)"
PROB_1594,"I am building a module in a bioinformatics DNA pipeline requiring cluster tabular data with 100,000 items.",Machine Learning / AI,K-Means Clustering,"Centroids Matrix, Cluster Assignment Vector",Continuous numeric feature data,Assumes spherical clusters of similar size,Customer persona segmentation
PROB_1646,"Designing a solution for feature compression maximum variance with Linear transformation only with 10,000 entries.",Machine Learning / AI,Principal Component Analysis (PCA),"Covariance Matrix, Eigenvectors / Singular Values",High-dimensional correlated numeric features,Linear transformation only,Reducing feature dimensions before ML training
PROB_1164,"Find the ideal algorithm to process dp algorithm determining optimal parenthesization order to minimize scalar multiplications when multiplying a chain of matrices. for a social network friend graph with 1,000,000 records.",Dynamic Programming,Matrix Chain Multiplication,2D DP Table,Sequence of matrix dimensions,Cubic time complexity O(N^3),Optimizing matrix computation chains in linear algebra libraries
PROB_1791,Need to implement a robust method for hybrid recommender system in a digital signal processing pipeline on a massive 10^6 dataset.,Machine Learning / AI,Hybrid Recommendation System,Ensemble Scoring Engine,User interaction logs and item feature metadata,System design and tuning complexity,"Production recommendation platforms (Netflix, Amazon, Spotify)"
PROB_0021,I need to solve a problem involving find match in unsorted array for a social network friend graph on a massive 10^6 dataset. What algorithm is best?,Searching,Linear Search,"Array, Linked List, Iterable","Unsorted or arbitrary order, Small to medium size",Inefficient for large arrays,Small collections
PROB_0516,"How can I implement sgd classifier to handle linear classifiers (svm, logistic regression) optimized using stochastic gradient descent. in an e-commerce platform database?",Classification,SGD Classifier,Weight Vector,"Very large tabular datasets (n > 100,000) or streaming batches",Sensitive to feature scaling and learning rate,Performance optimization
PROB_0876,"Find the ideal algorithm to process data structure tracking a partition of a set into disjoint subsets, supporting union and find with path compression. for a social network friend graph with 1,000,000 records.",Graph Algorithms,Union-Find (Disjoint Set Union),"Parent Array, Rank / Size Array",Dynamic edge additions,Does not easily support edge deletions,Cycle detection in undirected graphs
PROB_1467,How to optimize generate all permutations when data characteristics are Sequence of N items?,Backtracking,Permutations Generation,"Recursion Stack, Visited Boolean Array",Sequence of N items,Generates N! total outputs,Brute-force testing all ordering permutations for small N
PROB_1775,"Which algorithm effectively performs recommender system technique filtering items based on user-item interaction matrix similarities (user-user or item-item svd). on a User-Item Interaction Matrix, Latent Factor Matrices (U, V) for a game engine physics solver?",Machine Learning / AI,Collaborative Filtering Recommendation,"User-Item Interaction Matrix, Latent Factor Matrices (U, V)",Sparse user-item rating matrix,Cold start problem for new users or new unrated items,E-commerce product recommendations ('Users who bought X also bought Y')
PROB_1115,How to optimize longest common subsequence string when data characteristics are Strings or element sequences?,Dynamic Programming,Longest Common Subsequence (LCS),2D DP Grid,Strings or element sequences,Quadratic space/time O(M * N),Git diff file comparison
PROB_1110,"Looking for an algorithm that handles Strings or element sequences in a high-frequency trading system with 1,000 elements.",Dynamic Programming,Longest Common Subsequence (LCS),2D DP Grid,Strings or element sequences,Quadratic space/time O(M * N),Git diff file comparison
PROB_0150,"Need an efficient algorithm that satisfies Recursion depth limits operating on a Stack, Recursion, Grid, Graph.",Searching,DFS Search (Grid / Tree / Graph),"Stack, Recursion, Grid, Graph","Tree, Graph, or 2D Grid",Recursion depth limits,Checking path existence
PROB_1566,"Which algorithm effectively performs searches for a word in a 2d character grid by moving adjacent horizontally or vertically without reusing cells. on a 2D Grid, Visited Coordinate Set for a game engine physics solver?",Backtracking,Word Search Grid,"2D Grid, Visited Coordinate Set",2D char array and string query,Cell reuse within same word path forbidden,Boggle word puzzle games
PROB_0291,"I need to solve a problem involving linear time non comparison sort for a mobile navigation app with 100,000 items. What algorithm is best?",Sorting,Counting Sort,"Array, Frequency Counter",Integer values with known max range,Space consuming if range K is much larger than N,Sorting discrete integers when range K is O(N)
PROB_0250,"I am building a module in a bioinformatics DNA pipeline requiring stable sorting with 100,000 items.",Sorting,Merge Sort,"Array, Linked List",General large datasets,Auxiliary space O(n),Guaranteed O(n log n) sorting
PROB_0482,"I need to solve a problem involving distance based neighbor vote in a high-frequency trading system with 10,000 entries. What algorithm is best?",Classification,K-Nearest Neighbors Classifier (KNN),"KD-Tree, Ball-Tree, Feature Matrix",Small to medium tabular data with low dimensions,High prediction memory/time O(n * d),Instance-based learning
PROB_0645,Need an efficient algorithm that satisfies Cannot extrapolate outside min/max target range operating on a Forest of Regression Trees.,Regression,Random Forest Regressor,Forest of Regression Trees,Tabular datasets with complex continuous relationships,Cannot extrapolate outside min/max target range,General purpose tabular regression benchmark
PROB_1121,"I need to solve a problem involving longest increasing subsequence lis in an e-commerce platform database with 1,000 elements. What algorithm is best?",Dynamic Programming,Longest Increasing Subsequence (LIS),1D Array / Tails Array,Numerical array,"Standard DP O(n^2), Binary Search optimized O(n log n)",Stock price trend analysis
PROB_1143,What is the best way to execute edit distance string spellcheck for a mobile navigation app with maximum efficiency?,Dynamic Programming,Edit Distance (Levenshtein Distance),2D DP Grid,Text strings,O(M * N) space and time,Auto-correct spell checkers
PROB_1549,System requires hamiltonian path / cycle for route planning requiring visiting all locations exactly once in a cloud server log analysis system.,Backtracking,Hamiltonian Path / Cycle,"Visited Array, Path Array",Directed or undirected graph,NP-complete problem,Route planning requiring visiting all locations exactly once
PROB_0246,"Need an efficient algorithm that satisfies Auxiliary space O(n) operating on a Array, Linked List.",Sorting,Merge Sort,"Array, Linked List",General large datasets,Auxiliary space O(n),Guaranteed O(n log n) sorting
PROB_1627,How to optimize dendrogram tree clustering when data characteristics are Small to medium feature matrix?,Machine Learning / AI,Hierarchical Clustering,"Distance Matrix, Dendrogram Tree",Small to medium feature matrix,High memory space O(n^2) and time complexity O(n^3),Gene expression analysis
PROB_1162,Require a reliable approach for matrix chain multiplication using 2D DP Table data structures.,Dynamic Programming,Matrix Chain Multiplication,2D DP Table,Sequence of matrix dimensions,Cubic time complexity O(N^3),Optimizing matrix computation chains in linear algebra libraries
PROB_0590,"Designing a solution for automatic feature selection with Selects at most n features when d > n with 10,000 entries.",Regression,Lasso Regression,Coefficient Vector,High dimensional regression data with sparse relevant features,Selects at most n features when d > n,Feature selection in high-dimensional continuous regression
PROB_0640,Looking for optimal solution for decision tree regressor addressing Tabular features with step-like non-linear target patterns for a database query optimizer.,Regression,Decision Tree Regressor,Decision Tree,Tabular features with step-like non-linear target patterns,Cannot extrapolate beyond training target range,Non-linear tabular regression with step boundaries
PROB_1579,"Find the ideal algorithm to process backtracking search finding sequence of moves for a chess knight to visit every square on an n x n board exactly once. for a social network friend graph with 1,000,000 records.",Backtracking,Knight's Tour Problem,Board Matrix,N x N chessboard,Knight move L-shape restrictions,Chess puzzle algorithms
PROB_1754,"Require a reliable approach for content-based recommendation using Item Feature Vectors, User Profile Vectors data structures.",Machine Learning / AI,Content-Based Recommendation,"Item Feature Vectors, User Profile Vectors",Item metadata and user rating history,Cannot recommend items outside user's historical feature exposure,Movie/article recommendations based on item metadata features
PROB_1034,Require a reliable approach for fenwick tree (binary indexed tree) using Array (1-indexed) data structures.,Tree Algorithms,Fenwick Tree (Binary Indexed Tree),Array (1-indexed),1D numerical array with point updates,Difficult for arbitrary non-invertible range operations,Dynamic prefix sum queries with point updates
PROB_0444,"Find the ideal algorithm to process ensemble technique that builds decision trees sequentially, each correcting errors of previous trees. for a social network friend graph with 1,000,000 records.",Classification,Gradient Boosting Classifier,Sequence of Trees,Tabular data requiring high predictive accuracy,"Requires tuning hyper-parameters (learning rate, depth)",Competitive machine learning benchmarks
PROB_0771,"I need to solve a problem involving currency arbitrage detection for a mobile navigation app with 100,000 items. What algorithm is best?",Graph Algorithms,Bellman-Ford Algorithm,"Edge List, Distance Array",Weighted graph with potential negative edge weights,Slower O(V*E) time complexity,Financial currency arbitrage detection
PROB_0273,"I need to solve a problem involving in place O(n log n) sort in an e-commerce platform database with 1,000 elements. What algorithm is best?",Sorting,Heap Sort,"Binary Heap, Array",General numerical or comparable arrays,Poor cache locality due to heap jumps,Systems requiring guaranteed O(n log n) with O(1) auxiliary space
PROB_0070,"Looking for an algorithm that handles Sorted numbers with uniform intervals in a high-frequency trading system with 1,000 elements.",Searching,Interpolation Search,"Array, Sorted List",Sorted numbers with uniform intervals,Performance degrades to O(n) if data is non-uniform,Searching in large uniformly distributed numerical sorted data
PROB_0676,Need an efficient algorithm that satisfies Requires tuning learning rate and tree depth operating on a Sequence of Regression Trees.,Regression,Gradient Boosting Regressor,Sequence of Regression Trees,Structured continuous tabular targets,Requires tuning learning rate and tree depth,High accuracy continuous regression benchmarks
PROB_0724,How can I implement breadth-first search (bfs graph) to handle graph traversal algorithm that explores neighbor nodes level by level starting from source node. in an e-commerce platform database?,Graph Algorithms,Breadth-First Search (BFS Graph),"Queue, Adjacency List, Visited Set",Unweighted graph or tree,O(V) memory for queue,Performance optimization
PROB_0623,Which algorithm effectively performs linear model variant incorporating polynomial feature combinations to fit non-linear curves. on a Polynomial Feature Matrix for a game engine physics solver?,Regression,Polynomial Regression,Polynomial Feature Matrix,Non-linear continuous relationships,Feature space grows exponentially with polynomial degree,Fitting non-linear curves for small feature sets
PROB_0426,How to optimize extremely randomized trees classification when data characteristics are Tabular features with noise?,Classification,Extra Trees Classifier,Forest of Decision Trees,Tabular features with noise,Can create larger trees than Random Forest,Fast ensemble training on noisy tabular data
PROB_0316,"Find the ideal algorithm to process non-comparative integer sorting algorithm that sorts data with integer keys by grouping keys by individual digits. for a social network friend graph with 1,000,000 records.",Sorting,Radix Sort,"Array, Buckets",Integers or fixed-length strings,Requires stable underlying digit sort,Sorting large lists of integers or fixed-length strings in O(nk)
PROB_0563,"I need to solve a problem involving regularized linear model for a mobile navigation app with 100,000 items. What algorithm is best?",Regression,Ridge Regression,Coefficient Vector,Tabular regression with correlated features,"Does not perform feature selection (coefficients shrink near zero, not zero)",Continuous regression with correlated predictors
PROB_0670,Which algorithm effectively performs extremely randomized trees regressor randomizing splits for lower variance continuous predictions. on a Forest of Decision Trees for a game engine physics solver?,Regression,Extra Trees Regressor,Forest of Decision Trees,Noisy continuous tabular data,Can build large trees,Fast continuous target estimation on noisy datasets
PROB_0515,"I need to solve a problem involving out of core learning for a mobile navigation app with 100,000 items. What algorithm is best?",Classification,SGD Classifier,Weight Vector,"Very large tabular datasets (n > 100,000) or streaming batches",Sensitive to feature scaling and learning rate,Large-scale linear classification
PROB_1202,"I need to solve a problem involving strange printer interval dp in a high-frequency trading system with 10,000 entries. What algorithm is best?",Dynamic Programming,Interval Dynamic Programming,2D Interval DP Table,Sequential array requiring range merges,O(N^3) time complexity,"Game theory range merging (e.g. Balloon Bursting, Stone Merging)"
PROB_0228,"How can I implement insertion sort to handle simple sorting algorithm that builds the final sorted array one item at a time, highly efficient for small or nearly sorted data. in an e-commerce platform database?",Sorting,Insertion Sort,"Array, Linked List",Small dataset or almost sorted data,O(n^2) for reverse ordered inputs,Performance optimization
PROB_0182,"Looking for an algorithm that handles Sequential array or string in a high-frequency trading system with 1,000 elements.",Searching,Sliding Window Search,"Array, String, Hash Map",Sequential array or string,Window state must be incrementally updateable,Finding max/min subarray meeting target condition
PROB_1514,How to optimize combination sum target when data characteristics are Candidate array and target integer?,Backtracking,Combination Sum,Recursion Stack,Candidate array and target integer,Duplicate combinations must be pruned,Finding exact coin/token combinations summing to target value
PROB_1154,"I need to solve a problem involving matrix multiplication order in a high-frequency trading system with 10,000 entries. What algorithm is best?",Dynamic Programming,Matrix Chain Multiplication,2D DP Table,Sequence of matrix dimensions,Cubic time complexity O(N^3),Optimizing matrix computation chains in linear algebra libraries
PROB_1249,"I need to solve a problem involving fractional knapsack greedy in an e-commerce platform database with 1,000 elements. What algorithm is best?",Greedy Algorithms,Fractional Knapsack,Array of Items,"Item weights, values, capacity W",Only valid when items can be divided,"Bulk commodity trading (gold dust, oil, grain allocation)"
PROB_1539,"I need to solve a problem involving knight tour open path for a mobile navigation app with 100,000 items. What algorithm is best?",Backtracking,Hamiltonian Path / Cycle,"Visited Array, Path Array",Directed or undirected graph,NP-complete problem,Route planning requiring visiting all locations exactly once
PROB_0412,"Find the ideal algorithm to process ensemble learning method operating by constructing multiple decision trees and bagging outputs. for a social network friend graph with 1,000,000 records.",Classification,Random Forest Classifier,Forest of Decision Trees,Tabular datasets with complex interactions,Slower inference than single tree,General tabular classification benchmark
PROB_0274,"I need to solve a problem involving priority queue sort in a high-frequency trading system with 10,000 entries. What algorithm is best?",Sorting,Heap Sort,"Binary Heap, Array",General numerical or comparable arrays,Poor cache locality due to heap jumps,Systems requiring guaranteed O(n log n) with O(1) auxiliary space
PROB_0257,"I need to solve a problem involving fast general sort in an e-commerce platform database with 1,000 elements. What algorithm is best?",Sorting,Quick Sort,Array,General unsorted array,Worst-case O(n^2) if pivot selection is poor,Fast in-place general purpose sorting
PROB_1032,Need a strategy for data structure providing efficient o(log n) methods for prefix sums and point updates on arrays. under strict time complexity bounds.,Tree Algorithms,Fenwick Tree (Binary Indexed Tree),Array (1-indexed),1D numerical array with point updates,Difficult for arbitrary non-invertible range operations,Dynamic prefix sum queries with point updates
PROB_1299,How can I implement interval scheduling to handle greedy choice technique picking maximum number of non-overlapping intervals. in an e-commerce platform database?,Greedy Algorithms,Interval Scheduling,Array of Intervals,Array of numeric 2D intervals,Greedy finish time sorting strictly required,Performance optimization
PROB_1232,Need to implement a robust method for traveling salesperson bitmask dp in a digital signal processing pipeline on a massive 10^6 dataset.,Dynamic Programming,Bitmask Dynamic Programming,1D/2D DP Array indexed by bitmask integer,Small set size requiring state permutation tracking,Exponential space O(2^N) limits N to <= 20,Exact solution for Traveling Salesperson Problem (TSP) for small N
PROB_1715,"I need to solve a problem involving long term sequence memory for a mobile navigation app with 100,000 items. What algorithm is best?",Machine Learning / AI,Long Short-Term Memory (LSTM),"Cell State, Gate Tensors (Forget, Input, Output)",Sequential time series data or long text passages,Sequential processing limits parallel GPU scaling,Financial time series forecasting
PROB_1103,Which algorithm effectively performs dp algorithm finding minimum number of coins needed to make up a target amount. on a 1D DP Array for a game engine physics solver?,Dynamic Programming,Coin Change,1D DP Array,List of coin values and integer target amount,Unbounded coin supply assumption,Vending machine currency exchange
PROB_0727,What is the best way to execute shortest path unweighted graph for a mobile navigation app with maximum efficiency?,Graph Algorithms,Breadth-First Search (BFS Graph),"Queue, Adjacency List, Visited Set",Unweighted graph or tree,O(V) memory for queue,Shortest path in unweighted networks
PROB_0458,How to optimize adaptive boosting when data characteristics are Tabular datasets?,Classification,AdaBoost Classifier,Sequence of Decision Stumps,Tabular datasets,Sensitive to noisy data and outliers,Boosting weak learners for binary classification
PROB_1273,"I am building a module in a bioinformatics DNA pipeline requiring minimum total weighted path length with 100,000 items.",Greedy Algorithms,Huffman Coding,"Min-Heap, Binary Tree Nodes",Text stream or character frequency table,Requires two-pass encoding or frequency transmission,ZIP file compression
PROB_1524,How can I implement graph coloring problem to handle determines whether a graph can be colored with at most m colors such that no two adjacent vertices share same color. in an e-commerce platform database?,Backtracking,Graph Coloring Problem,"Color Assignment Array, Adjacency Matrix",Undirected graph and integer M,NP-complete problem,Performance optimization
PROB_1215,"Which algorithm effectively performs dp technique solving problems by breaking down optimal solutions over sub-intervals [i, j]. on a 2D Interval DP Table for a game engine physics solver?",Dynamic Programming,Interval Dynamic Programming,2D Interval DP Table,Sequential array requiring range merges,O(N^3) time complexity,"Game theory range merging (e.g. Balloon Bursting, Stone Merging)"
PROB_1243,How to optimize activity selection finish time sort when data characteristics are Set of overlapping interval pairs?,Greedy Algorithms,Activity Selection Problem,Array of Intervals,Set of overlapping interval pairs,Requires initial sorting by finish time,Meeting room scheduling
PROB_0275,"I need to solve a problem involving top k elements sort for a mobile navigation app with 100,000 items. What algorithm is best?",Sorting,Heap Sort,"Binary Heap, Array",General numerical or comparable arrays,Poor cache locality due to heap jumps,Systems requiring guaranteed O(n log n) with O(1) auxiliary space
PROB_1651,"I need to solve a problem involving document topic classification for a mobile navigation app with 100,000 items. What algorithm is best?",Machine Learning / AI,Naive Bayes (ML / AI),Probability Map,Text feature vectors (TF-IDF/Word Counts),Independence assumption,Spam filtering
PROB_1716,"How can I implement long short-term memory (lstm) to handle specialized rnn architecture featuring memory cell gates (input, forget, output) to capture long-term sequential dependencies. in an e-commerce platform database?",Machine Learning / AI,Long Short-Term Memory (LSTM),"Cell State, Gate Tensors (Forget, Input, Output)",Sequential time series data or long text passages,Sequential processing limits parallel GPU scaling,Performance optimization
PROB_0655,Which algorithm effectively performs ensemble of regression decision trees averaging continuous target predictions. on a Forest of Regression Trees for a game engine physics solver?,Regression,Random Forest Regressor,Forest of Regression Trees,Tabular datasets with complex continuous relationships,Cannot extrapolate outside min/max target range,General purpose tabular regression benchmark
PROB_1236,How can I implement activity selection problem to handle greedy choice algorithm selecting maximum number of mutually compatible activities sorted by finish time. in an e-commerce platform database?,Greedy Algorithms,Activity Selection Problem,Array of Intervals,Set of overlapping interval pairs,Requires initial sorting by finish time,Performance optimization
PROB_0052,How can I implement jump search to handle searching algorithm for sorted arrays that checks fewer elements than linear search by jumping ahead by fixed steps. in an e-commerce platform database?,Searching,Jump Search,"Array, Sorted List","Sorted list, Random access indexing",Optimal step size is sqrt(n),Performance optimization
PROB_0573,System requires ridge regression for continuous regression with correlated predictors in a cloud server log analysis system.,Regression,Ridge Regression,Coefficient Vector,Tabular regression with correlated features,"Does not perform feature selection (coefficients shrink near zero, not zero)",Continuous regression with correlated predictors
PROB_1440,Looking for optimal solution for sudoku solver addressing 9x9 grid matrix with empty slots for a database query optimizer.,Backtracking,Sudoku Solver,"2D Grid, Row/Col/Box Hash Sets",9x9 grid matrix with empty slots,Combinatorial worst case,Solving Sudoku puzzles automatically
PROB_1288,"I am building a module in a bioinformatics DNA pipeline requiring deadline scheduling greedy with 100,000 items.",Greedy Algorithms,Job Sequencing with Deadlines,Time Slot Array / Disjoint Set Union,List of jobs with profit and deadline,Each job takes 1 unit of time,Task execution scheduling under deadline penalties
PROB_0935,Need a strategy for self-balancing binary search tree using node color attributes to ensure log(n) height balance. under strict time complexity bounds.,Tree Algorithms,Red-Black Tree,Red/Black Binary Nodes,Frequent dynamic insertions and deletions,Complex node recoloring/rotation rules,"Underlying implementation for C++ std::map, Java TreeMap"
PROB_0231,What is the best way to execute nearly sorted array sort for a mobile navigation app with maximum efficiency?,Sorting,Insertion Sort,"Array, Linked List",Small dataset or almost sorted data,O(n^2) for reverse ordered inputs,Sorting small lists (n < 25)
PROB_0701,"Designing a solution for kernel SVR continuous estimation with Poor scalability for large n with 10,000 entries.",Regression,Support Vector Regressor (SVR),Support Vectors,Small to medium non-linear datasets,Poor scalability for large n,Non-linear regression on small high-dimensional datasets
PROB_1065,Need a strategy for classic dp optimization problem determining maximum value items to select into a fixed capacity knapsack without item duplication. under strict time complexity bounds.,Dynamic Programming,0/1 Knapsack,2D DP Array / 1D DP Array,"Item weights, values, and max capacity W",Pseudo-polynomial time O(N * W),Resource allocation under strict budget constraints
PROB_0506,Require a reliable approach for naive bayes classifier using Probability Tables data structures.,Classification,Naive Bayes Classifier,Probability Tables,"Text word counts, categorical or continuous sparse features",Zero frequency problem without smoothing,Spam detection
PROB_0468,"How can I implement support vector classifier (svc) to handle classifier that finds hyperplanes maximizing margin between classes, using kernel tricks for non-linear boundaries. in an e-commerce platform database?",Classification,Support Vector Classifier (SVC),Support Vectors,"High dimensional data, small to medium sample size",Scales quadratically O(n^2) with sample size,Performance optimization
PROB_0924,"Find the ideal algorithm to process self-balancing binary search tree where height difference between left and right subtrees is at most one. for a social network friend graph with 1,000,000 records.",Tree Algorithms,AVL Tree,Balanced Binary Tree Nodes,Dynamic ordered keys requiring fast lookups,More rotations during insertions/deletions than Red-Black tree,Lookup-heavy databases requiring strict height balance
PROB_1506,"I need to solve a problem involving subset sum all combinations in a high-frequency trading system with 10,000 entries. What algorithm is best?",Backtracking,Combination Sum,Recursion Stack,Candidate array and target integer,Duplicate combinations must be pruned,Finding exact coin/token combinations summing to target value
PROB_0478,"Designing a solution for kernel trick classification with Scales quadratically O(n^2) with sample size with 10,000 entries.",Classification,Support Vector Classifier (SVC),Support Vectors,"High dimensional data, small to medium sample size",Scales quadratically O(n^2) with sample size,Text classification
PROB_0297,"I am building a module in a bioinformatics DNA pipeline requiring linear time non comparison sort with 100,000 items.",Sorting,Counting Sort,"Array, Frequency Counter",Integer values with known max range,Space consuming if range K is much larger than N,Sorting discrete integers when range K is O(N)
PROB_0912,Need to implement a robust method for ordered key insertion lookup in a digital signal processing pipeline on a massive 10^6 dataset.,Tree Algorithms,Binary Search Tree (BST),Binary Tree Nodes,Dynamic stream of comparable elements,Can degenerate to O(n) linked list if unbalanced,Dynamic set tracking with dynamic insertion/deletion
PROB_0349,"Designing a solution for diminishing increment sort with Complexity depends heavily on gap sequence selection with 10,000 entries.",Sorting,Shell Sort,Array,Medium size arrays,Complexity depends heavily on gap sequence selection,Embedded systems where code size must be minimal and memory limited
PROB_1679,"Which algorithm effectively performs feedforward artificial neural network consisting of input, hidden, and output layers with non-linear activation functions. on a Weight Matrices, Bias Vectors for a game engine physics solver?",Machine Learning / AI,Multilayer Perceptron (MLP Deep Learning),"Weight Matrices, Bias Vectors",Tabular or dense numeric vector features,Black-box model requiring careful hyperparameter tuning,Complex non-linear classification/regression
PROB_1552,Need to implement a robust method for visit every node once hamiltonian in a digital signal processing pipeline on a massive 10^6 dataset.,Backtracking,Hamiltonian Path / Cycle,"Visited Array, Path Array",Directed or undirected graph,NP-complete problem,Route planning requiring visiting all locations exactly once
PROB_0764,How to optimize shortest path weighted graph when data characteristics are Weighted graph with non-negative weights?,Graph Algorithms,Dijkstra's Shortest Path Algorithm,"Priority Queue / Min-Heap, Adjacency List",Weighted graph with non-negative weights,Fails if graph contains negative edge weights,GPS map routing
PROB_0520,"Need a strategy for linear classifiers (svm, logistic regression) optimized using stochastic gradient descent. under strict time complexity bounds.",Classification,SGD Classifier,Weight Vector,"Very large tabular datasets (n > 100,000) or streaming batches",Sensitive to feature scaling and learning rate,Large-scale linear classification
PROB_1142,"Looking for an algorithm that handles Text strings in a high-frequency trading system with 1,000 elements.",Dynamic Programming,Edit Distance (Levenshtein Distance),2D DP Grid,Text strings,O(M * N) space and time,Auto-correct spell checkers
PROB_0206,"Designing a solution for adjacent element swaps with Quadratic time complexity O(n^2) with 10,000 entries.",Sorting,Bubble Sort,Array,Small list or nearly sorted list,Quadratic time complexity O(n^2),Educational purposes
PROB_0597,"Looking for an algorithm that handles High-dimensional tabular data with correlated feature groups in a high-frequency trading system with 1,000 elements.",Regression,Elastic Net Regression,Coefficient Vector,High-dimensional tabular data with correlated feature groups,"Requires tuning two parameters (alpha, l1_ratio)",Continuous target prediction with group-correlated high-dimensional features
PROB_0624,Need to implement a robust method for curved trend fitting in a digital signal processing pipeline on a massive 10^6 dataset.,Regression,Polynomial Regression,Polynomial Feature Matrix,Non-linear continuous relationships,Feature space grows exponentially with polynomial degree,Fitting non-linear curves for small feature sets
PROB_0835,"I need to solve a problem involving forest spanning tree for a mobile navigation app with 100,000 items. What algorithm is best?",Graph Algorithms,Kruskal's Algorithm,"Disjoint Set Union (DSU), Edge List",Sparse connected or disconnected weighted graph,Sorting edges requires O(E log E),Minimum Spanning Tree on sparse graphs
PROB_0407,What is the best way to execute robust tabular classification for a mobile navigation app with maximum efficiency?,Classification,Random Forest Classifier,Forest of Decision Trees,Tabular datasets with complex interactions,Slower inference than single tree,General tabular classification benchmark
PROB_0103,What is the best way to execute fibonacci split search for a mobile navigation app with maximum efficiency?,Searching,Fibonacci Search,"Array, Sorted List",Sorted numeric array,Requires generating Fibonacci numbers,Systems where multiplication or division is computationally expensive
PROB_0113,"I need to solve a problem involving unimodal function maximum/minimum in an e-commerce platform database with 1,000 elements. What algorithm is best?",Searching,Ternary Search,"Array, Monotonic / Unimodal Function",Continuous or discrete unimodal values,More comparisons per step than binary search,Finding maximum or minimum of a unimodal function
PROB_0921,"I am building a module in a bioinformatics DNA pipeline requiring frequent lookup balanced tree with 100,000 items.",Tree Algorithms,AVL Tree,Balanced Binary Tree Nodes,Dynamic ordered keys requiring fast lookups,More rotations during insertions/deletions than Red-Black tree,Lookup-heavy databases requiring strict height balance
PROB_0154,"I am building a module in a bioinformatics DNA pipeline requiring connected components search with 100,000 items.",Searching,DFS Search (Grid / Tree / Graph),"Stack, Recursion, Grid, Graph","Tree, Graph, or 2D Grid",Recursion depth limits,Checking path existence
PROB_1180,"System requires rod cutting for industrial material cutting optimization (steel, wood, fabric) in a cloud server log analysis system.",Dynamic Programming,Rod Cutting,1D DP Array,Rod length N and price array,O(N^2) dynamic programming table,"Industrial material cutting optimization (steel, wood, fabric)"
PROB_1475,How can I implement combinations generation to handle backtracking algorithm generating all combinations of k items selected from n distinct numbers. in an e-commerce platform database?,Backtracking,Combinations Generation,Recursion Stack,Range 1..n and target length k,"Produces C(n, k) total combinations",Performance optimization
PROB_1171,How can I implement rod cutting to handle dp problem determining maximum revenue obtainable by cutting up a rod of length n into pieces with given price table. in an e-commerce platform database?,Dynamic Programming,Rod Cutting,1D DP Array,Rod length N and price array,O(N^2) dynamic programming table,Performance optimization
PROB_0280,"Need a strategy for comparison-based sorting technique based on binary heap data structure, finding maximum and placing it at the end. under strict time complexity bounds.",Sorting,Heap Sort,"Binary Heap, Array",General numerical or comparable arrays,Poor cache locality due to heap jumps,Systems requiring guaranteed O(n log n) with O(1) auxiliary space
PROB_1178,How to optimize rod cutting maximum profit when data characteristics are Rod length N and price array?,Dynamic Programming,Rod Cutting,1D DP Array,Rod length N and price array,O(N^2) dynamic programming table,"Industrial material cutting optimization (steel, wood, fabric)"
PROB_0543,"Which algorithm effectively performs optimized distributed gradient boosting library designed to be highly efficient, flexible and portable. on a DMatrix, Gradient Trees for a game engine physics solver?",Classification,XGBoost Classifier,"DMatrix, Gradient Trees",Structured tabular datasets,High hyper-parameter tuning requirements,Tabular classification competitions
PROB_0166,"Need an efficient algorithm that satisfies Requires monotonic sequence behavior operating on a Array, String.",Searching,Two Pointer Search,"Array, String",Contiguous sequential data,Requires monotonic sequence behavior,Finding pairs in sorted array summing to target
PROB_0016,System requires binary search for searching in large sorted numerical arrays in a cloud server log analysis system.,Searching,Binary Search,"Array, Sorted List","Sorted numerical or string sequence, Known boundaries","Data structure must support fast indexed access, Requires prior sorting step",Searching in large sorted numerical arrays
PROB_1392,Looking for optimal solution for dijkstra shortest path (greedy) addressing Weighted directed/undirected graph for a database query optimizer.,Graph Algorithms,Dijkstra Shortest Path (Greedy),Min-Heap,Weighted directed/undirected graph,Non-negative edge weights,Single source shortest path
PROB_1684,How can I implement convolutional neural network (cnn) to handle deep learning architecture utilizing convolutional filters to extract spatial feature hierarchies from visual inputs. in an e-commerce platform database?,Machine Learning / AI,Convolutional Neural Network (CNN),"Convolutional Kernels, Feature Maps",2D/3D Image grids or spatial signals,High compute power required for training,Performance optimization
PROB_0216,"I am building a module in a bioinformatics DNA pipeline requiring select minimum element repeatedly with 100,000 items.",Sorting,Selection Sort,Array,Small array size,Always O(n^2) comparisons regardless of input,Small datasets where memory writing is expensive
PROB_1385,Require a reliable approach for dijkstra shortest path (greedy) using Min-Heap data structures.,Graph Algorithms,Dijkstra Shortest Path (Greedy),Min-Heap,Weighted directed/undirected graph,Non-negative edge weights,Single source shortest path
PROB_1372,System requires prim's mst (greedy) for dense graph minimum spanning tree in a cloud server log analysis system.,Greedy Algorithms,Prim's MST (Greedy),Min-Heap,Adjacency weighted list,Undirected graph,Dense graph minimum spanning tree
PROB_0351,Need to implement a robust method for gap insertion sort in a digital signal processing pipeline on a massive 10^6 dataset.,Sorting,Shell Sort,Array,Medium size arrays,Complexity depends heavily on gap sequence selection,Embedded systems where code size must be minimal and memory limited
PROB_0068,How can I implement interpolation search to handle improved binary search variant for uniformly distributed sorted arrays that estimates position based on target value relative to low/high values. in an e-commerce platform database?,Searching,Interpolation Search,"Array, Sorted List",Sorted numbers with uniform intervals,Performance degrades to O(n) if data is non-uniform,Performance optimization
PROB_1373,"Designing a solution for closest vertex expansion mst with Undirected graph with 10,000 entries.",Greedy Algorithms,Prim's MST (Greedy),Min-Heap,Adjacency weighted list,Undirected graph,Dense graph minimum spanning tree
PROB_0849,"I need to solve a problem involving dependency resolution order in an e-commerce platform database with 1,000 elements. What algorithm is best?",Graph Algorithms,Topological Sort,"Queue (Kahn's), In-degree Array, DAG",Directed graph with no cycles,Fails if graph contains cycles,"Package dependency management (e.g. pip, npm)"
PROB_1204,"How can I implement interval dynamic programming to handle dp technique solving problems by breaking down optimal solutions over sub-intervals [i, j]. in an e-commerce platform database?",Dynamic Programming,Interval Dynamic Programming,2D Interval DP Table,Sequential array requiring range merges,O(N^3) time complexity,Performance optimization
PROB_1301,"Looking for an algorithm that handles Array of numeric 2D intervals in a high-frequency trading system with 1,000 elements.",Greedy Algorithms,Interval Scheduling,Array of Intervals,Array of numeric 2D intervals,Greedy finish time sorting strictly required,Conference talk scheduling
PROB_0976,Need to implement a robust method for level order binary tree in a digital signal processing pipeline on a massive 10^6 dataset.,Tree Algorithms,Tree Level Order Traversal (BFS Tree),"Queue, Binary Tree",Tree hierarchical levels,Memory proportional to maximum tree width,Printing tree by levels
PROB_0348,System requires shell sort for embedded systems where code size must be minimal and memory limited in a cloud server log analysis system.,Sorting,Shell Sort,Array,Medium size arrays,Complexity depends heavily on gap sequence selection,Embedded systems where code size must be minimal and memory limited
PROB_1221,Need an efficient algorithm that satisfies Exponential space O(2^N) limits N to <= 20 operating on a 1D/2D DP Array indexed by bitmask integer.,Dynamic Programming,Bitmask Dynamic Programming,1D/2D DP Array indexed by bitmask integer,Small set size requiring state permutation tracking,Exponential space O(2^N) limits N to <= 20,Exact solution for Traveling Salesperson Problem (TSP) for small N
PROB_0067,"I need to solve a problem involving numeric range interpolation for a mobile navigation app with 100,000 items. What algorithm is best?",Searching,Interpolation Search,"Array, Sorted List",Sorted numbers with uniform intervals,Performance degrades to O(n) if data is non-uniform,Searching in large uniformly distributed numerical sorted data
PROB_1466,"Require a reliable approach for permutations generation using Recursion Stack, Visited Boolean Array data structures.",Backtracking,Permutations Generation,"Recursion Stack, Visited Boolean Array",Sequence of N items,Generates N! total outputs,Brute-force testing all ordering permutations for small N
PROB_0406,"Looking for an algorithm that handles Tabular datasets with complex interactions in a high-frequency trading system with 1,000 elements.",Classification,Random Forest Classifier,Forest of Decision Trees,Tabular datasets with complex interactions,Slower inference than single tree,General tabular classification benchmark
PROB_0489,"I am building a module in a bioinformatics DNA pipeline requiring similarity search classification with 100,000 items.",Classification,K-Nearest Neighbors Classifier (KNN),"KD-Tree, Ball-Tree, Feature Matrix",Small to medium tabular data with low dimensions,High prediction memory/time O(n * d),Instance-based learning
PROB_1637,"Need an efficient algorithm that satisfies Linear transformation only operating on a Covariance Matrix, Eigenvectors / Singular Values.",Machine Learning / AI,Principal Component Analysis (PCA),"Covariance Matrix, Eigenvectors / Singular Values",High-dimensional correlated numeric features,Linear transformation only,Reducing feature dimensions before ML training
PROB_1196,"Find the ideal algorithm to process computes number of unique paths or minimum path sum moving top-left to bottom-right in a grid. for a social network friend graph with 1,000,000 records.",Dynamic Programming,Grid Path Dynamic Programming,2D Grid / 1D Row DP,2D Matrix with path costs or obstacles,Restricted movement direction,Robot navigation grid movement
PROB_0819,"I need to solve a problem involving network cable layout minimum weight for a mobile navigation app with 100,000 items. What algorithm is best?",Graph Algorithms,Prim's Algorithm,"Priority Queue, Adjacency List",Dense connected weighted graph,Must be undirected graph,Designing minimal cost electrical grids or fiber network cabling
PROB_1541,"Need an efficient algorithm that satisfies NP-complete problem operating on a Visited Array, Path Array.",Backtracking,Hamiltonian Path / Cycle,"Visited Array, Path Array",Directed or undirected graph,NP-complete problem,Route planning requiring visiting all locations exactly once
PROB_1149,System requires edit distance (levenshtein distance) for auto-correct spell checkers in a cloud server log analysis system.,Dynamic Programming,Edit Distance (Levenshtein Distance),2D DP Grid,Text strings,O(M * N) space and time,Auto-correct spell checkers
PROB_1054,"Designing a solution for shared ancestor in tree with Binary lifting requires O(N log N) preprocessing with 10,000 entries.",Tree Algorithms,Lowest Common Ancestor (LCA),"Tree, Binary Lifting Table",Rooted tree with node pairs,Binary lifting requires O(N log N) preprocessing,Genealogy trees
PROB_1177,Require a reliable approach for rod cutting using 1D DP Array data structures.,Dynamic Programming,Rod Cutting,1D DP Array,Rod length N and price array,O(N^2) dynamic programming table,"Industrial material cutting optimization (steel, wood, fabric)"
PROB_0591,Which algorithm effectively performs l1 regularized linear regression performing feature selection by driving irrelevant feature coefficients strictly to zero. on a Coefficient Vector for a game engine physics solver?,Regression,Lasso Regression,Coefficient Vector,High dimensional regression data with sparse relevant features,Selects at most n features when d > n,Feature selection in high-dimensional continuous regression
PROB_1360,Looking for optimal solution for kruskal's mst (greedy) addressing Edge list with weights for a database query optimizer.,Greedy Algorithms,Kruskal's MST (Greedy),"Union-Find, Sorted Edge List",Edge list with weights,Sorting step requires O(E log E),Greedy spanning tree connection
PROB_0798,"Designing a solution for transitive closure matrix with O(V^3) time makes it unsuitable for large V (> 1000) with 10,000 entries.",Graph Algorithms,Floyd-Warshall Algorithm,2D Matrix,Dense small to medium graph,O(V^3) time makes it unsuitable for large V (> 1000),Precomputing all-pairs distances for small dense graphs
PROB_0958,"Designing a solution for serialize deserialize tree with Recursion stack depth with 10,000 entries.",Tree Algorithms,Binary Tree Traversal (Pre/In/Post Order),"Binary Tree, Stack",Hierarchical tree structure,Recursion stack depth,In-order for sorted BST output
PROB_1354,How to optimize kruskal edge pick greedy when data characteristics are Edge list with weights?,Greedy Algorithms,Kruskal's MST (Greedy),"Union-Find, Sorted Edge List",Edge list with weights,Sorting step requires O(E log E),Greedy spanning tree connection
PROB_0635,"Find the ideal algorithm to process non-parametric regression model predicting continuous target by splitting feature space into hyper-rectangles. for a social network friend graph with 1,000,000 records.",Regression,Decision Tree Regressor,Decision Tree,Tabular features with step-like non-linear target patterns,Cannot extrapolate beyond training target range,Non-linear tabular regression with step boundaries
PROB_1649,"I need to solve a problem involving text classification naive bayes in an e-commerce platform database with 1,000 elements. What algorithm is best?",Machine Learning / AI,Naive Bayes (ML / AI),Probability Map,Text feature vectors (TF-IDF/Word Counts),Independence assumption,Spam filtering
PROB_0450,"I need to solve a problem involving weighted sample classification in a high-frequency trading system with 10,000 entries. What algorithm is best?",Classification,AdaBoost Classifier,Sequence of Decision Stumps,Tabular datasets,Sensitive to noisy data and outliers,Boosting weak learners for binary classification
PROB_1327,Need to implement a robust method for jump game reachable end in a digital signal processing pipeline on a massive 10^6 dataset.,Greedy Algorithms,Jump Game (Greedy Reachability),Farthest Reach Integer,Array of max jump lengths,Must evaluate incrementally left to right,Reachability analysis in sequential state transitions
PROB_0588,"Find the ideal algorithm to process l1 regularized linear regression performing feature selection by driving irrelevant feature coefficients strictly to zero. for a social network friend graph with 1,000,000 records.",Regression,Lasso Regression,Coefficient Vector,High dimensional regression data with sparse relevant features,Selects at most n features when d > n,Feature selection in high-dimensional continuous regression
PROB_0115,"I need to solve a problem involving peak finding for a mobile navigation app with 100,000 items. What algorithm is best?",Searching,Ternary Search,"Array, Monotonic / Unimodal Function",Continuous or discrete unimodal values,More comparisons per step than binary search,Finding maximum or minimum of a unimodal function
PROB_0081,"I need to solve a problem involving unbounded array search in an e-commerce platform database with 1,000 elements. What algorithm is best?",Searching,Exponential Search,"Array, Sorted Stream",Sorted array or unbounded stream,Requires random access by index,Searching in unbounded / infinite sorted arrays
PROB_0905,"I am building a module in a bioinformatics DNA pipeline requiring range query BST with 100,000 items.",Tree Algorithms,Binary Search Tree (BST),Binary Tree Nodes,Dynamic stream of comparable elements,Can degenerate to O(n) linked list if unbalanced,Dynamic set tracking with dynamic insertion/deletion
PROB_1431,"Need a strategy for backtracking puzzle solver filling 9x9 grid so every row, column, and 3x3 subgrid contains digits 1-9. under strict time complexity bounds.",Backtracking,Sudoku Solver,"2D Grid, Row/Col/Box Hash Sets",9x9 grid matrix with empty slots,Combinatorial worst case,Solving Sudoku puzzles automatically
PROB_0549,"Need an efficient algorithm that satisfies Sensitive to outliers and multicollinearity operating on a Feature Matrix, Coefficient Vector.",Regression,Linear Regression,"Feature Matrix, Coefficient Vector",Linear tabular features,Sensitive to outliers and multicollinearity,Simple continuous target forecasting
PROB_1556,"Need an efficient algorithm that satisfies Cell reuse within same word path forbidden operating on a 2D Grid, Visited Coordinate Set.",Backtracking,Word Search Grid,"2D Grid, Visited Coordinate Set",2D char array and string query,Cell reuse within same word path forbidden,Boggle word puzzle games
PROB_1784,"I am building a module in a bioinformatics DNA pipeline requiring combined content collaborative recommendation with 100,000 items.",Machine Learning / AI,Hybrid Recommendation System,Ensemble Scoring Engine,User interaction logs and item feature metadata,System design and tuning complexity,"Production recommendation platforms (Netflix, Amazon, Spotify)"
PROB_0089,"I am building a module in a bioinformatics DNA pipeline requiring unknown length sorted list with 100,000 items.",Searching,Exponential Search,"Array, Sorted Stream",Sorted array or unbounded stream,Requires random access by index,Searching in unbounded / infinite sorted arrays
PROB_0934,What is the best way to execute standard map set tree balance for a mobile navigation app with maximum efficiency?,Tree Algorithms,Red-Black Tree,Red/Black Binary Nodes,Frequent dynamic insertions and deletions,Complex node recoloring/rotation rules,"Underlying implementation for C++ std::map, Java TreeMap"
PROB_0367,"Which algorithm effectively performs hybrid stable sorting algorithm derived from merge sort and insertion sort, standard default sort in python and java. on a Array for a game engine physics solver?",Sorting,TimSort,Array,Real world data with existing run segments,Auxiliary space O(n),General purpose default sorting for real-world heterogeneous datasets
PROB_1449,"I am building a module in a bioinformatics DNA pipeline requiring find all paths in maze with 100,000 items.",Backtracking,Rat in a Maze,"Recursion Stack, Visited Matrix",N x N matrix with open and blocked cells,Avoid infinite loops by tracking visited cells,Finding all valid paths through a maze with obstacles
PROB_0767,"Designing a solution for minimum distance between cities with Fails if graph contains negative edge weights with 10,000 entries.",Graph Algorithms,Dijkstra's Shortest Path Algorithm,"Priority Queue / Min-Heap, Adjacency List",Weighted graph with non-negative weights,Fails if graph contains negative edge weights,GPS map routing
PROB_1333,"Looking for an algorithm that handles Gas array and cost array in a high-frequency trading system with 1,000 elements.",Greedy Algorithms,Gas Station Problem,Running Surplus Counter,Gas array and cost array,Requires total gas sum >= total cost sum,Circular vehicle route energy planning
PROB_1374,Which algorithm effectively performs greedy node expansion picking closest vertex outside current mst tree. on a Min-Heap for a game engine physics solver?,Greedy Algorithms,Prim's MST (Greedy),Min-Heap,Adjacency weighted list,Undirected graph,Dense graph minimum spanning tree
PROB_0630,What is the best way to execute interpretable continuous rule tree for a mobile navigation app with maximum efficiency?,Regression,Decision Tree Regressor,Decision Tree,Tabular features with step-like non-linear target patterns,Cannot extrapolate beyond training target range,Non-linear tabular regression with step boundaries
PROB_0750,System requires depth-first search (dfs graph) for detecting graph cycles in a cloud server log analysis system.,Graph Algorithms,Depth-First Search (DFS Graph),"Stack, Recursion, Adjacency List",Directed or undirected graph,Recursion limit on deep graphs,Detecting graph cycles
PROB_1680,Need to implement a robust method for deep neural network tabular in a digital signal processing pipeline on a massive 10^6 dataset.,Machine Learning / AI,Multilayer Perceptron (MLP Deep Learning),"Weight Matrices, Bias Vectors",Tabular or dense numeric vector features,Black-box model requiring careful hyperparameter tuning,Complex non-linear classification/regression
PROB_1246,"Designing a solution for interval scheduling greedy with Requires initial sorting by finish time with 10,000 entries.",Greedy Algorithms,Activity Selection Problem,Array of Intervals,Set of overlapping interval pairs,Requires initial sorting by finish time,Meeting room scheduling
PROB_1353,"Require a reliable approach for kruskal's mst (greedy) using Union-Find, Sorted Edge List data structures.",Greedy Algorithms,Kruskal's MST (Greedy),"Union-Find, Sorted Edge List",Edge list with weights,Sorting step requires O(E log E),Greedy spanning tree connection
PROB_1588,"I need to solve a problem involving cluster tabular data in a bioinformatics DNA pipeline with 1,000,000 records. What algorithm is best?",Machine Learning / AI,K-Means Clustering,"Centroids Matrix, Cluster Assignment Vector",Continuous numeric feature data,Assumes spherical clusters of similar size,Customer persona segmentation
PROB_0153,Need a strategy for explores as far as possible along each branch before backtracking using a stack or recursion. under strict time complexity bounds.,Searching,DFS Search (Grid / Tree / Graph),"Stack, Recursion, Grid, Graph","Tree, Graph, or 2D Grid",Recursion depth limits,Checking path existence
PROB_1704,Need a strategy for neural network architecture with recurrent loops allowing sequential state persistence for time series and text. under strict time complexity bounds.,Machine Learning / AI,Recurrent Neural Network (RNN),"Hidden State Tensor, Recurrent Weights",Time series or text sequences,Vanishing/exploding gradient during long sequences,Short sequence prediction
PROB_0151,"Looking for an algorithm that handles Tree, Graph, or 2D Grid in a high-frequency trading system with 1,000 elements.",Searching,DFS Search (Grid / Tree / Graph),"Stack, Recursion, Grid, Graph","Tree, Graph, or 2D Grid",Recursion depth limits,Checking path existence
PROB_0644,How can I implement random forest regressor to handle ensemble of regression decision trees averaging continuous target predictions. in an e-commerce platform database?,Regression,Random Forest Regressor,Forest of Regression Trees,Tabular datasets with complex continuous relationships,Cannot extrapolate outside min/max target range,Performance optimization
PROB_1063,"Looking for an algorithm that handles Item weights, values, and max capacity W in a high-frequency trading system with 1,000 elements.",Dynamic Programming,0/1 Knapsack,2D DP Array / 1D DP Array,"Item weights, values, and max capacity W",Pseudo-polynomial time O(N * W),Resource allocation under strict budget constraints
PROB_1207,What is the best way to execute burst balloons interval dp for a mobile navigation app with maximum efficiency?,Dynamic Programming,Interval Dynamic Programming,2D Interval DP Table,Sequential array requiring range merges,O(N^3) time complexity,"Game theory range merging (e.g. Balloon Bursting, Stone Merging)"
PROB_1226,Require a reliable approach for bitmask dynamic programming using 1D/2D DP Array indexed by bitmask integer data structures.,Dynamic Programming,Bitmask Dynamic Programming,1D/2D DP Array indexed by bitmask integer,Small set size requiring state permutation tracking,Exponential space O(2^N) limits N to <= 20,Exact solution for Traveling Salesperson Problem (TSP) for small N
PROB_1508,Need an efficient algorithm that satisfies Duplicate combinations must be pruned operating on a Recursion Stack.,Backtracking,Combination Sum,Recursion Stack,Candidate array and target integer,Duplicate combinations must be pruned,Finding exact coin/token combinations summing to target value
PROB_1781,"Looking for an algorithm that handles User interaction logs and item feature metadata in a high-frequency trading system with 1,000 elements.",Machine Learning / AI,Hybrid Recommendation System,Ensemble Scoring Engine,User interaction logs and item feature metadata,System design and tuning complexity,"Production recommendation platforms (Netflix, Amazon, Spotify)"
PROB_1176,"I am building a module in a bioinformatics DNA pipeline requiring integer segment partition max value with 100,000 items.",Dynamic Programming,Rod Cutting,1D DP Array,Rod length N and price array,O(N^2) dynamic programming table,"Industrial material cutting optimization (steel, wood, fabric)"
PROB_0829,System requires prim's algorithm for designing minimal cost electrical grids or fiber network cabling in a cloud server log analysis system.,Graph Algorithms,Prim's Algorithm,"Priority Queue, Adjacency List",Dense connected weighted graph,Must be undirected graph,Designing minimal cost electrical grids or fiber network cabling
PROB_0112,Need to implement a robust method for fibonacci split search in a digital signal processing pipeline on a massive 10^6 dataset.,Searching,Fibonacci Search,"Array, Sorted List",Sorted numeric array,Requires generating Fibonacci numbers,Systems where multiplication or division is computationally expensive
PROB_1560,"I am building a module in a bioinformatics DNA pipeline requiring grid word boggle solver with 100,000 items.",Backtracking,Word Search Grid,"2D Grid, Visited Coordinate Set",2D char array and string query,Cell reuse within same word path forbidden,Boggle word puzzle games
PROB_0714,How to optimize xgboost continuous forecasting when data characteristics are Structured tabular data with continuous target?,Regression,XGBoost Regressor,"DMatrix, Gradient Trees",Structured tabular data with continuous target,Requires tuning hyper-parameters,State-of-the-art tabular continuous regression
PROB_0937,Require a reliable approach for red-black tree using Red/Black Binary Nodes data structures.,Tree Algorithms,Red-Black Tree,Red/Black Binary Nodes,Frequent dynamic insertions and deletions,Complex node recoloring/rotation rules,"Underlying implementation for C++ std::map, Java TreeMap"
PROB_0769,"I need to solve a problem involving negative edge weight shortest path in an e-commerce platform database with 1,000 elements. What algorithm is best?",Graph Algorithms,Bellman-Ford Algorithm,"Edge List, Distance Array",Weighted graph with potential negative edge weights,Slower O(V*E) time complexity,Financial currency arbitrage detection
PROB_1059,"I need to solve a problem involving equal subset partition for a mobile navigation app with 100,000 items. What algorithm is best?",Dynamic Programming,0/1 Knapsack,2D DP Array / 1D DP Array,"Item weights, values, and max capacity W",Pseudo-polynomial time O(N * W),Resource allocation under strict budget constraints
PROB_0843,How to optimize minimum spanning tree kruskal when data characteristics are Sparse connected or disconnected weighted graph?,Graph Algorithms,Kruskal's Algorithm,"Disjoint Set Union (DSU), Edge List",Sparse connected or disconnected weighted graph,Sorting edges requires O(E log E),Minimum Spanning Tree on sparse graphs
PROB_1673,"I am building a module in a bioinformatics DNA pipeline requiring non linear neural net classification with 100,000 items.",Machine Learning / AI,Multilayer Perceptron (MLP Deep Learning),"Weight Matrices, Bias Vectors",Tabular or dense numeric vector features,Black-box model requiring careful hyperparameter tuning,Complex non-linear classification/regression
PROB_1424,Need to implement a robust method for n queens puzzle in a digital signal processing pipeline on a massive 10^6 dataset.,Backtracking,N-Queens Problem,Column / Diagonal Visited Sets,Board size N,Exponential search space O(N!),Constraint satisfaction benchmarks
PROB_0382,"Find the ideal algorithm to process linear classification model that predicts class probability using sigmoid function. for a social network friend graph with 1,000,000 records.",Classification,Logistic Regression,"Feature Matrix, Target Vector",Linearly separable tabular data,Assumes linear independence of log-odds,Binary classification baseline
PROB_0355,"I need to solve a problem involving stable hybrid sort for a mobile navigation app with 100,000 items. What algorithm is best?",Sorting,TimSort,Array,Real world data with existing run segments,Auxiliary space O(n),General purpose default sorting for real-world heterogeneous datasets
PROB_1787,"Find the ideal algorithm to process recommender system combining collaborative filtering and content-based approaches to maximize accuracy and coverage. for a social network friend graph with 1,000,000 records.",Machine Learning / AI,Hybrid Recommendation System,Ensemble Scoring Engine,User interaction logs and item feature metadata,System design and tuning complexity,"Production recommendation platforms (Netflix, Amazon, Spotify)"
PROB_1650,"I need to solve a problem involving probabilistic sentiment model in a high-frequency trading system with 10,000 entries. What algorithm is best?",Machine Learning / AI,Naive Bayes (ML / AI),Probability Map,Text feature vectors (TF-IDF/Word Counts),Independence assumption,Spam filtering
PROB_0941,"Designing a solution for balanced tree insert heavy with Complex node recoloring/rotation rules with 10,000 entries.",Tree Algorithms,Red-Black Tree,Red/Black Binary Nodes,Frequent dynamic insertions and deletions,Complex node recoloring/rotation rules,"Underlying implementation for C++ std::map, Java TreeMap"
PROB_1682,"I need to solve a problem involving computer vision object detection in a high-frequency trading system with 10,000 entries. What algorithm is best?",Machine Learning / AI,Convolutional Neural Network (CNN),"Convolutional Kernels, Feature Maps",2D/3D Image grids or spatial signals,High compute power required for training,Image classification
PROB_0512,Need to implement a robust method for fast probabilistic text classification in a digital signal processing pipeline on a massive 10^6 dataset.,Classification,Naive Bayes Classifier,Probability Tables,"Text word counts, categorical or continuous sparse features",Zero frequency problem without smoothing,Spam detection
PROB_1497,"I am building a module in a bioinformatics DNA pipeline requiring boolean subset selection with 100,000 items.",Backtracking,Subsets Generation (Power Set),Recursion Stack,Array of distinct elements,Generates 2^N total subsets,Evaluating all possible item combinations (power set)
PROB_1708,"Find the ideal algorithm to process neural network architecture with recurrent loops allowing sequential state persistence for time series and text. for a social network friend graph with 1,000,000 records.",Machine Learning / AI,Recurrent Neural Network (RNN),"Hidden State Tensor, Recurrent Weights",Time series or text sequences,Vanishing/exploding gradient during long sequences,Short sequence prediction
PROB_1601,"I need to solve a problem involving density based clustering in an e-commerce platform database with 1,000 elements. What algorithm is best?",Machine Learning / AI,DBSCAN Clustering,KD-Tree / Ball-Tree,Spatial or tabular feature coordinates,Struggles with varying density clusters,Geospatial spatial data clustering
PROB_1340,System requires gas station problem for circular vehicle route energy planning in a cloud server log analysis system.,Greedy Algorithms,Gas Station Problem,Running Surplus Counter,Gas array and cost array,Requires total gas sum >= total cost sum,Circular vehicle route energy planning
PROB_1589,How can I implement k-means clustering to handle unsupervised clustering algorithm partitioning dataset into k distinct clusters based on distance to centroid. in an e-commerce platform database?,Machine Learning / AI,K-Means Clustering,"Centroids Matrix, Cluster Assignment Vector",Continuous numeric feature data,Assumes spherical clusters of similar size,Performance optimization
PROB_0410,Require a reliable approach for random forest classifier using Forest of Decision Trees data structures.,Classification,Random Forest Classifier,Forest of Decision Trees,Tabular datasets with complex interactions,Slower inference than single tree,General tabular classification benchmark
PROB_0417,"I need to solve a problem involving extremely randomized trees classification in an e-commerce platform database with 1,000 elements. What algorithm is best?",Classification,Extra Trees Classifier,Forest of Decision Trees,Tabular features with noise,Can create larger trees than Random Forest,Fast ensemble training on noisy tabular data
PROB_0789,Need an efficient algorithm that satisfies O(V^3) time makes it unsuitable for large V (> 1000) operating on a 2D Matrix.,Graph Algorithms,Floyd-Warshall Algorithm,2D Matrix,Dense small to medium graph,O(V^3) time makes it unsuitable for large V (> 1000),Precomputing all-pairs distances for small dense graphs
PROB_1277,System requires huffman coding for zip file compression in a cloud server log analysis system.,Greedy Algorithms,Huffman Coding,"Min-Heap, Binary Tree Nodes",Text stream or character frequency table,Requires two-pass encoding or frequency transmission,ZIP file compression
PROB_0023,"Need an efficient algorithm that satisfies Inefficient for large arrays operating on a Array, Linked List, Iterable.",Searching,Linear Search,"Array, Linked List, Iterable","Unsorted or arbitrary order, Small to medium size",Inefficient for large arrays,Small collections
PROB_0244,"I need to solve a problem involving stable sorting in a bioinformatics DNA pipeline with 1,000,000 records. What algorithm is best?",Sorting,Merge Sort,"Array, Linked List",General large datasets,Auxiliary space O(n),Guaranteed O(n log n) sorting
PROB_0248,What is the best way to execute guaranteed O(n log n) sort for a mobile navigation app with maximum efficiency?,Sorting,Merge Sort,"Array, Linked List",General large datasets,Auxiliary space O(n),Guaranteed O(n log n) sorting
PROB_0350,Which algorithm effectively performs in-place comparison sort generalization of insertion sort that allows exchanges of items that are far apart. on a Array for a game engine physics solver?,Sorting,Shell Sort,Array,Medium size arrays,Complexity depends heavily on gap sequence selection,Embedded systems where code size must be minimal and memory limited
PROB_1324,System requires jump game (greedy reachability) for reachability analysis in sequential state transitions in a cloud server log analysis system.,Greedy Algorithms,Jump Game (Greedy Reachability),Farthest Reach Integer,Array of max jump lengths,Must evaluate incrementally left to right,Reachability analysis in sequential state transitions
PROB_0141,System requires bfs search (grid / tree / graph) for finding shortest path in unweighted maze/grid in a cloud server log analysis system.,Searching,BFS Search (Grid / Tree / Graph),"Queue, Grid, Graph",Graph or 2D matrix grid,Requires O(V) memory space for queue,Finding shortest path in unweighted maze/grid
PROB_0130,"I need to solve a problem involving shortest path unweighted grid in a high-frequency trading system with 10,000 entries. What algorithm is best?",Searching,BFS Search (Grid / Tree / Graph),"Queue, Grid, Graph",Graph or 2D matrix grid,Requires O(V) memory space for queue,Finding shortest path in unweighted maze/grid
PROB_0076,"Find the ideal algorithm to process improved binary search variant for uniformly distributed sorted arrays that estimates position based on target value relative to low/high values. for a social network friend graph with 1,000,000 records.",Searching,Interpolation Search,"Array, Sorted List",Sorted numbers with uniform intervals,Performance degrades to O(n) if data is non-uniform,Searching in large uniformly distributed numerical sorted data
PROB_0059,"How to optimize jump ahead search when data characteristics are Sorted list, Random access indexing?",Searching,Jump Search,"Array, Sorted List","Sorted list, Random access indexing",Optimal step size is sqrt(n),Searching sorted arrays when jumping backwards is expensive
PROB_1631,"Which algorithm effectively performs agglomerative clustering creating a tree (dendrogram) of nested clusters by merging closest pairs iteratively. on a Distance Matrix, Dendrogram Tree for a game engine physics solver?",Machine Learning / AI,Hierarchical Clustering,"Distance Matrix, Dendrogram Tree",Small to medium feature matrix,High memory space O(n^2) and time complexity O(n^3),Gene expression analysis
PROB_0473,"I am building a module in a bioinformatics DNA pipeline requiring high dimensional classification with 100,000 items.",Classification,Support Vector Classifier (SVC),Support Vectors,"High dimensional data, small to medium sample size",Scales quadratically O(n^2) with sample size,Text classification
PROB_0020,"I need to solve a problem involving sequential search in a bioinformatics DNA pipeline with 1,000,000 records. What algorithm is best?",Searching,Linear Search,"Array, Linked List, Iterable","Unsorted or arbitrary order, Small to medium size",Inefficient for large arrays,Small collections
PROB_0742,"Need an efficient algorithm that satisfies Recursion limit on deep graphs operating on a Stack, Recursion, Adjacency List.",Graph Algorithms,Depth-First Search (DFS Graph),"Stack, Recursion, Adjacency List",Directed or undirected graph,Recursion limit on deep graphs,Detecting graph cycles
PROB_0227,"I need to solve a problem involving small subarray sort for a mobile navigation app with 100,000 items. What algorithm is best?",Sorting,Insertion Sort,"Array, Linked List",Small dataset or almost sorted data,O(n^2) for reverse ordered inputs,Sorting small lists (n < 25)
PROB_0634,How to optimize interpretable continuous rule tree when data characteristics are Tabular features with step-like non-linear target patterns?,Regression,Decision Tree Regressor,Decision Tree,Tabular features with step-like non-linear target patterns,Cannot extrapolate beyond training target range,Non-linear tabular regression with step boundaries
PROB_0165,How can I implement two pointer search to handle algorithm pattern using two pointers moving toward each other or in parallel to search for pairs or subarrays matching conditions. in an e-commerce platform database?,Searching,Two Pointer Search,"Array, String",Contiguous sequential data,Requires monotonic sequence behavior,Performance optimization
PROB_1722,"Require a reliable approach for long short-term memory (lstm) using Cell State, Gate Tensors (Forget, Input, Output) data structures.",Machine Learning / AI,Long Short-Term Memory (LSTM),"Cell State, Gate Tensors (Forget, Input, Output)",Sequential time series data or long text passages,Sequential processing limits parallel GPU scaling,Financial time series forecasting
PROB_0295,What is the best way to execute integer array sort for a mobile navigation app with maximum efficiency?,Sorting,Counting Sort,"Array, Frequency Counter",Integer values with known max range,Space consuming if range K is much larger than N,Sorting discrete integers when range K is O(N)
PROB_1469,System requires permutations generation for brute-force testing all ordering permutations for small n in a cloud server log analysis system.,Backtracking,Permutations Generation,"Recursion Stack, Visited Boolean Array",Sequence of N items,Generates N! total outputs,Brute-force testing all ordering permutations for small N
PROB_0854,"Need an efficient algorithm that satisfies Fails if graph contains cycles operating on a Queue (Kahn's), In-degree Array, DAG.",Graph Algorithms,Topological Sort,"Queue (Kahn's), In-degree Array, DAG",Directed graph with no cycles,Fails if graph contains cycles,"Package dependency management (e.g. pip, npm)"
PROB_1617,"I need to solve a problem involving dendrogram tree clustering in an e-commerce platform database with 1,000 elements. What algorithm is best?",Machine Learning / AI,Hierarchical Clustering,"Distance Matrix, Dendrogram Tree",Small to medium feature matrix,High memory space O(n^2) and time complexity O(n^3),Gene expression analysis
PROB_1253,Need an efficient algorithm that satisfies Only valid when items can be divided operating on a Array of Items.,Greedy Algorithms,Fractional Knapsack,Array of Items,"Item weights, values, capacity W",Only valid when items can be divided,"Bulk commodity trading (gold dust, oil, grain allocation)"
PROB_0709,"Looking for an algorithm that handles Structured tabular data with continuous target in a high-frequency trading system with 1,000 elements.",Regression,XGBoost Regressor,"DMatrix, Gradient Trees",Structured tabular data with continuous target,Requires tuning hyper-parameters,State-of-the-art tabular continuous regression
PROB_0816,Need to implement a robust method for heuristic shortest path in a digital signal processing pipeline on a massive 10^6 dataset.,Graph Algorithms,A* Search Algorithm,"Priority Queue, Heuristic Function",Grid map or spatial graph with coordinate data,Quality depends heavily on heuristic function,Video game NPC pathfinding
PROB_1336,"I am building a module in a bioinformatics DNA pipeline requiring petrol pump circle journey with 100,000 items.",Greedy Algorithms,Gas Station Problem,Running Surplus Counter,Gas array and cost array,Requires total gas sum >= total cost sum,Circular vehicle route energy planning
PROB_1012,"How can I implement segment tree to handle tree data structure for storing intervals or segments, allowing querying range sum/min/max in o(log n). in an e-commerce platform database?",Tree Algorithms,Segment Tree,Array Segment Tree,Array with frequent point updates and range queries,Requires 4N memory space,Performance optimization
PROB_1337,Require a reliable approach for gas station problem using Running Surplus Counter data structures.,Greedy Algorithms,Gas Station Problem,Running Surplus Counter,Gas array and cost array,Requires total gas sum >= total cost sum,Circular vehicle route energy planning
PROB_0191,"Which algorithm effectively performs technique to maintain a dynamic range/subsegment over an array to search for optimal subsegment satisfying criteria. on a Array, String, Hash Map for a game engine physics solver?",Searching,Sliding Window Search,"Array, String, Hash Map",Sequential array or string,Window state must be incrementally updateable,Finding max/min subarray meeting target condition
PROB_0282,"Require a reliable approach for heap sort using Binary Heap, Array data structures.",Sorting,Heap Sort,"Binary Heap, Array",General numerical or comparable arrays,Poor cache locality due to heap jumps,Systems requiring guaranteed O(n log n) with O(1) auxiliary space
PROB_1558,What is the best way to execute word search 2d grid for a mobile navigation app with maximum efficiency?,Backtracking,Word Search Grid,"2D Grid, Visited Coordinate Set",2D char array and string query,Cell reuse within same word path forbidden,Boggle word puzzle games
PROB_1285,"Looking for an algorithm that handles List of jobs with profit and deadline in a high-frequency trading system with 1,000 elements.",Greedy Algorithms,Job Sequencing with Deadlines,Time Slot Array / Disjoint Set Union,List of jobs with profit and deadline,Each job takes 1 unit of time,Task execution scheduling under deadline penalties
PROB_0036,"I need to solve a problem involving two sum problem in a bioinformatics DNA pipeline with 1,000,000 records. What algorithm is best?",Searching,Hash Table / Dictionary Lookup,"Hash Map, Hash Set, Dictionary","Unique keys or items, Unordered data","Consumes extra memory for hash storage, Potential hash collisions",Repeated fast lookups
PROB_0973,System requires tree level order traversal (bfs tree) for printing tree by levels in a cloud server log analysis system.,Tree Algorithms,Tree Level Order Traversal (BFS Tree),"Queue, Binary Tree",Tree hierarchical levels,Memory proportional to maximum tree width,Printing tree by levels
PROB_0616,Need a strategy for linear model variant incorporating polynomial feature combinations to fit non-linear curves. under strict time complexity bounds.,Regression,Polynomial Regression,Polynomial Feature Matrix,Non-linear continuous relationships,Feature space grows exponentially with polynomial degree,Fitting non-linear curves for small feature sets
PROB_0761,Need a strategy for graph algorithm that solves single-source shortest path problem for graphs with non-negative edge weights. under strict time complexity bounds.,Graph Algorithms,Dijkstra's Shortest Path Algorithm,"Priority Queue / Min-Heap, Adjacency List",Weighted graph with non-negative weights,Fails if graph contains negative edge weights,GPS map routing
PROB_0305,"I need to solve a problem involving digit by digit sorting in an e-commerce platform database with 1,000 elements. What algorithm is best?",Sorting,Radix Sort,"Array, Buckets",Integers or fixed-length strings,Requires stable underlying digit sort,Sorting large lists of integers or fixed-length strings in O(nk)
PROB_0180,How can I implement sliding window search to handle technique to maintain a dynamic range/subsegment over an array to search for optimal subsegment satisfying criteria. in an e-commerce platform database?,Searching,Sliding Window Search,"Array, String, Hash Map",Sequential array or string,Window state must be incrementally updateable,Performance optimization
PROB_0548,How can I implement linear regression to handle fundamental regression model fitting a linear relationship between features and continuous target variable. in an e-commerce platform database?,Regression,Linear Regression,"Feature Matrix, Coefficient Vector",Linear tabular features,Sensitive to outliers and multicollinearity,Performance optimization
PROB_0741,How can I implement depth-first search (dfs graph) to handle graph traversal algorithm that explores as deep as possible along each branch before backtracking. in an e-commerce platform database?,Graph Algorithms,Depth-First Search (DFS Graph),"Stack, Recursion, Adjacency List",Directed or undirected graph,Recursion limit on deep graphs,Performance optimization
PROB_0497,"I need to solve a problem involving fast probabilistic text classification in an e-commerce platform database with 1,000 elements. What algorithm is best?",Classification,Naive Bayes Classifier,Probability Tables,"Text word counts, categorical or continuous sparse features",Zero frequency problem without smoothing,Spam detection
PROB_1495,What is the best way to execute generate power set for a mobile navigation app with maximum efficiency?,Backtracking,Subsets Generation (Power Set),Recursion Stack,Array of distinct elements,Generates 2^N total subsets,Evaluating all possible item combinations (power set)
PROB_1592,What is the best way to execute unsupervised customer segmentation for a mobile navigation app with maximum efficiency?,Machine Learning / AI,K-Means Clustering,"Centroids Matrix, Cluster Assignment Vector",Continuous numeric feature data,Assumes spherical clusters of similar size,Customer persona segmentation
PROB_0975,"Which algorithm effectively performs breadth-first traversal visiting binary tree nodes level by level from top to bottom. on a Queue, Binary Tree for a game engine physics solver?",Tree Algorithms,Tree Level Order Traversal (BFS Tree),"Queue, Binary Tree",Tree hierarchical levels,Memory proportional to maximum tree width,Printing tree by levels
PROB_0012,"I am building a module in a bioinformatics DNA pipeline requiring sorted data existence check with 100,000 items.",Searching,Binary Search,"Array, Sorted List","Sorted numerical or string sequence, Known boundaries","Data structure must support fast indexed access, Requires prior sorting step",Searching in large sorted numerical arrays
PROB_0259,"I need to solve a problem involving cache friendly sorting for a mobile navigation app with 100,000 items. What algorithm is best?",Sorting,Quick Sort,Array,General unsorted array,Worst-case O(n^2) if pivot selection is poor,Fast in-place general purpose sorting
PROB_0393,"I am building a module in a bioinformatics DNA pipeline requiring categorical feature classification with 100,000 items.",Classification,Decision Tree Classifier,Binary / Multi-way Tree,Tabular data with mixed categorical/numerical features,Prone to overfitting if unconstrained,Rule-based business decisions
PROB_0772,"How can I implement bellman-ford algorithm to handle computes shortest paths from single source to all vertices in a weighted graph, capable of handling negative edge weights. in an e-commerce platform database?",Graph Algorithms,Bellman-Ford Algorithm,"Edge List, Distance Array",Weighted graph with potential negative edge weights,Slower O(V*E) time complexity,Performance optimization
PROB_0677,"Looking for an algorithm that handles Structured continuous tabular targets in a high-frequency trading system with 1,000 elements.",Regression,Gradient Boosting Regressor,Sequence of Regression Trees,Structured continuous tabular targets,Requires tuning learning rate and tree depth,High accuracy continuous regression benchmarks
PROB_1309,"Designing a solution for minimum interval removals to eliminate overlap with Greedy finish time sorting strictly required with 10,000 entries.",Greedy Algorithms,Interval Scheduling,Array of Intervals,Array of numeric 2D intervals,Greedy finish time sorting strictly required,Conference talk scheduling
PROB_0827,How to optimize minimum spanning tree prim when data characteristics are Dense connected weighted graph?,Graph Algorithms,Prim's Algorithm,"Priority Queue, Adjacency List",Dense connected weighted graph,Must be undirected graph,Designing minimal cost electrical grids or fiber network cabling
PROB_0950,"Looking for an algorithm that handles Hierarchical tree structure in a high-frequency trading system with 1,000 elements.",Tree Algorithms,Binary Tree Traversal (Pre/In/Post Order),"Binary Tree, Stack",Hierarchical tree structure,Recursion stack depth,In-order for sorted BST output
PROB_1365,"Looking for an algorithm that handles Adjacency weighted list in a high-frequency trading system with 1,000 elements.",Greedy Algorithms,Prim's MST (Greedy),Min-Heap,Adjacency weighted list,Undirected graph,Dense graph minimum spanning tree
PROB_1699,"I need to solve a problem involving sequence to sequence model for a mobile navigation app with 100,000 items. What algorithm is best?",Machine Learning / AI,Recurrent Neural Network (RNN),"Hidden State Tensor, Recurrent Weights",Time series or text sequences,Vanishing/exploding gradient during long sequences,Short sequence prediction
PROB_1050,"Require a reliable approach for lowest common ancestor (lca) using Tree, Binary Lifting Table data structures.",Tree Algorithms,Lowest Common Ancestor (LCA),"Tree, Binary Lifting Table",Rooted tree with node pairs,Binary lifting requires O(N log N) preprocessing,Genealogy trees
PROB_0481,"I need to solve a problem involving lazy learning classification in an e-commerce platform database with 1,000 elements. What algorithm is best?",Classification,K-Nearest Neighbors Classifier (KNN),"KD-Tree, Ball-Tree, Feature Matrix",Small to medium tabular data with low dimensions,High prediction memory/time O(n * d),Instance-based learning
PROB_0400,Need to implement a robust method for interpretable rule tree in a digital signal processing pipeline on a massive 10^6 dataset.,Classification,Decision Tree Classifier,Binary / Multi-way Tree,Tabular data with mixed categorical/numerical features,Prone to overfitting if unconstrained,Rule-based business decisions
PROB_0607,Need to implement a robust method for combined l1 l2 regression in a digital signal processing pipeline on a massive 10^6 dataset.,Regression,Elastic Net Regression,Coefficient Vector,High-dimensional tabular data with correlated feature groups,"Requires tuning two parameters (alpha, l1_ratio)",Continuous target prediction with group-correlated high-dimensional features
PROB_1229,System requires bitmask dynamic programming for exact solution for traveling salesperson problem (tsp) for small n in a cloud server log analysis system.,Dynamic Programming,Bitmask Dynamic Programming,1D/2D DP Array indexed by bitmask integer,Small set size requiring state permutation tracking,Exponential space O(2^N) limits N to <= 20,Exact solution for Traveling Salesperson Problem (TSP) for small N
PROB_0648,Need a strategy for ensemble of regression decision trees averaging continuous target predictions. under strict time complexity bounds.,Regression,Random Forest Regressor,Forest of Regression Trees,Tabular datasets with complex continuous relationships,Cannot extrapolate outside min/max target range,General purpose tabular regression benchmark
PROB_0662,What is the best way to execute extra trees continuous prediction for a mobile navigation app with maximum efficiency?,Regression,Extra Trees Regressor,Forest of Decision Trees,Noisy continuous tabular data,Can build large trees,Fast continuous target estimation on noisy datasets
PROB_1331,How can I implement gas station problem to handle greedy evaluation finding starting circuit index to travel around a circle of gas stations. in an e-commerce platform database?,Greedy Algorithms,Gas Station Problem,Running Surplus Counter,Gas array and cost array,Requires total gas sum >= total cost sum,Performance optimization
PROB_1765,"Need an efficient algorithm that satisfies Cold start problem for new users or new unrated items operating on a User-Item Interaction Matrix, Latent Factor Matrices (U, V).",Machine Learning / AI,Collaborative Filtering Recommendation,"User-Item Interaction Matrix, Latent Factor Matrices (U, V)",Sparse user-item rating matrix,Cold start problem for new users or new unrated items,E-commerce product recommendations ('Users who bought X also bought Y')
PROB_0908,"Find the ideal algorithm to process node-based binary tree data structure where left child is smaller and right child is greater than parent. for a social network friend graph with 1,000,000 records.",Tree Algorithms,Binary Search Tree (BST),Binary Tree Nodes,Dynamic stream of comparable elements,Can degenerate to O(n) linked list if unbalanced,Dynamic set tracking with dynamic insertion/deletion
PROB_0190,"Designing a solution for longest substring without repeating characters with Window state must be incrementally updateable with 10,000 entries.",Searching,Sliding Window Search,"Array, String, Hash Map",Sequential array or string,Window state must be incrementally updateable,Finding max/min subarray meeting target condition
PROB_0700,System requires support vector regressor (svr) for non-linear regression on small high-dimensional datasets in a cloud server log analysis system.,Regression,Support Vector Regressor (SVR),Support Vectors,Small to medium non-linear datasets,Poor scalability for large n,Non-linear regression on small high-dimensional datasets
PROB_0298,"Require a reliable approach for counting sort using Array, Frequency Counter data structures.",Sorting,Counting Sort,"Array, Frequency Counter",Integer values with known max range,Space consuming if range K is much larger than N,Sorting discrete integers when range K is O(N)
PROB_1342,Which algorithm effectively performs greedy evaluation finding starting circuit index to travel around a circle of gas stations. on a Running Surplus Counter for a game engine physics solver?,Greedy Algorithms,Gas Station Problem,Running Surplus Counter,Gas array and cost array,Requires total gas sum >= total cost sum,Circular vehicle route energy planning
PROB_1022,"Designing a solution for range minimum query dynamic with Requires 4N memory space with 10,000 entries.",Tree Algorithms,Segment Tree,Array Segment Tree,Array with frequent point updates and range queries,Requires 4N memory space,Dynamic range minimum/maximum/sum queries with point updates
PROB_1290,How to optimize job scheduling profit deadline when data characteristics are List of jobs with profit and deadline?,Greedy Algorithms,Job Sequencing with Deadlines,Time Slot Array / Disjoint Set Union,List of jobs with profit and deadline,Each job takes 1 unit of time,Task execution scheduling under deadline penalties
PROB_0538,"Require a reliable approach for xgboost classifier using DMatrix, Gradient Trees data structures.",Classification,XGBoost Classifier,"DMatrix, Gradient Trees",Structured tabular datasets,High hyper-parameter tuning requirements,Tabular classification competitions
PROB_1702,"Looking for an algorithm that handles Time series or text sequences in a high-frequency trading system with 1,000 elements.",Machine Learning / AI,Recurrent Neural Network (RNN),"Hidden State Tensor, Recurrent Weights",Time series or text sequences,Vanishing/exploding gradient during long sequences,Short sequence prediction
PROB_1258,Require a reliable approach for fractional knapsack using Array of Items data structures.,Greedy Algorithms,Fractional Knapsack,Array of Items,"Item weights, values, capacity W",Only valid when items can be divided,"Bulk commodity trading (gold dust, oil, grain allocation)"
PROB_1097,"I am building a module in a bioinformatics DNA pipeline requiring make change target sum with 100,000 items.",Dynamic Programming,Coin Change,1D DP Array,List of coin values and integer target amount,Unbounded coin supply assumption,Vending machine currency exchange
PROB_0265,"I am building a module in a bioinformatics DNA pipeline requiring cache friendly sorting with 100,000 items.",Sorting,Quick Sort,Array,General unsorted array,Worst-case O(n^2) if pivot selection is poor,Fast in-place general purpose sorting
PROB_0903,What is the best way to execute ordered key insertion lookup for a mobile navigation app with maximum efficiency?,Tree Algorithms,Binary Search Tree (BST),Binary Tree Nodes,Dynamic stream of comparable elements,Can degenerate to O(n) linked list if unbalanced,Dynamic set tracking with dynamic insertion/deletion
PROB_0820,How can I implement prim's algorithm to handle greedy algorithm that finds a minimum spanning tree (mst) for a weighted undirected graph by expanding tree from source. in an e-commerce platform database?,Graph Algorithms,Prim's Algorithm,"Priority Queue, Adjacency List",Dense connected weighted graph,Must be undirected graph,Performance optimization
PROB_0363,How to optimize default language sort when data characteristics are Real world data with existing run segments?,Sorting,TimSort,Array,Real world data with existing run segments,Auxiliary space O(n),General purpose default sorting for real-world heterogeneous datasets
PROB_1608,Need a strategy for density-based spatial clustering algorithm grouping closely packed points and detecting arbitrary shapes and noise outliers. under strict time complexity bounds.,Machine Learning / AI,DBSCAN Clustering,KD-Tree / Ball-Tree,Spatial or tabular feature coordinates,Struggles with varying density clusters,Geospatial spatial data clustering
PROB_1644,"Find the ideal algorithm to process linear dimensionality reduction technique projecting data onto principal axes of maximum variance. for a social network friend graph with 1,000,000 records.",Machine Learning / AI,Principal Component Analysis (PCA),"Covariance Matrix, Eigenvectors / Singular Values",High-dimensional correlated numeric features,Linear transformation only,Reducing feature dimensions before ML training
PROB_0438,"Looking for an algorithm that handles Tabular data requiring high predictive accuracy in a high-frequency trading system with 1,000 elements.",Classification,Gradient Boosting Classifier,Sequence of Trees,Tabular data requiring high predictive accuracy,"Requires tuning hyper-parameters (learning rate, depth)",Competitive machine learning benchmarks
PROB_1655,What is the best way to execute text classification naive bayes for a mobile navigation app with maximum efficiency?,Machine Learning / AI,Naive Bayes (ML / AI),Probability Map,Text feature vectors (TF-IDF/Word Counts),Independence assumption,Spam filtering
PROB_1707,How to optimize sequential text prediction when data characteristics are Time series or text sequences?,Machine Learning / AI,Recurrent Neural Network (RNN),"Hidden State Tensor, Recurrent Weights",Time series or text sequences,Vanishing/exploding gradient during long sequences,Short sequence prediction
PROB_1174,What is the best way to execute rod cutting maximum profit for a mobile navigation app with maximum efficiency?,Dynamic Programming,Rod Cutting,1D DP Array,Rod length N and price array,O(N^2) dynamic programming table,"Industrial material cutting optimization (steel, wood, fabric)"
PROB_1786,How to optimize hybrid recommender system when data characteristics are User interaction logs and item feature metadata?,Machine Learning / AI,Hybrid Recommendation System,Ensemble Scoring Engine,User interaction logs and item feature metadata,System design and tuning complexity,"Production recommendation platforms (Netflix, Amazon, Spotify)"
PROB_0735,"Which algorithm effectively performs graph traversal algorithm that explores neighbor nodes level by level starting from source node. on a Queue, Adjacency List, Visited Set for a game engine physics solver?",Graph Algorithms,Breadth-First Search (BFS Graph),"Queue, Adjacency List, Visited Set",Unweighted graph or tree,O(V) memory for queue,Shortest path in unweighted networks
PROB_0159,"Designing a solution for path existence with Recursion depth limits with 10,000 entries.",Searching,DFS Search (Grid / Tree / Graph),"Stack, Recursion, Grid, Graph","Tree, Graph, or 2D Grid",Recursion depth limits,Checking path existence
PROB_0732,"Find the ideal algorithm to process graph traversal algorithm that explores neighbor nodes level by level starting from source node. for a social network friend graph with 1,000,000 records.",Graph Algorithms,Breadth-First Search (BFS Graph),"Queue, Adjacency List, Visited Set",Unweighted graph or tree,O(V) memory for queue,Shortest path in unweighted networks
PROB_1729,"I need to solve a problem involving transformer llm text processing in an e-commerce platform database with 1,000 elements. What algorithm is best?",Machine Learning / AI,Transformer Network,"Multi-Head Attention Matrices, Position Embeddings","Text tokens, sequences, multi-modal data",Quadratic O(L^2) attention memory cost without sparse attention,Large Language Models (LLMs)
PROB_0711,Need a strategy for optimized gradient boosted decision tree implementation tailored for continuous regression problems. under strict time complexity bounds.,Regression,XGBoost Regressor,"DMatrix, Gradient Trees",Structured tabular data with continuous target,Requires tuning hyper-parameters,State-of-the-art tabular continuous regression
PROB_0042,What is the best way to execute constant time lookup for a mobile navigation app with maximum efficiency?,Searching,Hash Table / Dictionary Lookup,"Hash Map, Hash Set, Dictionary","Unique keys or items, Unordered data","Consumes extra memory for hash storage, Potential hash collisions",Repeated fast lookups
PROB_0389,Need an efficient algorithm that satisfies Prone to overfitting if unconstrained operating on a Binary / Multi-way Tree.,Classification,Decision Tree Classifier,Binary / Multi-way Tree,Tabular data with mixed categorical/numerical features,Prone to overfitting if unconstrained,Rule-based business decisions
PROB_0678,What is the best way to execute gradient boosting continuous target for a mobile navigation app with maximum efficiency?,Regression,Gradient Boosting Regressor,Sequence of Regression Trees,Structured continuous tabular targets,Requires tuning learning rate and tree depth,High accuracy continuous regression benchmarks
PROB_1654,"Looking for an algorithm that handles Text feature vectors (TF-IDF/Word Counts) in a high-frequency trading system with 1,000 elements.",Machine Learning / AI,Naive Bayes (ML / AI),Probability Map,Text feature vectors (TF-IDF/Word Counts),Independence assumption,Spam filtering
PROB_0879,"Which algorithm effectively performs data structure tracking a partition of a set into disjoint subsets, supporting union and find with path compression. on a Parent Array, Rank / Size Array for a game engine physics solver?",Graph Algorithms,Union-Find (Disjoint Set Union),"Parent Array, Rank / Size Array",Dynamic edge additions,Does not easily support edge deletions,Cycle detection in undirected graphs
PROB_1172,Need an efficient algorithm that satisfies O(N^2) dynamic programming table operating on a 1D DP Array.,Dynamic Programming,Rod Cutting,1D DP Array,Rod length N and price array,O(N^2) dynamic programming table,"Industrial material cutting optimization (steel, wood, fabric)"
PROB_0380,"Require a reliable approach for logistic regression using Feature Matrix, Target Vector data structures.",Classification,Logistic Regression,"Feature Matrix, Target Vector",Linearly separable tabular data,Assumes linear independence of log-odds,Binary classification baseline
PROB_1492,How can I implement subsets generation (power set) to handle generates all possible subsets (power set) of a given collection of elements. in an e-commerce platform database?,Backtracking,Subsets Generation (Power Set),Recursion Stack,Array of distinct elements,Generates 2^N total subsets,Performance optimization
PROB_0293,"Need an efficient algorithm that satisfies Space consuming if range K is much larger than N operating on a Array, Frequency Counter.",Sorting,Counting Sort,"Array, Frequency Counter",Integer values with known max range,Space consuming if range K is much larger than N,Sorting discrete integers when range K is O(N)
PROB_0232,"Need a strategy for simple sorting algorithm that builds the final sorted array one item at a time, highly efficient for small or nearly sorted data. under strict time complexity bounds.",Sorting,Insertion Sort,"Array, Linked List",Small dataset or almost sorted data,O(n^2) for reverse ordered inputs,Sorting small lists (n < 25)
PROB_1367,Need a strategy for greedy node expansion picking closest vertex outside current mst tree. under strict time complexity bounds.,Greedy Algorithms,Prim's MST (Greedy),Min-Heap,Adjacency weighted list,Undirected graph,Dense graph minimum spanning tree
PROB_1607,What is the best way to execute density based clustering for a mobile navigation app with maximum efficiency?,Machine Learning / AI,DBSCAN Clustering,KD-Tree / Ball-Tree,Spatial or tabular feature coordinates,Struggles with varying density clusters,Geospatial spatial data clustering
PROB_0245,"How can I implement merge sort to handle divide-and-conquer algorithm that recursively splits array into halves, sorts them, and merges sorted halves. in an e-commerce platform database?",Sorting,Merge Sort,"Array, Linked List",General large datasets,Auxiliary space O(n),Performance optimization
PROB_0155,"Require a reliable approach for dfs search (grid / tree / graph) using Stack, Recursion, Grid, Graph data structures.",Searching,DFS Search (Grid / Tree / Graph),"Stack, Recursion, Grid, Graph","Tree, Graph, or 2D Grid",Recursion depth limits,Checking path existence
PROB_1734,"Looking for an algorithm that handles Text tokens, sequences, multi-modal data in a high-frequency trading system with 1,000 elements.",Machine Learning / AI,Transformer Network,"Multi-Head Attention Matrices, Position Embeddings","Text tokens, sequences, multi-modal data",Quadratic O(L^2) attention memory cost without sparse attention,Large Language Models (LLMs)
PROB_1691,How to optimize image classification cnn when data characteristics are 2D/3D Image grids or spatial signals?,Machine Learning / AI,Convolutional Neural Network (CNN),"Convolutional Kernels, Feature Maps",2D/3D Image grids or spatial signals,High compute power required for training,Image classification
PROB_0138,"Require a reliable approach for bfs search (grid / tree / graph) using Queue, Grid, Graph data structures.",Searching,BFS Search (Grid / Tree / Graph),"Queue, Grid, Graph",Graph or 2D matrix grid,Requires O(V) memory space for queue,Finding shortest path in unweighted maze/grid
PROB_0914,"I need to solve a problem involving strict O(log n) tree search in a high-frequency trading system with 10,000 entries. What algorithm is best?",Tree Algorithms,AVL Tree,Balanced Binary Tree Nodes,Dynamic ordered keys requiring fast lookups,More rotations during insertions/deletions than Red-Black tree,Lookup-heavy databases requiring strict height balance
PROB_1046,"Looking for an algorithm that handles Rooted tree with node pairs in a high-frequency trading system with 1,000 elements.",Tree Algorithms,Lowest Common Ancestor (LCA),"Tree, Binary Lifting Table",Rooted tree with node pairs,Binary lifting requires O(N log N) preprocessing,Genealogy trees
PROB_0370,"I need to solve a problem involving linear decision boundary in a high-frequency trading system with 10,000 entries. What algorithm is best?",Classification,Logistic Regression,"Feature Matrix, Target Vector",Linearly separable tabular data,Assumes linear independence of log-odds,Binary classification baseline
PROB_0959,"Which algorithm effectively performs depth-first recursive or iterative methods to visit every node in a binary tree in structured order. on a Binary Tree, Stack for a game engine physics solver?",Tree Algorithms,Binary Tree Traversal (Pre/In/Post Order),"Binary Tree, Stack",Hierarchical tree structure,Recursion stack depth,In-order for sorted BST output
PROB_0223,Need to implement a robust method for minimize memory writes in a digital signal processing pipeline on a massive 10^6 dataset.,Sorting,Selection Sort,Array,Small array size,Always O(n^2) comparisons regardless of input,Small datasets where memory writing is expensive
PROB_1507,How can I implement combination sum to handle finds all unique combinations of candidate numbers where candidate numbers sum to target. in an e-commerce platform database?,Backtracking,Combination Sum,Recursion Stack,Candidate array and target integer,Duplicate combinations must be pruned,Performance optimization
PROB_0440,"Need a strategy for ensemble technique that builds decision trees sequentially, each correcting errors of previous trees. under strict time complexity bounds.",Classification,Gradient Boosting Classifier,Sequence of Trees,Tabular data requiring high predictive accuracy,"Requires tuning hyper-parameters (learning rate, depth)",Competitive machine learning benchmarks
PROB_1019,How to optimize range sum query with update when data characteristics are Array with frequent point updates and range queries?,Tree Algorithms,Segment Tree,Array Segment Tree,Array with frequent point updates and range queries,Requires 4N memory space,Dynamic range minimum/maximum/sum queries with point updates
PROB_0537,"I am building a module in a bioinformatics DNA pipeline requiring regularized tree boosting with 100,000 items.",Classification,XGBoost Classifier,"DMatrix, Gradient Trees",Structured tabular datasets,High hyper-parameter tuning requirements,Tabular classification competitions
PROB_0532,"How can I implement xgboost classifier to handle optimized distributed gradient boosting library designed to be highly efficient, flexible and portable. in an e-commerce platform database?",Classification,XGBoost Classifier,"DMatrix, Gradient Trees",Structured tabular datasets,High hyper-parameter tuning requirements,Performance optimization
PROB_0209,"I need to solve a problem involving minimize memory writes in an e-commerce platform database with 1,000 elements. What algorithm is best?",Sorting,Selection Sort,Array,Small array size,Always O(n^2) comparisons regardless of input,Small datasets where memory writing is expensive
PROB_0620,"Find the ideal algorithm to process linear model variant incorporating polynomial feature combinations to fit non-linear curves. for a social network friend graph with 1,000,000 records.",Regression,Polynomial Regression,Polynomial Feature Matrix,Non-linear continuous relationships,Feature space grows exponentially with polynomial degree,Fitting non-linear curves for small feature sets
PROB_0381,How to optimize binary classification baseline when data characteristics are Linearly separable tabular data?,Classification,Logistic Regression,"Feature Matrix, Target Vector",Linearly separable tabular data,Assumes linear independence of log-odds,Binary classification baseline
PROB_1615,Which algorithm effectively performs density-based spatial clustering algorithm grouping closely packed points and detecting arbitrary shapes and noise outliers. on a KD-Tree / Ball-Tree for a game engine physics solver?,Machine Learning / AI,DBSCAN Clustering,KD-Tree / Ball-Tree,Spatial or tabular feature coordinates,Struggles with varying density clusters,Geospatial spatial data clustering
PROB_1151,"Which algorithm effectively performs calculates minimum number of single-character edits (insertions, deletions, substitutions) to transform one string into another. on a 2D DP Grid for a game engine physics solver?",Dynamic Programming,Edit Distance (Levenshtein Distance),2D DP Grid,Text strings,O(M * N) space and time,Auto-correct spell checkers
PROB_0177,"I need to solve a problem involving max subarray sum of length k in an e-commerce platform database with 1,000 elements. What algorithm is best?",Searching,Sliding Window Search,"Array, String, Hash Map",Sequential array or string,Window state must be incrementally updateable,Finding max/min subarray meeting target condition
PROB_0745,Need a strategy for graph traversal algorithm that explores as deep as possible along each branch before backtracking. under strict time complexity bounds.,Graph Algorithms,Depth-First Search (DFS Graph),"Stack, Recursion, Adjacency List",Directed or undirected graph,Recursion limit on deep graphs,Detecting graph cycles
PROB_1527,What is the best way to execute graph m coloring backtracking for a mobile navigation app with maximum efficiency?,Backtracking,Graph Coloring Problem,"Color Assignment Array, Adjacency Matrix",Undirected graph and integer M,NP-complete problem,Compiler register allocation
PROB_1677,System requires multilayer perceptron (mlp deep learning) for complex non-linear classification/regression in a cloud server log analysis system.,Machine Learning / AI,Multilayer Perceptron (MLP Deep Learning),"Weight Matrices, Bias Vectors",Tabular or dense numeric vector features,Black-box model requiring careful hyperparameter tuning,Complex non-linear classification/regression
PROB_1252,"How can I implement fractional knapsack to handle greedy algorithm selecting items by value-to-weight ratio, allowing partial item fractions to maximize knapsack value. in an e-commerce platform database?",Greedy Algorithms,Fractional Knapsack,Array of Items,"Item weights, values, capacity W",Only valid when items can be divided,Performance optimization
PROB_0485,"Need an efficient algorithm that satisfies High prediction memory/time O(n * d) operating on a KD-Tree, Ball-Tree, Feature Matrix.",Classification,K-Nearest Neighbors Classifier (KNN),"KD-Tree, Ball-Tree, Feature Matrix",Small to medium tabular data with low dimensions,High prediction memory/time O(n * d),Instance-based learning
PROB_1000,What is the best way to execute priority queue heap for a mobile navigation app with maximum efficiency?,Tree Algorithms,Binary Heap (Priority Queue),Array representation of Complete Tree,Dynamic stream requiring min/max retrieval,Searching arbitrary elements takes O(n),Priority queues
PROB_1352,"I am building a module in a bioinformatics DNA pipeline requiring greedy minimum edge spanning with 100,000 items.",Greedy Algorithms,Kruskal's MST (Greedy),"Union-Find, Sorted Edge List",Edge list with weights,Sorting step requires O(E log E),Greedy spanning tree connection
PROB_1118,"Designing a solution for diff tool text comparison with Quadratic space/time O(M * N) with 10,000 entries.",Dynamic Programming,Longest Common Subsequence (LCS),2D DP Grid,Strings or element sequences,Quadratic space/time O(M * N),Git diff file comparison
PROB_1167,Which algorithm effectively performs dp algorithm determining optimal parenthesization order to minimize scalar multiplications when multiplying a chain of matrices. on a 2D DP Table for a game engine physics solver?,Dynamic Programming,Matrix Chain Multiplication,2D DP Table,Sequence of matrix dimensions,Cubic time complexity O(N^3),Optimizing matrix computation chains in linear algebra libraries
PROB_0855,"Looking for an algorithm that handles Directed graph with no cycles in a high-frequency trading system with 1,000 elements.",Graph Algorithms,Topological Sort,"Queue (Kahn's), In-degree Array, DAG",Directed graph with no cycles,Fails if graph contains cycles,"Package dependency management (e.g. pip, npm)"
PROB_1533,System requires graph coloring problem for compiler register allocation in a cloud server log analysis system.,Backtracking,Graph Coloring Problem,"Color Assignment Array, Adjacency Matrix",Undirected graph and integer M,NP-complete problem,Compiler register allocation
PROB_0230,"Looking for an algorithm that handles Small dataset or almost sorted data in a high-frequency trading system with 1,000 elements.",Sorting,Insertion Sort,"Array, Linked List",Small dataset or almost sorted data,O(n^2) for reverse ordered inputs,Sorting small lists (n < 25)
PROB_0323,"How can I implement bucket sort to handle distribution sort that divides array into multiple buckets, then sorts individual buckets independently. in an e-commerce platform database?",Sorting,Bucket Sort,Array of Lists,"Floating point numbers in range [0, 1)",Worst-case O(n^2) if items cluster into one bucket,Performance optimization
PROB_1182,Which algorithm effectively performs dp problem determining maximum revenue obtainable by cutting up a rod of length n into pieces with given price table. on a 1D DP Array for a game engine physics solver?,Dynamic Programming,Rod Cutting,1D DP Array,Rod length N and price array,O(N^2) dynamic programming table,"Industrial material cutting optimization (steel, wood, fabric)"
PROB_1076,How can I implement unbounded knapsack to handle dp problem maximizing item value within capacity when items can be selected infinitely many times. in an e-commerce platform database?,Dynamic Programming,Unbounded Knapsack,1D DP Array,"Weights, values, capacity W",Pseudo-polynomial complexity,Performance optimization
PROB_1407,Need to implement a robust method for minimum spanning tree general greedy in a digital signal processing pipeline on a massive 10^6 dataset.,Greedy Algorithms,Minimum Spanning Tree Strategy,"Graph, Min Heap / Union Find",Connected graph,No cycles in output tree,Infrastructure network design
PROB_0979,"I need to solve a problem involving prefix matching for a mobile navigation app with 100,000 items. What algorithm is best?",Tree Algorithms,Trie (Prefix Tree),"Trie Node, Character Map",Set of text strings or words,Memory intensive for large alphabets,Search engine autocomplete suggestions
PROB_0279,What is the best way to execute in place O(n log n) sort for a mobile navigation app with maximum efficiency?,Sorting,Heap Sort,"Binary Heap, Array",General numerical or comparable arrays,Poor cache locality due to heap jumps,Systems requiring guaranteed O(n log n) with O(1) auxiliary space
PROB_1078,"Looking for an algorithm that handles Weights, values, capacity W in a high-frequency trading system with 1,000 elements.",Dynamic Programming,Unbounded Knapsack,1D DP Array,"Weights, values, capacity W",Pseudo-polynomial complexity,Stock cutter problem
PROB_0933,"Looking for an algorithm that handles Frequent dynamic insertions and deletions in a high-frequency trading system with 1,000 elements.",Tree Algorithms,Red-Black Tree,Red/Black Binary Nodes,Frequent dynamic insertions and deletions,Complex node recoloring/rotation rules,"Underlying implementation for C++ std::map, Java TreeMap"
PROB_0432,Looking for optimal solution for extra trees classifier addressing Tabular features with noise for a database query optimizer.,Classification,Extra Trees Classifier,Forest of Decision Trees,Tabular features with noise,Can create larger trees than Random Forest,Fast ensemble training on noisy tabular data
PROB_1276,"Find the ideal algorithm to process greedy algorithm building optimal prefix codes for lossless data compression based on character frequencies. for a social network friend graph with 1,000,000 records.",Greedy Algorithms,Huffman Coding,"Min-Heap, Binary Tree Nodes",Text stream or character frequency table,Requires two-pass encoding or frequency transmission,ZIP file compression
PROB_0850,"I need to solve a problem involving task scheduling DAG in a high-frequency trading system with 10,000 entries. What algorithm is best?",Graph Algorithms,Topological Sort,"Queue (Kahn's), In-degree Array, DAG",Directed graph with no cycles,Fails if graph contains cycles,"Package dependency management (e.g. pip, npm)"
PROB_1231,Which algorithm effectively performs dp technique using integer bitwise representation of subsets to solve np-hard subset selection problems. on a 1D/2D DP Array indexed by bitmask integer for a game engine physics solver?,Dynamic Programming,Bitmask Dynamic Programming,1D/2D DP Array indexed by bitmask integer,Small set size requiring state permutation tracking,Exponential space O(2^N) limits N to <= 20,Exact solution for Traveling Salesperson Problem (TSP) for small N
PROB_0479,"Which algorithm effectively performs classifier that finds hyperplanes maximizing margin between classes, using kernel tricks for non-linear boundaries. on a Support Vectors for a game engine physics solver?",Classification,Support Vector Classifier (SVC),Support Vectors,"High dimensional data, small to medium sample size",Scales quadratically O(n^2) with sample size,Text classification
PROB_1522,"I need to solve a problem involving map coloring adjacent region in a high-frequency trading system with 10,000 entries. What algorithm is best?",Backtracking,Graph Coloring Problem,"Color Assignment Array, Adjacency Matrix",Undirected graph and integer M,NP-complete problem,Compiler register allocation
PROB_1586,"I need to solve a problem involving k means cluster grouping in a high-frequency trading system with 10,000 entries. What algorithm is best?",Machine Learning / AI,K-Means Clustering,"Centroids Matrix, Cluster Assignment Vector",Continuous numeric feature data,Assumes spherical clusters of similar size,Customer persona segmentation
PROB_0852,"I need to solve a problem involving prerequisite course ordering in a bioinformatics DNA pipeline with 1,000,000 records. What algorithm is best?",Graph Algorithms,Topological Sort,"Queue (Kahn's), In-degree Array, DAG",Directed graph with no cycles,Fails if graph contains cycles,"Package dependency management (e.g. pip, npm)"
PROB_0577,"I need to solve a problem involving l1 regularization regression in an e-commerce platform database with 1,000 elements. What algorithm is best?",Regression,Lasso Regression,Coefficient Vector,High dimensional regression data with sparse relevant features,Selects at most n features when d > n,Feature selection in high-dimensional continuous regression
PROB_0093,System requires exponential search for searching in unbounded / infinite sorted arrays in a cloud server log analysis system.,Searching,Exponential Search,"Array, Sorted Stream",Sorted array or unbounded stream,Requires random access by index,Searching in unbounded / infinite sorted arrays
PROB_0815,"Which algorithm effectively performs heuristic-driven graph search algorithm that finds the shortest path using f(n) = g(n) + h(n). on a Priority Queue, Heuristic Function for a game engine physics solver?",Graph Algorithms,A* Search Algorithm,"Priority Queue, Heuristic Function",Grid map or spatial graph with coordinate data,Quality depends heavily on heuristic function,Video game NPC pathfinding
PROB_1415,What is the best way to execute n queens puzzle for a mobile navigation app with maximum efficiency?,Backtracking,N-Queens Problem,Column / Diagonal Visited Sets,Board size N,Exponential search space O(N!),Constraint satisfaction benchmarks
PROB_0721,"I need to solve a problem involving shortest path unweighted graph in an e-commerce platform database with 1,000 elements. What algorithm is best?",Graph Algorithms,Breadth-First Search (BFS Graph),"Queue, Adjacency List, Visited Set",Unweighted graph or tree,O(V) memory for queue,Shortest path in unweighted networks
PROB_1111,What is the best way to execute longest common subsequence string for a mobile navigation app with maximum efficiency?,Dynamic Programming,Longest Common Subsequence (LCS),2D DP Grid,Strings or element sequences,Quadratic space/time O(M * N),Git diff file comparison
PROB_1163,How to optimize optimal matrix parenthesization when data characteristics are Sequence of matrix dimensions?,Dynamic Programming,Matrix Chain Multiplication,2D DP Table,Sequence of matrix dimensions,Cubic time complexity O(N^3),Optimizing matrix computation chains in linear algebra libraries
PROB_1565,"Designing a solution for grid word boggle solver with Cell reuse within same word path forbidden with 10,000 entries.",Backtracking,Word Search Grid,"2D Grid, Visited Coordinate Set",2D char array and string query,Cell reuse within same word path forbidden,Boggle word puzzle games
PROB_0998,Need an efficient algorithm that satisfies Searching arbitrary elements takes O(n) operating on a Array representation of Complete Tree.,Tree Algorithms,Binary Heap (Priority Queue),Array representation of Complete Tree,Dynamic stream requiring min/max retrieval,Searching arbitrary elements takes O(n),Priority queues
PROB_1025,"I need to solve a problem involving prefix sum update in an e-commerce platform database with 1,000 elements. What algorithm is best?",Tree Algorithms,Fenwick Tree (Binary Indexed Tree),Array (1-indexed),1D numerical array with point updates,Difficult for arbitrary non-invertible range operations,Dynamic prefix sum queries with point updates
PROB_0922,Require a reliable approach for avl tree using Balanced Binary Tree Nodes data structures.,Tree Algorithms,AVL Tree,Balanced Binary Tree Nodes,Dynamic ordered keys requiring fast lookups,More rotations during insertions/deletions than Red-Black tree,Lookup-heavy databases requiring strict height balance
PROB_0487,What is the best way to execute lazy learning classification for a mobile navigation app with maximum efficiency?,Classification,K-Nearest Neighbors Classifier (KNN),"KD-Tree, Ball-Tree, Feature Matrix",Small to medium tabular data with low dimensions,High prediction memory/time O(n * d),Instance-based learning
PROB_0254,System requires merge sort for guaranteed o(n log n) sorting in a cloud server log analysis system.,Sorting,Merge Sort,"Array, Linked List",General large datasets,Auxiliary space O(n),Guaranteed O(n log n) sorting
PROB_0414,"Designing a solution for feature importance ranking with Slower inference than single tree with 10,000 entries.",Classification,Random Forest Classifier,Forest of Decision Trees,Tabular datasets with complex interactions,Slower inference than single tree,General tabular classification benchmark
PROB_1120,Need to implement a robust method for longest common subsequence string in a digital signal processing pipeline on a massive 10^6 dataset.,Dynamic Programming,Longest Common Subsequence (LCS),2D DP Grid,Strings or element sequences,Quadratic space/time O(M * N),Git diff file comparison
PROB_0395,How to optimize interpretable rule tree when data characteristics are Tabular data with mixed categorical/numerical features?,Classification,Decision Tree Classifier,Binary / Multi-way Tree,Tabular data with mixed categorical/numerical features,Prone to overfitting if unconstrained,Rule-based business decisions
PROB_1197,System requires grid path dynamic programming for robot navigation grid movement in a cloud server log analysis system.,Dynamic Programming,Grid Path Dynamic Programming,2D Grid / 1D Row DP,2D Matrix with path costs or obstacles,Restricted movement direction,Robot navigation grid movement
PROB_1206,"Looking for an algorithm that handles Sequential array requiring range merges in a high-frequency trading system with 1,000 elements.",Dynamic Programming,Interval Dynamic Programming,2D Interval DP Table,Sequential array requiring range merges,O(N^3) time complexity,"Game theory range merging (e.g. Balloon Bursting, Stone Merging)"
PROB_0715,"Find the ideal algorithm to process optimized gradient boosted decision tree implementation tailored for continuous regression problems. for a social network friend graph with 1,000,000 records.",Regression,XGBoost Regressor,"DMatrix, Gradient Trees",Structured tabular data with continuous target,Requires tuning hyper-parameters,State-of-the-art tabular continuous regression
PROB_0388,How can I implement decision tree classifier to handle non-parametric supervised learning algorithm that creates tree of decision rules for classification. in an e-commerce platform database?,Classification,Decision Tree Classifier,Binary / Multi-way Tree,Tabular data with mixed categorical/numerical features,Prone to overfitting if unconstrained,Performance optimization
PROB_1611,How to optimize density based clustering when data characteristics are Spatial or tabular feature coordinates?,Machine Learning / AI,DBSCAN Clustering,KD-Tree / Ball-Tree,Spatial or tabular feature coordinates,Struggles with varying density clusters,Geospatial spatial data clustering
PROB_0895,Need to implement a robust method for sparse graph all pairs shortest path in a digital signal processing pipeline on a massive 10^6 dataset.,Graph Algorithms,Johnson's Algorithm,"Min-Heap, Adjacency List",Sparse weighted graph with potential negative edge weights,Complex multi-stage re-weighting logic,All-pairs shortest path on sparse graphs with negative edge weights
PROB_0399,Which algorithm effectively performs non-parametric supervised learning algorithm that creates tree of decision rules for classification. on a Binary / Multi-way Tree for a game engine physics solver?,Classification,Decision Tree Classifier,Binary / Multi-way Tree,Tabular data with mixed categorical/numerical features,Prone to overfitting if unconstrained,Rule-based business decisions
PROB_1282,"I need to solve a problem involving deadline scheduling greedy in a high-frequency trading system with 10,000 entries. What algorithm is best?",Greedy Algorithms,Job Sequencing with Deadlines,Time Slot Array / Disjoint Set Union,List of jobs with profit and deadline,Each job takes 1 unit of time,Task execution scheduling under deadline penalties
PROB_0494,"Designing a solution for distance based neighbor vote with High prediction memory/time O(n * d) with 10,000 entries.",Classification,K-Nearest Neighbors Classifier (KNN),"KD-Tree, Ball-Tree, Feature Matrix",Small to medium tabular data with low dimensions,High prediction memory/time O(n * d),Instance-based learning
PROB_1555,How can I implement word search grid to handle searches for a word in a 2d character grid by moving adjacent horizontally or vertically without reusing cells. in an e-commerce platform database?,Backtracking,Word Search Grid,"2D Grid, Visited Coordinate Set",2D char array and string query,Cell reuse within same word path forbidden,Performance optimization
PROB_0346,How to optimize gap insertion sort when data characteristics are Medium size arrays?,Sorting,Shell Sort,Array,Medium size arrays,Complexity depends heavily on gap sequence selection,Embedded systems where code size must be minimal and memory limited
PROB_1160,Need a strategy for dp algorithm determining optimal parenthesization order to minimize scalar multiplications when multiplying a chain of matrices. under strict time complexity bounds.,Dynamic Programming,Matrix Chain Multiplication,2D DP Table,Sequence of matrix dimensions,Cubic time complexity O(N^3),Optimizing matrix computation chains in linear algebra libraries
PROB_0777,"I am building a module in a bioinformatics DNA pipeline requiring currency arbitrage detection with 100,000 items.",Graph Algorithms,Bellman-Ford Algorithm,"Edge List, Distance Array",Weighted graph with potential negative edge weights,Slower O(V*E) time complexity,Financial currency arbitrage detection
PROB_1368,"I am building a module in a bioinformatics DNA pipeline requiring closest vertex expansion mst with 100,000 items.",Greedy Algorithms,Prim's MST (Greedy),Min-Heap,Adjacency weighted list,Undirected graph,Dense graph minimum spanning tree
PROB_0167,"Looking for an algorithm that handles Contiguous sequential data in a high-frequency trading system with 1,000 elements.",Searching,Two Pointer Search,"Array, String",Contiguous sequential data,Requires monotonic sequence behavior,Finding pairs in sorted array summing to target
PROB_0499,"I need to solve a problem involving document classification for a mobile navigation app with 100,000 items. What algorithm is best?",Classification,Naive Bayes Classifier,Probability Tables,"Text word counts, categorical or continuous sparse features",Zero frequency problem without smoothing,Spam detection
PROB_1660,"Find the ideal algorithm to process probabilistic machine learning model based on bayes theorem applied to text and tabular classification. for a social network friend graph with 1,000,000 records.",Machine Learning / AI,Naive Bayes (ML / AI),Probability Map,Text feature vectors (TF-IDF/Word Counts),Independence assumption,Spam filtering
PROB_0810,"Require a reliable approach for a* search algorithm using Priority Queue, Heuristic Function data structures.",Graph Algorithms,A* Search Algorithm,"Priority Queue, Heuristic Function",Grid map or spatial graph with coordinate data,Quality depends heavily on heuristic function,Video game NPC pathfinding
PROB_1127,What is the best way to execute longest increasing subsequence lis for a mobile navigation app with maximum efficiency?,Dynamic Programming,Longest Increasing Subsequence (LIS),1D Array / Tails Array,Numerical array,"Standard DP O(n^2), Binary Search optimized O(n log n)",Stock price trend analysis
PROB_0545,"I need to solve a problem involving linear continuous target prediction in an e-commerce platform database with 1,000 elements. What algorithm is best?",Regression,Linear Regression,"Feature Matrix, Coefficient Vector",Linear tabular features,Sensitive to outliers and multicollinearity,Simple continuous target forecasting
PROB_0564,How can I implement ridge regression to handle l2 regularized linear regression that prevents overfitting by shrinking feature coefficients. in an e-commerce platform database?,Regression,Ridge Regression,Coefficient Vector,Tabular regression with correlated features,"Does not perform feature selection (coefficients shrink near zero, not zero)",Performance optimization
PROB_0686,Which algorithm effectively performs sequential boosting model minimizing continuous loss function using decision trees. on a Sequence of Regression Trees for a game engine physics solver?,Regression,Gradient Boosting Regressor,Sequence of Regression Trees,Structured continuous tabular targets,Requires tuning learning rate and tree depth,High accuracy continuous regression benchmarks
PROB_1055,"Which algorithm effectively performs algorithm finding the deepest shared ancestor node of two target nodes in a tree structure. on a Tree, Binary Lifting Table for a game engine physics solver?",Tree Algorithms,Lowest Common Ancestor (LCA),"Tree, Binary Lifting Table",Rooted tree with node pairs,Binary lifting requires O(N log N) preprocessing,Genealogy trees
PROB_0428,System requires extra trees classifier for fast ensemble training on noisy tabular data in a cloud server log analysis system.,Classification,Extra Trees Classifier,Forest of Decision Trees,Tabular features with noise,Can create larger trees than Random Forest,Fast ensemble training on noisy tabular data
PROB_0972,"Find the ideal algorithm to process breadth-first traversal visiting binary tree nodes level by level from top to bottom. for a social network friend graph with 1,000,000 records.",Tree Algorithms,Tree Level Order Traversal (BFS Tree),"Queue, Binary Tree",Tree hierarchical levels,Memory proportional to maximum tree width,Printing tree by levels
PROB_1168,Need to implement a robust method for optimal matrix parenthesization in a digital signal processing pipeline on a massive 10^6 dataset.,Dynamic Programming,Matrix Chain Multiplication,2D DP Table,Sequence of matrix dimensions,Cubic time complexity O(N^3),Optimizing matrix computation chains in linear algebra libraries
PROB_1081,"I am building a module in a bioinformatics DNA pipeline requiring coin change maximum total value with 100,000 items.",Dynamic Programming,Unbounded Knapsack,1D DP Array,"Weights, values, capacity W",Pseudo-polynomial complexity,Stock cutter problem
PROB_0222,"Which algorithm effectively performs in-place comparison sort that divides array into sorted and unsorted parts, repeatedly selecting the minimum from unsorted part. on a Array for a game engine physics solver?",Sorting,Selection Sort,Array,Small array size,Always O(n^2) comparisons regardless of input,Small datasets where memory writing is expensive
PROB_0862,"System requires topological sort for package dependency management (e.g. pip, npm) in a cloud server log analysis system.",Graph Algorithms,Topological Sort,"Queue (Kahn's), In-degree Array, DAG",Directed graph with no cycles,Fails if graph contains cycles,"Package dependency management (e.g. pip, npm)"
PROB_0873,"I am building a module in a bioinformatics DNA pipeline requiring redundant connection detection with 100,000 items.",Graph Algorithms,Union-Find (Disjoint Set Union),"Parent Array, Rank / Size Array",Dynamic edge additions,Does not easily support edge deletions,Cycle detection in undirected graphs
PROB_1144,"Need a strategy for calculates minimum number of single-character edits (insertions, deletions, substitutions) to transform one string into another. under strict time complexity bounds.",Dynamic Programming,Edit Distance (Levenshtein Distance),2D DP Grid,Text strings,O(M * N) space and time,Auto-correct spell checkers
PROB_1745,"I need to solve a problem involving content based recommender in an e-commerce platform database with 1,000 elements. What algorithm is best?",Machine Learning / AI,Content-Based Recommendation,"Item Feature Vectors, User Profile Vectors",Item metadata and user rating history,Cannot recommend items outside user's historical feature exposure,Movie/article recommendations based on item metadata features
PROB_0007,How can I implement binary search to handle efficient search algorithm that finds the position of a target value within a sorted array by repeatedly dividing the search interval in half. in an e-commerce platform database?,Searching,Binary Search,"Array, Sorted List","Sorted numerical or string sequence, Known boundaries","Data structure must support fast indexed access, Requires prior sorting step",Performance optimization
PROB_0365,System requires timsort for general purpose default sorting for real-world heterogeneous datasets in a cloud server log analysis system.,Sorting,TimSort,Array,Real world data with existing run segments,Auxiliary space O(n),General purpose default sorting for real-world heterogeneous datasets
PROB_1742,"Designing a solution for self attention sequence model with Quadratic O(L^2) attention memory cost without sparse attention with 10,000 entries.",Machine Learning / AI,Transformer Network,"Multi-Head Attention Matrices, Position Embeddings","Text tokens, sequences, multi-modal data",Quadratic O(L^2) attention memory cost without sparse attention,Large Language Models (LLMs)
PROB_1545,"I am building a module in a bioinformatics DNA pipeline requiring knight tour open path with 100,000 items.",Backtracking,Hamiltonian Path / Cycle,"Visited Array, Path Array",Directed or undirected graph,NP-complete problem,Route planning requiring visiting all locations exactly once
PROB_1515,"Find the ideal algorithm to process finds all unique combinations of candidate numbers where candidate numbers sum to target. for a social network friend graph with 1,000,000 records.",Backtracking,Combination Sum,Recursion Stack,Candidate array and target integer,Duplicate combinations must be pruned,Finding exact coin/token combinations summing to target value
PROB_0652,"Find the ideal algorithm to process ensemble of regression decision trees averaging continuous target predictions. for a social network friend graph with 1,000,000 records.",Regression,Random Forest Regressor,Forest of Regression Trees,Tabular datasets with complex continuous relationships,Cannot extrapolate outside min/max target range,General purpose tabular regression benchmark
PROB_0840,Need a strategy for greedy algorithm that constructs minimum spanning tree by sorting edges by weight and adding them using union-find. under strict time complexity bounds.,Graph Algorithms,Kruskal's Algorithm,"Disjoint Set Union (DSU), Edge List",Sparse connected or disconnected weighted graph,Sorting edges requires O(E log E),Minimum Spanning Tree on sparse graphs
PROB_1068,"How to optimize 0/1 knapsack problem when data characteristics are Item weights, values, and max capacity W?",Dynamic Programming,0/1 Knapsack,2D DP Array / 1D DP Array,"Item weights, values, and max capacity W",Pseudo-polynomial time O(N * W),Resource allocation under strict budget constraints
PROB_0236,"Find the ideal algorithm to process simple sorting algorithm that builds the final sorted array one item at a time, highly efficient for small or nearly sorted data. for a social network friend graph with 1,000,000 records.",Sorting,Insertion Sort,"Array, Linked List",Small dataset or almost sorted data,O(n^2) for reverse ordered inputs,Sorting small lists (n < 25)
PROB_0392,Need a strategy for non-parametric supervised learning algorithm that creates tree of decision rules for classification. under strict time complexity bounds.,Classification,Decision Tree Classifier,Binary / Multi-way Tree,Tabular data with mixed categorical/numerical features,Prone to overfitting if unconstrained,Rule-based business decisions
PROB_0671,Need to implement a robust method for extra trees continuous prediction in a digital signal processing pipeline on a massive 10^6 dataset.,Regression,Extra Trees Regressor,Forest of Decision Trees,Noisy continuous tabular data,Can build large trees,Fast continuous target estimation on noisy datasets
PROB_0864,"Which algorithm effectively performs linear ordering of vertices in a directed acyclic graph (dag) such that for every directed edge u -> v, u comes before v. on a Queue (Kahn's), In-degree Array, DAG for a game engine physics solver?",Graph Algorithms,Topological Sort,"Queue (Kahn's), In-degree Array, DAG",Directed graph with no cycles,Fails if graph contains cycles,"Package dependency management (e.g. pip, npm)"
PROB_0001,"I need to solve a problem involving sorted array lookup in an e-commerce platform database with 1,000 elements. What algorithm is best?",Searching,Binary Search,"Array, Sorted List","Sorted numerical or string sequence, Known boundaries","Data structure must support fast indexed access, Requires prior sorting step",Searching in large sorted numerical arrays
PROB_0977,"I need to solve a problem involving autocomplete string prefix in an e-commerce platform database with 1,000 elements. What algorithm is best?",Tree Algorithms,Trie (Prefix Tree),"Trie Node, Character Map",Set of text strings or words,Memory intensive for large alphabets,Search engine autocomplete suggestions
PROB_1228,"Find the ideal algorithm to process dp technique using integer bitwise representation of subsets to solve np-hard subset selection problems. for a social network friend graph with 1,000,000 records.",Dynamic Programming,Bitmask Dynamic Programming,1D/2D DP Array indexed by bitmask integer,Small set size requiring state permutation tracking,Exponential space O(2^N) limits N to <= 20,Exact solution for Traveling Salesperson Problem (TSP) for small N
PROB_0899,"I need to solve a problem involving range query BST for a mobile navigation app with 100,000 items. What algorithm is best?",Tree Algorithms,Binary Search Tree (BST),Binary Tree Nodes,Dynamic stream of comparable elements,Can degenerate to O(n) linked list if unbalanced,Dynamic set tracking with dynamic insertion/deletion
PROB_0999,"Looking for an algorithm that handles Dynamic stream requiring min/max retrieval in a high-frequency trading system with 1,000 elements.",Tree Algorithms,Binary Heap (Priority Queue),Array representation of Complete Tree,Dynamic stream requiring min/max retrieval,Searching arbitrary elements takes O(n),Priority queues
PROB_1105,"I need to solve a problem involving longest common subsequence string in an e-commerce platform database with 1,000 elements. What algorithm is best?",Dynamic Programming,Longest Common Subsequence (LCS),2D DP Grid,Strings or element sequences,Quadratic space/time O(M * N),Git diff file comparison
PROB_1023,"Which algorithm effectively performs tree data structure for storing intervals or segments, allowing querying range sum/min/max in o(log n). on a Array Segment Tree for a game engine physics solver?",Tree Algorithms,Segment Tree,Array Segment Tree,Array with frequent point updates and range queries,Requires 4N memory space,Dynamic range minimum/maximum/sum queries with point updates
PROB_1089,"I need to solve a problem involving coin change minimum coins in an e-commerce platform database with 1,000 elements. What algorithm is best?",Dynamic Programming,Coin Change,1D DP Array,List of coin values and integer target amount,Unbounded coin supply assumption,Vending machine currency exchange
PROB_1706,"Require a reliable approach for recurrent neural network (rnn) using Hidden State Tensor, Recurrent Weights data structures.",Machine Learning / AI,Recurrent Neural Network (RNN),"Hidden State Tensor, Recurrent Weights",Time series or text sequences,Vanishing/exploding gradient during long sequences,Short sequence prediction
PROB_0961,"I need to solve a problem involving level order binary tree in an e-commerce platform database with 1,000 elements. What algorithm is best?",Tree Algorithms,Tree Level Order Traversal (BFS Tree),"Queue, Binary Tree",Tree hierarchical levels,Memory proportional to maximum tree width,Printing tree by levels
PROB_0906,Require a reliable approach for binary search tree (bst) using Binary Tree Nodes data structures.,Tree Algorithms,Binary Search Tree (BST),Binary Tree Nodes,Dynamic stream of comparable elements,Can degenerate to O(n) linked list if unbalanced,Dynamic set tracking with dynamic insertion/deletion
PROB_1079,What is the best way to execute unbounded knapsack unlimited items for a mobile navigation app with maximum efficiency?,Dynamic Programming,Unbounded Knapsack,1D DP Array,"Weights, values, capacity W",Pseudo-polynomial complexity,Stock cutter problem
PROB_1490,"I need to solve a problem involving all possible subsets generator in a high-frequency trading system with 10,000 entries. What algorithm is best?",Backtracking,Subsets Generation (Power Set),Recursion Stack,Array of distinct elements,Generates 2^N total subsets,Evaluating all possible item combinations (power set)
PROB_1505,"I need to solve a problem involving combination sum target in an e-commerce platform database with 1,000 elements. What algorithm is best?",Backtracking,Combination Sum,Recursion Stack,Candidate array and target integer,Duplicate combinations must be pruned,Finding exact coin/token combinations summing to target value
PROB_1070,System requires 0/1 knapsack for resource allocation under strict budget constraints in a cloud server log analysis system.,Dynamic Programming,0/1 Knapsack,2D DP Array / 1D DP Array,"Item weights, values, and max capacity W",Pseudo-polynomial time O(N * W),Resource allocation under strict budget constraints
PROB_1488,Looking for optimal solution for combinations generation addressing Range 1..n and target length k for a database query optimizer.,Backtracking,Combinations Generation,Recursion Stack,Range 1..n and target length k,"Produces C(n, k) total combinations",Lottery combination generation
PROB_1396,"Need an efficient algorithm that satisfies No cycles in output tree operating on a Graph, Min Heap / Union Find.",Greedy Algorithms,Minimum Spanning Tree Strategy,"Graph, Min Heap / Union Find",Connected graph,No cycles in output tree,Infrastructure network design
PROB_1326,Which algorithm effectively performs greedy evaluation tracking farthest reachable index at each position to determine if array end can be reached. on a Farthest Reach Integer for a game engine physics solver?,Greedy Algorithms,Jump Game (Greedy Reachability),Farthest Reach Integer,Array of max jump lengths,Must evaluate incrementally left to right,Reachability analysis in sequential state transitions
PROB_1300,Need an efficient algorithm that satisfies Greedy finish time sorting strictly required operating on a Array of Intervals.,Greedy Algorithms,Interval Scheduling,Array of Intervals,Array of numeric 2D intervals,Greedy finish time sorting strictly required,Conference talk scheduling
PROB_1567,Need to implement a robust method for word search 2d grid in a digital signal processing pipeline on a massive 10^6 dataset.,Backtracking,Word Search Grid,"2D Grid, Visited Coordinate Set",2D char array and string query,Cell reuse within same word path forbidden,Boggle word puzzle games
PROB_1447,What is the best way to execute rat in a maze pathfinding for a mobile navigation app with maximum efficiency?,Backtracking,Rat in a Maze,"Recursion Stack, Visited Matrix",N x N matrix with open and blocked cells,Avoid infinite loops by tracking visited cells,Finding all valid paths through a maze with obstacles
PROB_1623,What is the best way to execute dendrogram tree clustering for a mobile navigation app with maximum efficiency?,Machine Learning / AI,Hierarchical Clustering,"Distance Matrix, Dendrogram Tree",Small to medium feature matrix,High memory space O(n^2) and time complexity O(n^3),Gene expression analysis
PROB_1075,"I need to solve a problem involving coin change maximum total value for a mobile navigation app with 100,000 items. What algorithm is best?",Dynamic Programming,Unbounded Knapsack,1D DP Array,"Weights, values, capacity W",Pseudo-polynomial complexity,Stock cutter problem
PROB_1044,How can I implement lowest common ancestor (lca) to handle algorithm finding the deepest shared ancestor node of two target nodes in a tree structure. in an e-commerce platform database?,Tree Algorithms,Lowest Common Ancestor (LCA),"Tree, Binary Lifting Table",Rooted tree with node pairs,Binary lifting requires O(N log N) preprocessing,Performance optimization
PROB_0285,System requires heap sort for systems requiring guaranteed o(n log n) with o(1) auxiliary space in a cloud server log analysis system.,Sorting,Heap Sort,"Binary Heap, Array",General numerical or comparable arrays,Poor cache locality due to heap jumps,Systems requiring guaranteed O(n log n) with O(1) auxiliary space
PROB_0965,"Need an efficient algorithm that satisfies Memory proportional to maximum tree width operating on a Queue, Binary Tree.",Tree Algorithms,Tree Level Order Traversal (BFS Tree),"Queue, Binary Tree",Tree hierarchical levels,Memory proportional to maximum tree width,Printing tree by levels
PROB_1451,How to optimize rat in a maze pathfinding when data characteristics are N x N matrix with open and blocked cells?,Backtracking,Rat in a Maze,"Recursion Stack, Visited Matrix",N x N matrix with open and blocked cells,Avoid infinite loops by tracking visited cells,Finding all valid paths through a maze with obstacles
PROB_1771,How to optimize collaborative filtering movie recommender when data characteristics are Sparse user-item rating matrix?,Machine Learning / AI,Collaborative Filtering Recommendation,"User-Item Interaction Matrix, Latent Factor Matrices (U, V)",Sparse user-item rating matrix,Cold start problem for new users or new unrated items,E-commerce product recommendations ('Users who bought X also bought Y')
PROB_0836,How can I implement kruskal's algorithm to handle greedy algorithm that constructs minimum spanning tree by sorting edges by weight and adding them using union-find. in an e-commerce platform database?,Graph Algorithms,Kruskal's Algorithm,"Disjoint Set Union (DSU), Edge List",Sparse connected or disconnected weighted graph,Sorting edges requires O(E log E),Performance optimization
PROB_0997,"How can I implement binary heap (priority queue) to handle complete binary tree satisfying heap property (min-heap or max-heap), enabling o(1) access to min/max element. in an e-commerce platform database?",Tree Algorithms,Binary Heap (Priority Queue),Array representation of Complete Tree,Dynamic stream requiring min/max retrieval,Searching arbitrary elements takes O(n),Performance optimization
PROB_0592,Need to implement a robust method for l1 regularization regression in a digital signal processing pipeline on a massive 10^6 dataset.,Regression,Lasso Regression,Coefficient Vector,High dimensional regression data with sparse relevant features,Selects at most n features when d > n,Feature selection in high-dimensional continuous regression
PROB_0058,"Require a reliable approach for jump search using Array, Sorted List data structures.",Searching,Jump Search,"Array, Sorted List","Sorted list, Random access indexing",Optimal step size is sqrt(n),Searching sorted arrays when jumping backwards is expensive
PROB_1069,"Find the ideal algorithm to process classic dp optimization problem determining maximum value items to select into a fixed capacity knapsack without item duplication. for a social network friend graph with 1,000,000 records.",Dynamic Programming,0/1 Knapsack,2D DP Array / 1D DP Array,"Item weights, values, and max capacity W",Pseudo-polynomial time O(N * W),Resource allocation under strict budget constraints
PROB_0729,"I am building a module in a bioinformatics DNA pipeline requiring social network degrees of separation with 100,000 items.",Graph Algorithms,Breadth-First Search (BFS Graph),"Queue, Adjacency List, Visited Set",Unweighted graph or tree,O(V) memory for queue,Shortest path in unweighted networks
PROB_1274,"Require a reliable approach for huffman coding using Min-Heap, Binary Tree Nodes data structures.",Greedy Algorithms,Huffman Coding,"Min-Heap, Binary Tree Nodes",Text stream or character frequency table,Requires two-pass encoding or frequency transmission,ZIP file compression
PROB_0752,"Which algorithm effectively performs graph traversal algorithm that explores as deep as possible along each branch before backtracking. on a Stack, Recursion, Adjacency List for a game engine physics solver?",Graph Algorithms,Depth-First Search (DFS Graph),"Stack, Recursion, Adjacency List",Directed or undirected graph,Recursion limit on deep graphs,Detecting graph cycles
PROB_0299,How to optimize integer array sort when data characteristics are Integer values with known max range?,Sorting,Counting Sort,"Array, Frequency Counter",Integer values with known max range,Space consuming if range K is much larger than N,Sorting discrete integers when range K is O(N)
PROB_0134,"Looking for an algorithm that handles Graph or 2D matrix grid in a high-frequency trading system with 1,000 elements.",Searching,BFS Search (Grid / Tree / Graph),"Queue, Grid, Graph",Graph or 2D matrix grid,Requires O(V) memory space for queue,Finding shortest path in unweighted maze/grid
PROB_0055,What is the best way to execute jump ahead search for a mobile navigation app with maximum efficiency?,Searching,Jump Search,"Array, Sorted List","Sorted list, Random access indexing",Optimal step size is sqrt(n),Searching sorted arrays when jumping backwards is expensive
PROB_0403,"I need to solve a problem involving high accuracy ensemble for a mobile navigation app with 100,000 items. What algorithm is best?",Classification,Random Forest Classifier,Forest of Decision Trees,Tabular datasets with complex interactions,Slower inference than single tree,General tabular classification benchmark
PROB_0604,System requires elastic net regression for continuous target prediction with group-correlated high-dimensional features in a cloud server log analysis system.,Regression,Elastic Net Regression,Coefficient Vector,High-dimensional tabular data with correlated feature groups,"Requires tuning two parameters (alpha, l1_ratio)",Continuous target prediction with group-correlated high-dimensional features
PROB_0284,"Find the ideal algorithm to process comparison-based sorting technique based on binary heap data structure, finding maximum and placing it at the end. for a social network friend graph with 1,000,000 records.",Sorting,Heap Sort,"Binary Heap, Array",General numerical or comparable arrays,Poor cache locality due to heap jumps,Systems requiring guaranteed O(n log n) with O(1) auxiliary space
PROB_0598,What is the best way to execute combined l1 l2 regression for a mobile navigation app with maximum efficiency?,Regression,Elastic Net Regression,Coefficient Vector,High-dimensional tabular data with correlated feature groups,"Requires tuning two parameters (alpha, l1_ratio)",Continuous target prediction with group-correlated high-dimensional features
PROB_0909,System requires binary search tree (bst) for dynamic set tracking with dynamic insertion/deletion in a cloud server log analysis system.,Tree Algorithms,Binary Search Tree (BST),Binary Tree Nodes,Dynamic stream of comparable elements,Can degenerate to O(n) linked list if unbalanced,Dynamic set tracking with dynamic insertion/deletion
PROB_0433,"I need to solve a problem involving boosting classifier in an e-commerce platform database with 1,000 elements. What algorithm is best?",Classification,Gradient Boosting Classifier,Sequence of Trees,Tabular data requiring high predictive accuracy,"Requires tuning hyper-parameters (learning rate, depth)",Competitive machine learning benchmarks
PROB_0609,"I need to solve a problem involving curved trend fitting in an e-commerce platform database with 1,000 elements. What algorithm is best?",Regression,Polynomial Regression,Polynomial Feature Matrix,Non-linear continuous relationships,Feature space grows exponentially with polynomial degree,Fitting non-linear curves for small feature sets
PROB_0063,"Which algorithm effectively performs searching algorithm for sorted arrays that checks fewer elements than linear search by jumping ahead by fixed steps. on a Array, Sorted List for a game engine physics solver?",Searching,Jump Search,"Array, Sorted List","Sorted list, Random access indexing",Optimal step size is sqrt(n),Searching sorted arrays when jumping backwards is expensive
PROB_1420,"Find the ideal algorithm to process backtracking algorithm placing n chess queens on an n x n chessboard so no two queens attack each other. for a social network friend graph with 1,000,000 records.",Backtracking,N-Queens Problem,Column / Diagonal Visited Sets,Board size N,Exponential search space O(N!),Constraint satisfaction benchmarks
PROB_0831,"Which algorithm effectively performs greedy algorithm that finds a minimum spanning tree (mst) for a weighted undirected graph by expanding tree from source. on a Priority Queue, Adjacency List for a game engine physics solver?",Graph Algorithms,Prim's Algorithm,"Priority Queue, Adjacency List",Dense connected weighted graph,Must be undirected graph,Designing minimal cost electrical grids or fiber network cabling
PROB_0681,Require a reliable approach for gradient boosting regressor using Sequence of Regression Trees data structures.,Regression,Gradient Boosting Regressor,Sequence of Regression Trees,Structured continuous tabular targets,Requires tuning learning rate and tree depth,High accuracy continuous regression benchmarks
PROB_0472,"Need a strategy for classifier that finds hyperplanes maximizing margin between classes, using kernel tricks for non-linear boundaries. under strict time complexity bounds.",Classification,Support Vector Classifier (SVC),Support Vectors,"High dimensional data, small to medium sample size",Scales quadratically O(n^2) with sample size,Text classification
PROB_0097,"I need to solve a problem involving fibonacci split search in an e-commerce platform database with 1,000 elements. What algorithm is best?",Searching,Fibonacci Search,"Array, Sorted List",Sorted numeric array,Requires generating Fibonacci numbers,Systems where multiplication or division is computationally expensive
PROB_1769,"I am building a module in a bioinformatics DNA pipeline requiring user item interaction matrix with 100,000 items.",Machine Learning / AI,Collaborative Filtering Recommendation,"User-Item Interaction Matrix, Latent Factor Matrices (U, V)",Sparse user-item rating matrix,Cold start problem for new users or new unrated items,E-commerce product recommendations ('Users who bought X also bought Y')
PROB_1598,System requires k-means clustering for customer persona segmentation in a cloud server log analysis system.,Machine Learning / AI,K-Means Clustering,"Centroids Matrix, Cluster Assignment Vector",Continuous numeric feature data,Assumes spherical clusters of similar size,Customer persona segmentation
PROB_0518,"Looking for an algorithm that handles Very large tabular datasets (n > 100,000) or streaming batches in a high-frequency trading system with 1,000 elements.",Classification,SGD Classifier,Weight Vector,"Very large tabular datasets (n > 100,000) or streaming batches",Sensitive to feature scaling and learning rate,Large-scale linear classification
PROB_1523,"I need to solve a problem involving register allocation graph coloring for a mobile navigation app with 100,000 items. What algorithm is best?",Backtracking,Graph Coloring Problem,"Color Assignment Array, Adjacency Matrix",Undirected graph and integer M,NP-complete problem,Compiler register allocation
PROB_0990,System requires trie (prefix tree) for search engine autocomplete suggestions in a cloud server log analysis system.,Tree Algorithms,Trie (Prefix Tree),"Trie Node, Character Map",Set of text strings or words,Memory intensive for large alphabets,Search engine autocomplete suggestions
PROB_1051,How to optimize lowest common ancestor tree when data characteristics are Rooted tree with node pairs?,Tree Algorithms,Lowest Common Ancestor (LCA),"Tree, Binary Lifting Table",Rooted tree with node pairs,Binary lifting requires O(N log N) preprocessing,Genealogy trees
PROB_1141,Need an efficient algorithm that satisfies O(M * N) space and time operating on a 2D DP Grid.,Dynamic Programming,Edit Distance (Levenshtein Distance),2D DP Grid,Text strings,O(M * N) space and time,Auto-correct spell checkers
PROB_0890,How to optimize sparse graph all pairs shortest path when data characteristics are Sparse weighted graph with potential negative edge weights?,Graph Algorithms,Johnson's Algorithm,"Min-Heap, Adjacency List",Sparse weighted graph with potential negative edge weights,Complex multi-stage re-weighting logic,All-pairs shortest path on sparse graphs with negative edge weights
PROB_1422,"Designing a solution for chessboard queen placement non attacking with Exponential search space O(N!) with 10,000 entries.",Backtracking,N-Queens Problem,Column / Diagonal Visited Sets,Board size N,Exponential search space O(N!),Constraint satisfaction benchmarks
PROB_0533,"Need an efficient algorithm that satisfies High hyper-parameter tuning requirements operating on a DMatrix, Gradient Trees.",Classification,XGBoost Classifier,"DMatrix, Gradient Trees",Structured tabular datasets,High hyper-parameter tuning requirements,Tabular classification competitions
PROB_0596,"Need an efficient algorithm that satisfies Requires tuning two parameters (alpha, l1_ratio) operating on a Coefficient Vector.",Regression,Elastic Net Regression,Coefficient Vector,High-dimensional tabular data with correlated feature groups,"Requires tuning two parameters (alpha, l1_ratio)",Continuous target prediction with group-correlated high-dimensional features
PROB_1102,"Designing a solution for minimum items to form target amount with Unbounded coin supply assumption with 10,000 entries.",Dynamic Programming,Coin Change,1D DP Array,List of coin values and integer target amount,Unbounded coin supply assumption,Vending machine currency exchange
PROB_1634,"I need to solve a problem involving feature compression maximum variance in a high-frequency trading system with 10,000 entries. What algorithm is best?",Machine Learning / AI,Principal Component Analysis (PCA),"Covariance Matrix, Eigenvectors / Singular Values",High-dimensional correlated numeric features,Linear transformation only,Reducing feature dimensions before ML training
PROB_1620,How can I implement hierarchical clustering to handle agglomerative clustering creating a tree (dendrogram) of nested clusters by merging closest pairs iteratively. in an e-commerce platform database?,Machine Learning / AI,Hierarchical Clustering,"Distance Matrix, Dendrogram Tree",Small to medium feature matrix,High memory space O(n^2) and time complexity O(n^3),Performance optimization
PROB_0679,Need a strategy for sequential boosting model minimizing continuous loss function using decision trees. under strict time complexity bounds.,Regression,Gradient Boosting Regressor,Sequence of Regression Trees,Structured continuous tabular targets,Requires tuning learning rate and tree depth,High accuracy continuous regression benchmarks
PROB_0500,How can I implement naive bayes classifier to handle probabilistic classifier based on bayes theorem assuming strong (naive) feature independence. in an e-commerce platform database?,Classification,Naive Bayes Classifier,Probability Tables,"Text word counts, categorical or continuous sparse features",Zero frequency problem without smoothing,Performance optimization
PROB_0667,"Find the ideal algorithm to process extremely randomized trees regressor randomizing splits for lower variance continuous predictions. for a social network friend graph with 1,000,000 records.",Regression,Extra Trees Regressor,Forest of Decision Trees,Noisy continuous tabular data,Can build large trees,Fast continuous target estimation on noisy datasets
PROB_0416,Need to implement a robust method for robust tabular classification in a digital signal processing pipeline on a massive 10^6 dataset.,Classification,Random Forest Classifier,Forest of Decision Trees,Tabular datasets with complex interactions,Slower inference than single tree,General tabular classification benchmark
PROB_1762,"I need to solve a problem involving matrix factorization svd recommendation in a high-frequency trading system with 10,000 entries. What algorithm is best?",Machine Learning / AI,Collaborative Filtering Recommendation,"User-Item Interaction Matrix, Latent Factor Matrices (U, V)",Sparse user-item rating matrix,Cold start problem for new users or new unrated items,E-commerce product recommendations ('Users who bought X also bought Y')
PROB_1329,"I need to solve a problem involving circular circuit gas station in an e-commerce platform database with 1,000 elements. What algorithm is best?",Greedy Algorithms,Gas Station Problem,Running Surplus Counter,Gas array and cost array,Requires total gas sum >= total cost sum,Circular vehicle route energy planning
PROB_1345,"I need to solve a problem involving kruskal edge pick greedy in an e-commerce platform database with 1,000 elements. What algorithm is best?",Greedy Algorithms,Kruskal's MST (Greedy),"Union-Find, Sorted Edge List",Edge list with weights,Sorting step requires O(E log E),Greedy spanning tree connection
PROB_1356,System requires kruskal's mst (greedy) for greedy spanning tree connection in a cloud server log analysis system.,Greedy Algorithms,Kruskal's MST (Greedy),"Union-Find, Sorted Edge List",Edge list with weights,Sorting step requires O(E log E),Greedy spanning tree connection
PROB_0619,How to optimize curved trend fitting when data characteristics are Non-linear continuous relationships?,Regression,Polynomial Regression,Polynomial Feature Matrix,Non-linear continuous relationships,Feature space grows exponentially with polynomial degree,Fitting non-linear curves for small feature sets
PROB_1011,"I need to solve a problem involving point update range query for a mobile navigation app with 100,000 items. What algorithm is best?",Tree Algorithms,Segment Tree,Array Segment Tree,Array with frequent point updates and range queries,Requires 4N memory space,Dynamic range minimum/maximum/sum queries with point updates
PROB_1024,Need to implement a robust method for range sum query with update in a digital signal processing pipeline on a massive 10^6 dataset.,Tree Algorithms,Segment Tree,Array Segment Tree,Array with frequent point updates and range queries,Requires 4N memory space,Dynamic range minimum/maximum/sum queries with point updates
PROB_1404,System requires minimum spanning tree strategy for infrastructure network design in a cloud server log analysis system.,Greedy Algorithms,Minimum Spanning Tree Strategy,"Graph, Min Heap / Union Find",Connected graph,No cycles in output tree,Infrastructure network design
PROB_0853,"How can I implement topological sort to handle linear ordering of vertices in a directed acyclic graph (dag) such that for every directed edge u -> v, u comes before v. in an e-commerce platform database?",Graph Algorithms,Topological Sort,"Queue (Kahn's), In-degree Array, DAG",Directed graph with no cycles,Fails if graph contains cycles,Performance optimization
PROB_0695,Need a strategy for regression variant of support vector machines fitting error within an epsilon margin boundary. under strict time complexity bounds.,Regression,Support Vector Regressor (SVR),Support Vectors,Small to medium non-linear datasets,Poor scalability for large n,Non-linear regression on small high-dimensional datasets
PROB_0781,System requires bellman-ford algorithm for financial currency arbitrage detection in a cloud server log analysis system.,Graph Algorithms,Bellman-Ford Algorithm,"Edge List, Distance Array",Weighted graph with potential negative edge weights,Slower O(V*E) time complexity,Financial currency arbitrage detection
PROB_1113,"I am building a module in a bioinformatics DNA pipeline requiring dna sequence alignment lcs with 100,000 items.",Dynamic Programming,Longest Common Subsequence (LCS),2D DP Grid,Strings or element sequences,Quadratic space/time O(M * N),Git diff file comparison
PROB_0148,"I need to solve a problem involving connected components search in a bioinformatics DNA pipeline with 1,000,000 records. What algorithm is best?",Searching,DFS Search (Grid / Tree / Graph),"Stack, Recursion, Grid, Graph","Tree, Graph, or 2D Grid",Recursion depth limits,Checking path existence
PROB_0801,"I need to solve a problem involving heuristic shortest path in an e-commerce platform database with 1,000 elements. What algorithm is best?",Graph Algorithms,A* Search Algorithm,"Priority Queue, Heuristic Function",Grid map or spatial graph with coordinate data,Quality depends heavily on heuristic function,Video game NPC pathfinding
PROB_0991,"Designing a solution for dictionary word lookup with Memory intensive for large alphabets with 10,000 entries.",Tree Algorithms,Trie (Prefix Tree),"Trie Node, Character Map",Set of text strings or words,Memory intensive for large alphabets,Search engine autocomplete suggestions
PROB_0484,How can I implement k-nearest neighbors classifier (knn) to handle non-parametric lazy learning classifier that assigns class based on majority vote of k nearest samples. in an e-commerce platform database?,Classification,K-Nearest Neighbors Classifier (KNN),"KD-Tree, Ball-Tree, Feature Matrix",Small to medium tabular data with low dimensions,High prediction memory/time O(n * d),Performance optimization
PROB_1724,"Find the ideal algorithm to process specialized rnn architecture featuring memory cell gates (input, forget, output) to capture long-term sequential dependencies. for a social network friend graph with 1,000,000 records.",Machine Learning / AI,Long Short-Term Memory (LSTM),"Cell State, Gate Tensors (Forget, Input, Output)",Sequential time series data or long text passages,Sequential processing limits parallel GPU scaling,Financial time series forecasting
PROB_1636,How can I implement principal component analysis (pca) to handle linear dimensionality reduction technique projecting data onto principal axes of maximum variance. in an e-commerce platform database?,Machine Learning / AI,Principal Component Analysis (PCA),"Covariance Matrix, Eigenvectors / Singular Values",High-dimensional correlated numeric features,Linear transformation only,Performance optimization
PROB_1444,How can I implement rat in a maze to handle backtracking search finding paths for a rat moving from top-left to bottom-right in a maze with blockages. in an e-commerce platform database?,Backtracking,Rat in a Maze,"Recursion Stack, Visited Matrix",N x N matrix with open and blocked cells,Avoid infinite loops by tracking visited cells,Performance optimization
PROB_1658,Require a reliable approach for naive bayes (ml / ai) using Probability Map data structures.,Machine Learning / AI,Naive Bayes (ML / AI),Probability Map,Text feature vectors (TF-IDF/Word Counts),Independence assumption,Spam filtering
PROB_0562,"I need to solve a problem involving multicollinearity prevention in a high-frequency trading system with 10,000 entries. What algorithm is best?",Regression,Ridge Regression,Coefficient Vector,Tabular regression with correlated features,"Does not perform feature selection (coefficients shrink near zero, not zero)",Continuous regression with correlated predictors
PROB_1136,Need to implement a robust method for longest increasing subsequence lis in a digital signal processing pipeline on a massive 10^6 dataset.,Dynamic Programming,Longest Increasing Subsequence (LIS),1D Array / Tails Array,Numerical array,"Standard DP O(n^2), Binary Search optimized O(n log n)",Stock price trend analysis
PROB_0643,"I need to solve a problem involving stock/sales forecasting ensemble for a mobile navigation app with 100,000 items. What algorithm is best?",Regression,Random Forest Regressor,Forest of Regression Trees,Tabular datasets with complex continuous relationships,Cannot extrapolate outside min/max target range,General purpose tabular regression benchmark
PROB_0733,System requires breadth-first search (bfs graph) for shortest path in unweighted networks in a cloud server log analysis system.,Graph Algorithms,Breadth-First Search (BFS Graph),"Queue, Adjacency List, Visited Set",Unweighted graph or tree,O(V) memory for queue,Shortest path in unweighted networks
PROB_0583,What is the best way to execute l1 regularization regression for a mobile navigation app with maximum efficiency?,Regression,Lasso Regression,Coefficient Vector,High dimensional regression data with sparse relevant features,Selects at most n features when d > n,Feature selection in high-dimensional continuous regression
PROB_1041,"I need to solve a problem involving lowest common ancestor tree in an e-commerce platform database with 1,000 elements. What algorithm is best?",Tree Algorithms,Lowest Common Ancestor (LCA),"Tree, Binary Lifting Table",Rooted tree with node pairs,Binary lifting requires O(N log N) preprocessing,Genealogy trees
PROB_0357,Need an efficient algorithm that satisfies Auxiliary space O(n) operating on a Array.,Sorting,TimSort,Array,Real world data with existing run segments,Auxiliary space O(n),General purpose default sorting for real-world heterogeneous datasets
PROB_1242,Require a reliable approach for activity selection problem using Array of Intervals data structures.,Greedy Algorithms,Activity Selection Problem,Array of Intervals,Set of overlapping interval pairs,Requires initial sorting by finish time,Meeting room scheduling
PROB_0091,How to optimize unbounded array search when data characteristics are Sorted array or unbounded stream?,Searching,Exponential Search,"Array, Sorted Stream",Sorted array or unbounded stream,Requires random access by index,Searching in unbounded / infinite sorted arrays
PROB_1712,Need to implement a robust method for sequential text prediction in a digital signal processing pipeline on a massive 10^6 dataset.,Machine Learning / AI,Recurrent Neural Network (RNN),"Hidden State Tensor, Recurrent Weights",Time series or text sequences,Vanishing/exploding gradient during long sequences,Short sequence prediction
PROB_0683,"Find the ideal algorithm to process sequential boosting model minimizing continuous loss function using decision trees. for a social network friend graph with 1,000,000 records.",Regression,Gradient Boosting Regressor,Sequence of Regression Trees,Structured continuous tabular targets,Requires tuning learning rate and tree depth,High accuracy continuous regression benchmarks
PROB_0857,"Need a strategy for linear ordering of vertices in a directed acyclic graph (dag) such that for every directed edge u -> v, u comes before v. under strict time complexity bounds.",Graph Algorithms,Topological Sort,"Queue (Kahn's), In-degree Array, DAG",Directed graph with no cycles,Fails if graph contains cycles,"Package dependency management (e.g. pip, npm)"
PROB_1597,"Find the ideal algorithm to process unsupervised clustering algorithm partitioning dataset into k distinct clusters based on distance to centroid. for a social network friend graph with 1,000,000 records.",Machine Learning / AI,K-Means Clustering,"Centroids Matrix, Cluster Assignment Vector",Continuous numeric feature data,Assumes spherical clusters of similar size,Customer persona segmentation
PROB_0041,"Looking for an algorithm that handles Unique keys or items, Unordered data in a high-frequency trading system with 1,000 elements.",Searching,Hash Table / Dictionary Lookup,"Hash Map, Hash Set, Dictionary","Unique keys or items, Unordered data","Consumes extra memory for hash storage, Potential hash collisions",Repeated fast lookups
PROB_0101,"Need an efficient algorithm that satisfies Requires generating Fibonacci numbers operating on a Array, Sorted List.",Searching,Fibonacci Search,"Array, Sorted List",Sorted numeric array,Requires generating Fibonacci numbers,Systems where multiplication or division is computationally expensive
PROB_1674,"Require a reliable approach for multilayer perceptron (mlp deep learning) using Weight Matrices, Bias Vectors data structures.",Machine Learning / AI,Multilayer Perceptron (MLP Deep Learning),"Weight Matrices, Bias Vectors",Tabular or dense numeric vector features,Black-box model requiring careful hyperparameter tuning,Complex non-linear classification/regression
PROB_0784,Need to implement a robust method for negative edge weight shortest path in a digital signal processing pipeline on a massive 10^6 dataset.,Graph Algorithms,Bellman-Ford Algorithm,"Edge List, Distance Array",Weighted graph with potential negative edge weights,Slower O(V*E) time complexity,Financial currency arbitrage detection
PROB_1123,"I need to solve a problem involving patience sorting for a mobile navigation app with 100,000 items. What algorithm is best?",Dynamic Programming,Longest Increasing Subsequence (LIS),1D Array / Tails Array,Numerical array,"Standard DP O(n^2), Binary Search optimized O(n log n)",Stock price trend analysis
PROB_0266,Require a reliable approach for quick sort using Array data structures.,Sorting,Quick Sort,Array,General unsorted array,Worst-case O(n^2) if pivot selection is poor,Fast in-place general purpose sorting
PROB_1159,What is the best way to execute optimal matrix parenthesization for a mobile navigation app with maximum efficiency?,Dynamic Programming,Matrix Chain Multiplication,2D DP Table,Sequence of matrix dimensions,Cubic time complexity O(N^3),Optimizing matrix computation chains in linear algebra libraries
PROB_0918,"Looking for an algorithm that handles Dynamic ordered keys requiring fast lookups in a high-frequency trading system with 1,000 elements.",Tree Algorithms,AVL Tree,Balanced Binary Tree Nodes,Dynamic ordered keys requiring fast lookups,More rotations during insertions/deletions than Red-Black tree,Lookup-heavy databases requiring strict height balance
PROB_1370,How to optimize prim node grow greedy when data characteristics are Adjacency weighted list?,Greedy Algorithms,Prim's MST (Greedy),Min-Heap,Adjacency weighted list,Undirected graph,Dense graph minimum spanning tree
PROB_0106,"Require a reliable approach for fibonacci search using Array, Sorted List data structures.",Searching,Fibonacci Search,"Array, Sorted List",Sorted numeric array,Requires generating Fibonacci numbers,Systems where multiplication or division is computationally expensive
PROB_1139,"I need to solve a problem involving typo correction string similarity for a mobile navigation app with 100,000 items. What algorithm is best?",Dynamic Programming,Edit Distance (Levenshtein Distance),2D DP Grid,Text strings,O(M * N) space and time,Auto-correct spell checkers
PROB_1666,"I need to solve a problem involving feedforward multilayer perceptron in a high-frequency trading system with 10,000 entries. What algorithm is best?",Machine Learning / AI,Multilayer Perceptron (MLP Deep Learning),"Weight Matrices, Bias Vectors",Tabular or dense numeric vector features,Black-box model requiring careful hyperparameter tuning,Complex non-linear classification/regression
PROB_1429,"Looking for an algorithm that handles 9x9 grid matrix with empty slots in a high-frequency trading system with 1,000 elements.",Backtracking,Sudoku Solver,"2D Grid, Row/Col/Box Hash Sets",9x9 grid matrix with empty slots,Combinatorial worst case,Solving Sudoku puzzles automatically
PROB_1569,"I need to solve a problem involving knights tour chessboard in an e-commerce platform database with 1,000 elements. What algorithm is best?",Backtracking,Knight's Tour Problem,Board Matrix,N x N chessboard,Knight move L-shape restrictions,Chess puzzle algorithms
PROB_1322,How to optimize jump game reachable end when data characteristics are Array of max jump lengths?,Greedy Algorithms,Jump Game (Greedy Reachability),Farthest Reach Integer,Array of max jump lengths,Must evaluate incrementally left to right,Reachability analysis in sequential state transitions
PROB_1609,"I am building a module in a bioinformatics DNA pipeline requiring arbitrary shape spatial clusters with 100,000 items.",Machine Learning / AI,DBSCAN Clustering,KD-Tree / Ball-Tree,Spatial or tabular feature coordinates,Struggles with varying density clusters,Geospatial spatial data clustering
PROB_1289,Require a reliable approach for job sequencing with deadlines using Time Slot Array / Disjoint Set Union data structures.,Greedy Algorithms,Job Sequencing with Deadlines,Time Slot Array / Disjoint Set Union,List of jobs with profit and deadline,Each job takes 1 unit of time,Task execution scheduling under deadline penalties
PROB_0886,What is the best way to execute sparse graph all pairs shortest path for a mobile navigation app with maximum efficiency?,Graph Algorithms,Johnson's Algorithm,"Min-Heap, Adjacency List",Sparse weighted graph with potential negative edge weights,Complex multi-stage re-weighting logic,All-pairs shortest path on sparse graphs with negative edge weights
PROB_0362,Require a reliable approach for timsort using Array data structures.,Sorting,TimSort,Array,Real world data with existing run segments,Auxiliary space O(n),General purpose default sorting for real-world heterogeneous datasets
PROB_0157,"Find the ideal algorithm to process explores as far as possible along each branch before backtracking using a stack or recursion. for a social network friend graph with 1,000,000 records.",Searching,DFS Search (Grid / Tree / Graph),"Stack, Recursion, Grid, Graph","Tree, Graph, or 2D Grid",Recursion depth limits,Checking path existence
PROB_1770,"Require a reliable approach for collaborative filtering recommendation using User-Item Interaction Matrix, Latent Factor Matrices (U, V) data structures.",Machine Learning / AI,Collaborative Filtering Recommendation,"User-Item Interaction Matrix, Latent Factor Matrices (U, V)",Sparse user-item rating matrix,Cold start problem for new users or new unrated items,E-commerce product recommendations ('Users who bought X also bought Y')
PROB_0572,"Find the ideal algorithm to process l2 regularized linear regression that prevents overfitting by shrinking feature coefficients. for a social network friend graph with 1,000,000 records.",Regression,Ridge Regression,Coefficient Vector,Tabular regression with correlated features,"Does not perform feature selection (coefficients shrink near zero, not zero)",Continuous regression with correlated predictors
PROB_0797,System requires floyd-warshall algorithm for precomputing all-pairs distances for small dense graphs in a cloud server log analysis system.,Graph Algorithms,Floyd-Warshall Algorithm,2D Matrix,Dense small to medium graph,O(V^3) time makes it unsuitable for large V (> 1000),Precomputing all-pairs distances for small dense graphs
PROB_0813,System requires a* search algorithm for video game npc pathfinding in a cloud server log analysis system.,Graph Algorithms,A* Search Algorithm,"Priority Queue, Heuristic Function",Grid map or spatial graph with coordinate data,Quality depends heavily on heuristic function,Video game NPC pathfinding
PROB_0882,"I need to solve a problem involving negative edge weight all pairs in a high-frequency trading system with 10,000 entries. What algorithm is best?",Graph Algorithms,Johnson's Algorithm,"Min-Heap, Adjacency List",Sparse weighted graph with potential negative edge weights,Complex multi-stage re-weighting logic,All-pairs shortest path on sparse graphs with negative edge weights
PROB_1135,Which algorithm effectively performs finds length of longest strictly increasing subsequence in an array of numbers. on a 1D Array / Tails Array for a game engine physics solver?,Dynamic Programming,Longest Increasing Subsequence (LIS),1D Array / Tails Array,Numerical array,"Standard DP O(n^2), Binary Search optimized O(n log n)",Stock price trend analysis
PROB_0095,"Which algorithm effectively performs search algorithm for unbounded or infinite sorted lists that finds a range where target resides by doubling indices, then performs binary search. on a Array, Sorted Stream for a game engine physics solver?",Searching,Exponential Search,"Array, Sorted Stream",Sorted array or unbounded stream,Requires random access by index,Searching in unbounded / infinite sorted arrays
PROB_0243,"I need to solve a problem involving linked list sorting for a mobile navigation app with 100,000 items. What algorithm is best?",Sorting,Merge Sort,"Array, Linked List",General large datasets,Auxiliary space O(n),Guaranteed O(n log n) sorting
PROB_0682,How to optimize gradient boosting continuous target when data characteristics are Structured continuous tabular targets?,Regression,Gradient Boosting Regressor,Sequence of Regression Trees,Structured continuous tabular targets,Requires tuning learning rate and tree depth,High accuracy continuous regression benchmarks
PROB_1648,Need to implement a robust method for pca dimensionality reduction in a digital signal processing pipeline on a massive 10^6 dataset.,Machine Learning / AI,Principal Component Analysis (PCA),"Covariance Matrix, Eigenvectors / Singular Values",High-dimensional correlated numeric features,Linear transformation only,Reducing feature dimensions before ML training
PROB_0321,"I need to solve a problem involving floating point uniform distribution sort in an e-commerce platform database with 1,000 elements. What algorithm is best?",Sorting,Bucket Sort,Array of Lists,"Floating point numbers in range [0, 1)",Worst-case O(n^2) if items cluster into one bucket,Sorting floating point numbers uniformly distributed across a range
PROB_0064,Need to implement a robust method for jump ahead search in a digital signal processing pipeline on a massive 10^6 dataset.,Searching,Jump Search,"Array, Sorted List","Sorted list, Random access indexing",Optimal step size is sqrt(n),Searching sorted arrays when jumping backwards is expensive
PROB_0465,"I need to solve a problem involving maximum margin classifier in an e-commerce platform database with 1,000 elements. What algorithm is best?",Classification,Support Vector Classifier (SVC),Support Vectors,"High dimensional data, small to medium sample size",Scales quadratically O(n^2) with sample size,Text classification
PROB_1263,"Which algorithm effectively performs greedy algorithm selecting items by value-to-weight ratio, allowing partial item fractions to maximize knapsack value. on a Array of Items for a game engine physics solver?",Greedy Algorithms,Fractional Knapsack,Array of Items,"Item weights, values, capacity W",Only valid when items can be divided,"Bulk commodity trading (gold dust, oil, grain allocation)"
PROB_0253,"Find the ideal algorithm to process divide-and-conquer algorithm that recursively splits array into halves, sorts them, and merges sorted halves. for a social network friend graph with 1,000,000 records.",Sorting,Merge Sort,"Array, Linked List",General large datasets,Auxiliary space O(n),Guaranteed O(n log n) sorting
PROB_0188,"Find the ideal algorithm to process technique to maintain a dynamic range/subsegment over an array to search for optimal subsegment satisfying criteria. for a social network friend graph with 1,000,000 records.",Searching,Sliding Window Search,"Array, String, Hash Map",Sequential array or string,Window state must be incrementally updateable,Finding max/min subarray meeting target condition
PROB_0290,"I need to solve a problem involving small key range sorting in a high-frequency trading system with 10,000 entries. What algorithm is best?",Sorting,Counting Sort,"Array, Frequency Counter",Integer values with known max range,Space consuming if range K is much larger than N,Sorting discrete integers when range K is O(N)
PROB_1468,"Find the ideal algorithm to process generates all possible ordered arrangements (permutations) of a set of elements using backtracking. for a social network friend graph with 1,000,000 records.",Backtracking,Permutations Generation,"Recursion Stack, Visited Boolean Array",Sequence of N items,Generates N! total outputs,Brute-force testing all ordering permutations for small N
PROB_0720,Looking for optimal solution for xgboost regressor addressing Structured tabular data with continuous target for a database query optimizer.,Regression,XGBoost Regressor,"DMatrix, Gradient Trees",Structured tabular data with continuous target,Requires tuning hyper-parameters,State-of-the-art tabular continuous regression
PROB_1430,What is the best way to execute sudoku solver 9x9 for a mobile navigation app with maximum efficiency?,Backtracking,Sudoku Solver,"2D Grid, Row/Col/Box Hash Sets",9x9 grid matrix with empty slots,Combinatorial worst case,Solving Sudoku puzzles automatically
PROB_0747,"Require a reliable approach for depth-first search (dfs graph) using Stack, Recursion, Adjacency List data structures.",Graph Algorithms,Depth-First Search (DFS Graph),"Stack, Recursion, Adjacency List",Directed or undirected graph,Recursion limit on deep graphs,Detecting graph cycles
PROB_0034,"I need to solve a problem involving frequency count in a high-frequency trading system with 10,000 entries. What algorithm is best?",Searching,Hash Table / Dictionary Lookup,"Hash Map, Hash Set, Dictionary","Unique keys or items, Unordered data","Consumes extra memory for hash storage, Potential hash collisions",Repeated fast lookups
PROB_1461,"Need an efficient algorithm that satisfies Generates N! total outputs operating on a Recursion Stack, Visited Boolean Array.",Backtracking,Permutations Generation,"Recursion Stack, Visited Boolean Array",Sequence of N items,Generates N! total outputs,Brute-force testing all ordering permutations for small N
PROB_1085,System requires unbounded knapsack for stock cutter problem in a cloud server log analysis system.,Dynamic Programming,Unbounded Knapsack,1D DP Array,"Weights, values, capacity W",Pseudo-polynomial complexity,Stock cutter problem
PROB_1077,Need an efficient algorithm that satisfies Pseudo-polynomial complexity operating on a 1D DP Array.,Dynamic Programming,Unbounded Knapsack,1D DP Array,"Weights, values, capacity W",Pseudo-polynomial complexity,Stock cutter problem
PROB_0288,Need to implement a robust method for in place O(n log n) sort in a digital signal processing pipeline on a massive 10^6 dataset.,Sorting,Heap Sort,"Binary Heap, Array",General numerical or comparable arrays,Poor cache locality due to heap jumps,Systems requiring guaranteed O(n log n) with O(1) auxiliary space
PROB_0423,Need a strategy for extremely randomized trees classifier that randomizes tree splits further to reduce variance. under strict time complexity bounds.,Classification,Extra Trees Classifier,Forest of Decision Trees,Tabular features with noise,Can create larger trees than Random Forest,Fast ensemble training on noisy tabular data
PROB_0786,"I need to solve a problem involving transitive closure matrix in a high-frequency trading system with 10,000 entries. What algorithm is best?",Graph Algorithms,Floyd-Warshall Algorithm,2D Matrix,Dense small to medium graph,O(V^3) time makes it unsuitable for large V (> 1000),Precomputing all-pairs distances for small dense graphs
PROB_0982,"Need an efficient algorithm that satisfies Memory intensive for large alphabets operating on a Trie Node, Character Map.",Tree Algorithms,Trie (Prefix Tree),"Trie Node, Character Map",Set of text strings or words,Memory intensive for large alphabets,Search engine autocomplete suggestions
PROB_0613,Need an efficient algorithm that satisfies Feature space grows exponentially with polynomial degree operating on a Polynomial Feature Matrix.,Regression,Polynomial Regression,Polynomial Feature Matrix,Non-linear continuous relationships,Feature space grows exponentially with polynomial degree,Fitting non-linear curves for small feature sets
PROB_1303,Need a strategy for greedy choice technique picking maximum number of non-overlapping intervals. under strict time complexity bounds.,Greedy Algorithms,Interval Scheduling,Array of Intervals,Array of numeric 2D intervals,Greedy finish time sorting strictly required,Conference talk scheduling
PROB_0753,"I need to solve a problem involving shortest path weighted graph in an e-commerce platform database with 1,000 elements. What algorithm is best?",Graph Algorithms,Dijkstra's Shortest Path Algorithm,"Priority Queue / Min-Heap, Adjacency List",Weighted graph with non-negative weights,Fails if graph contains negative edge weights,GPS map routing
PROB_1713,"I need to solve a problem involving lstm sequence prediction in an e-commerce platform database with 1,000 elements. What algorithm is best?",Machine Learning / AI,Long Short-Term Memory (LSTM),"Cell State, Gate Tensors (Forget, Input, Output)",Sequential time series data or long text passages,Sequential processing limits parallel GPU scaling,Financial time series forecasting
PROB_1037,System requires fenwick tree (binary indexed tree) for dynamic prefix sum queries with point updates in a cloud server log analysis system.,Tree Algorithms,Fenwick Tree (Binary Indexed Tree),Array (1-indexed),1D numerical array with point updates,Difficult for arbitrary non-invertible range operations,Dynamic prefix sum queries with point updates
PROB_0866,"I need to solve a problem involving dynamic connectivity in a high-frequency trading system with 10,000 entries. What algorithm is best?",Graph Algorithms,Union-Find (Disjoint Set Union),"Parent Array, Rank / Size Array",Dynamic edge additions,Does not easily support edge deletions,Cycle detection in undirected graphs
PROB_1107,"I need to solve a problem involving dna sequence alignment lcs for a mobile navigation app with 100,000 items. What algorithm is best?",Dynamic Programming,Longest Common Subsequence (LCS),2D DP Grid,Strings or element sequences,Quadratic space/time O(M * N),Git diff file comparison
PROB_1437,"Designing a solution for grid constraint satisfaction backtracking with Combinatorial worst case with 10,000 entries.",Backtracking,Sudoku Solver,"2D Grid, Row/Col/Box Hash Sets",9x9 grid matrix with empty slots,Combinatorial worst case,Solving Sudoku puzzles automatically
PROB_0760,What is the best way to execute shortest path weighted graph for a mobile navigation app with maximum efficiency?,Graph Algorithms,Dijkstra's Shortest Path Algorithm,"Priority Queue / Min-Heap, Adjacency List",Weighted graph with non-negative weights,Fails if graph contains negative edge weights,GPS map routing
PROB_0811,How to optimize heuristic shortest path when data characteristics are Grid map or spatial graph with coordinate data?,Graph Algorithms,A* Search Algorithm,"Priority Queue, Heuristic Function",Grid map or spatial graph with coordinate data,Quality depends heavily on heuristic function,Video game NPC pathfinding
PROB_0470,"Looking for an algorithm that handles High dimensional data, small to medium sample size in a high-frequency trading system with 1,000 elements.",Classification,Support Vector Classifier (SVC),Support Vectors,"High dimensional data, small to medium sample size",Scales quadratically O(n^2) with sample size,Text classification
PROB_0943,Need to implement a robust method for standard map set tree balance in a digital signal processing pipeline on a massive 10^6 dataset.,Tree Algorithms,Red-Black Tree,Red/Black Binary Nodes,Frequent dynamic insertions and deletions,Complex node recoloring/rotation rules,"Underlying implementation for C++ std::map, Java TreeMap"
PROB_0313,"I am building a module in a bioinformatics DNA pipeline requiring fixed length string sort with 100,000 items.",Sorting,Radix Sort,"Array, Buckets",Integers or fixed-length strings,Requires stable underlying digit sort,Sorting large lists of integers or fixed-length strings in O(nk)
PROB_1438,"Which algorithm effectively performs backtracking puzzle solver filling 9x9 grid so every row, column, and 3x3 subgrid contains digits 1-9. on a 2D Grid, Row/Col/Box Hash Sets for a game engine physics solver?",Backtracking,Sudoku Solver,"2D Grid, Row/Col/Box Hash Sets",9x9 grid matrix with empty slots,Combinatorial worst case,Solving Sudoku puzzles automatically
PROB_0160,"Which algorithm effectively performs explores as far as possible along each branch before backtracking using a stack or recursion. on a Stack, Recursion, Grid, Graph for a game engine physics solver?",Searching,DFS Search (Grid / Tree / Graph),"Stack, Recursion, Grid, Graph","Tree, Graph, or 2D Grid",Recursion depth limits,Checking path existence
PROB_0281,"I am building a module in a bioinformatics DNA pipeline requiring top k elements sort with 100,000 items.",Sorting,Heap Sort,"Binary Heap, Array",General numerical or comparable arrays,Poor cache locality due to heap jumps,Systems requiring guaranteed O(n log n) with O(1) auxiliary space
PROB_0127,"Which algorithm effectively performs divide-and-conquer search algorithm that divides the array into three equal parts to find a target value or unimodal function peak. on a Array, Monotonic / Unimodal Function for a game engine physics solver?",Searching,Ternary Search,"Array, Monotonic / Unimodal Function",Continuous or discrete unimodal values,More comparisons per step than binary search,Finding maximum or minimum of a unimodal function
PROB_1557,"Looking for an algorithm that handles 2D char array and string query in a high-frequency trading system with 1,000 elements.",Backtracking,Word Search Grid,"2D Grid, Visited Coordinate Set",2D char array and string query,Cell reuse within same word path forbidden,Boggle word puzzle games
PROB_0770,"I need to solve a problem involving detect negative cycle graph in a high-frequency trading system with 10,000 entries. What algorithm is best?",Graph Algorithms,Bellman-Ford Algorithm,"Edge List, Distance Array",Weighted graph with potential negative edge weights,Slower O(V*E) time complexity,Financial currency arbitrage detection
PROB_1563,"Find the ideal algorithm to process searches for a word in a 2d character grid by moving adjacent horizontally or vertically without reusing cells. for a social network friend graph with 1,000,000 records.",Backtracking,Word Search Grid,"2D Grid, Visited Coordinate Set",2D char array and string query,Cell reuse within same word path forbidden,Boggle word puzzle games
PROB_1297,"I need to solve a problem involving interval overlap removal in an e-commerce platform database with 1,000 elements. What algorithm is best?",Greedy Algorithms,Interval Scheduling,Array of Intervals,Array of numeric 2D intervals,Greedy finish time sorting strictly required,Conference talk scheduling
PROB_0669,"Designing a solution for fast ensemble regressor with Can build large trees with 10,000 entries.",Regression,Extra Trees Regressor,Forest of Decision Trees,Noisy continuous tabular data,Can build large trees,Fast continuous target estimation on noisy datasets
PROB_1526,"Looking for an algorithm that handles Undirected graph and integer M in a high-frequency trading system with 1,000 elements.",Backtracking,Graph Coloring Problem,"Color Assignment Array, Adjacency Matrix",Undirected graph and integer M,NP-complete problem,Compiler register allocation
PROB_0262,"Looking for an algorithm that handles General unsorted array in a high-frequency trading system with 1,000 elements.",Sorting,Quick Sort,Array,General unsorted array,Worst-case O(n^2) if pivot selection is poor,Fast in-place general purpose sorting
PROB_1572,Need an efficient algorithm that satisfies Knight move L-shape restrictions operating on a Board Matrix.,Backtracking,Knight's Tour Problem,Board Matrix,N x N chessboard,Knight move L-shape restrictions,Chess puzzle algorithms
PROB_0028,"Require a reliable approach for linear search using Array, Linked List, Iterable data structures.",Searching,Linear Search,"Array, Linked List, Iterable","Unsorted or arbitrary order, Small to medium size",Inefficient for large arrays,Small collections
PROB_1564,System requires word search grid for boggle word puzzle games in a cloud server log analysis system.,Backtracking,Word Search Grid,"2D Grid, Visited Coordinate Set",2D char array and string query,Cell reuse within same word path forbidden,Boggle word puzzle games
PROB_0952,Need a strategy for depth-first recursive or iterative methods to visit every node in a binary tree in structured order. under strict time complexity bounds.,Tree Algorithms,Binary Tree Traversal (Pre/In/Post Order),"Binary Tree, Stack",Hierarchical tree structure,Recursion stack depth,In-order for sorted BST output
PROB_1060,"I need to solve a problem involving item selection profit capacity in a bioinformatics DNA pipeline with 1,000,000 records. What algorithm is best?",Dynamic Programming,0/1 Knapsack,2D DP Array / 1D DP Array,"Item weights, values, and max capacity W",Pseudo-polynomial time O(N * W),Resource allocation under strict budget constraints
PROB_0887,Need a strategy for all-pairs shortest path algorithm combining bellman-ford and dijkstra to handle sparse graphs with negative edge weights. under strict time complexity bounds.,Graph Algorithms,Johnson's Algorithm,"Min-Heap, Adjacency List",Sparse weighted graph with potential negative edge weights,Complex multi-stage re-weighting logic,All-pairs shortest path on sparse graphs with negative edge weights
PROB_0429,"Designing a solution for fast ensemble classification with Can create larger trees than Random Forest with 10,000 entries.",Classification,Extra Trees Classifier,Forest of Decision Trees,Tabular features with noise,Can create larger trees than Random Forest,Fast ensemble training on noisy tabular data
PROB_0335,Need to implement a robust method for floating point uniform distribution sort in a digital signal processing pipeline on a massive 10^6 dataset.,Sorting,Bucket Sort,Array of Lists,"Floating point numbers in range [0, 1)",Worst-case O(n^2) if items cluster into one bucket,Sorting floating point numbers uniformly distributed across a range
PROB_1386,How to optimize dijkstra minimum distance greedy choice when data characteristics are Weighted directed/undirected graph?,Graph Algorithms,Dijkstra Shortest Path (Greedy),Min-Heap,Weighted directed/undirected graph,Non-negative edge weights,Single source shortest path
PROB_0219,"Find the ideal algorithm to process in-place comparison sort that divides array into sorted and unsorted parts, repeatedly selecting the minimum from unsorted part. for a social network friend graph with 1,000,000 records.",Sorting,Selection Sort,Array,Small array size,Always O(n^2) comparisons regardless of input,Small datasets where memory writing is expensive
PROB_0176,"Which algorithm effectively performs algorithm pattern using two pointers moving toward each other or in parallel to search for pairs or subarrays matching conditions. on a Array, String for a game engine physics solver?",Searching,Two Pointer Search,"Array, String",Contiguous sequential data,Requires monotonic sequence behavior,Finding pairs in sorted array summing to target
PROB_1540,How can I implement hamiltonian path / cycle to handle determines if a path exists visiting every node in a graph exactly once. in an e-commerce platform database?,Backtracking,Hamiltonian Path / Cycle,"Visited Array, Path Array",Directed or undirected graph,NP-complete problem,Performance optimization
PROB_0768,"Which algorithm effectively performs graph algorithm that solves single-source shortest path problem for graphs with non-negative edge weights. on a Priority Queue / Min-Heap, Adjacency List for a game engine physics solver?",Graph Algorithms,Dijkstra's Shortest Path Algorithm,"Priority Queue / Min-Heap, Adjacency List",Weighted graph with non-negative weights,Fails if graph contains negative edge weights,GPS map routing
PROB_0848,Need to implement a robust method for minimum spanning tree kruskal in a digital signal processing pipeline on a massive 10^6 dataset.,Graph Algorithms,Kruskal's Algorithm,"Disjoint Set Union (DSU), Edge List",Sparse connected or disconnected weighted graph,Sorting edges requires O(E log E),Minimum Spanning Tree on sparse graphs
PROB_0555,How to optimize linear continuous target prediction when data characteristics are Linear tabular features?,Regression,Linear Regression,"Feature Matrix, Coefficient Vector",Linear tabular features,Sensitive to outliers and multicollinearity,Simple continuous target forecasting
PROB_0043,Need a strategy for data structure technique that stores key-value pairs using a hash function for near-constant time lookups and insertions. under strict time complexity bounds.,Searching,Hash Table / Dictionary Lookup,"Hash Map, Hash Set, Dictionary","Unique keys or items, Unordered data","Consumes extra memory for hash storage, Potential hash collisions",Repeated fast lookups
PROB_1383,Need a strategy for greedy choice algorithm always picking unvisited node with minimum tentative distance. under strict time complexity bounds.,Graph Algorithms,Dijkstra Shortest Path (Greedy),Min-Heap,Weighted directed/undirected graph,Non-negative edge weights,Single source shortest path
PROB_1001,"Need a strategy for complete binary tree satisfying heap property (min-heap or max-heap), enabling o(1) access to min/max element. under strict time complexity bounds.",Tree Algorithms,Binary Heap (Priority Queue),Array representation of Complete Tree,Dynamic stream requiring min/max retrieval,Searching arbitrary elements takes O(n),Priority queues
PROB_1018,Require a reliable approach for segment tree using Array Segment Tree data structures.,Tree Algorithms,Segment Tree,Array Segment Tree,Array with frequent point updates and range queries,Requires 4N memory space,Dynamic range minimum/maximum/sum queries with point updates
PROB_0738,"I need to solve a problem involving cycle detection in graph in a high-frequency trading system with 10,000 entries. What algorithm is best?",Graph Algorithms,Depth-First Search (DFS Graph),"Stack, Recursion, Adjacency List",Directed or undirected graph,Recursion limit on deep graphs,Detecting graph cycles
PROB_0513,"I need to solve a problem involving large scale online classification in an e-commerce platform database with 1,000 elements. What algorithm is best?",Classification,SGD Classifier,Weight Vector,"Very large tabular datasets (n > 100,000) or streaming batches",Sensitive to feature scaling and learning rate,Large-scale linear classification
PROB_1763,"I need to solve a problem involving user item interaction matrix for a mobile navigation app with 100,000 items. What algorithm is best?",Machine Learning / AI,Collaborative Filtering Recommendation,"User-Item Interaction Matrix, Latent Factor Matrices (U, V)",Sparse user-item rating matrix,Cold start problem for new users or new unrated items,E-commerce product recommendations ('Users who bought X also bought Y')
PROB_0128,Need to implement a robust method for unimodal function maximum/minimum in a digital signal processing pipeline on a massive 10^6 dataset.,Searching,Ternary Search,"Array, Monotonic / Unimodal Function",Continuous or discrete unimodal values,More comparisons per step than binary search,Finding maximum or minimum of a unimodal function
PROB_0859,"Require a reliable approach for topological sort using Queue (Kahn's), In-degree Array, DAG data structures.",Graph Algorithms,Topological Sort,"Queue (Kahn's), In-degree Array, DAG",Directed graph with no cycles,Fails if graph contains cycles,"Package dependency management (e.g. pip, npm)"
PROB_1233,"I need to solve a problem involving activity selection finish time sort in an e-commerce platform database with 1,000 elements. What algorithm is best?",Greedy Algorithms,Activity Selection Problem,Array of Intervals,Set of overlapping interval pairs,Requires initial sorting by finish time,Meeting room scheduling
PROB_0536,"Need a strategy for optimized distributed gradient boosting library designed to be highly efficient, flexible and portable. under strict time complexity bounds.",Classification,XGBoost Classifier,"DMatrix, Gradient Trees",Structured tabular datasets,High hyper-parameter tuning requirements,Tabular classification competitions
PROB_0986,"I am building a module in a bioinformatics DNA pipeline requiring spell checker trie with 100,000 items.",Tree Algorithms,Trie (Prefix Tree),"Trie Node, Character Map",Set of text strings or words,Memory intensive for large alphabets,Search engine autocomplete suggestions
PROB_0889,"Require a reliable approach for johnson's algorithm using Min-Heap, Adjacency List data structures.",Graph Algorithms,Johnson's Algorithm,"Min-Heap, Adjacency List",Sparse weighted graph with potential negative edge weights,Complex multi-stage re-weighting logic,All-pairs shortest path on sparse graphs with negative edge weights
PROB_0005,I need to solve a problem involving find square root or threshold for a social network friend graph on a massive 10^6 dataset. What algorithm is best?,Searching,Binary Search,"Array, Sorted List","Sorted numerical or string sequence, Known boundaries","Data structure must support fast indexed access, Requires prior sorting step",Searching in large sorted numerical arrays
PROB_1379,How can I implement dijkstra shortest path (greedy) to handle greedy choice algorithm always picking unvisited node with minimum tentative distance. in an e-commerce platform database?,Graph Algorithms,Dijkstra Shortest Path (Greedy),Min-Heap,Weighted directed/undirected graph,Non-negative edge weights,Performance optimization
PROB_0385,"I need to solve a problem involving interpretable rule tree in an e-commerce platform database with 1,000 elements. What algorithm is best?",Classification,Decision Tree Classifier,Binary / Multi-way Tree,Tabular data with mixed categorical/numerical features,Prone to overfitting if unconstrained,Rule-based business decisions
PROB_1520,Looking for optimal solution for combination sum addressing Candidate array and target integer for a database query optimizer.,Backtracking,Combination Sum,Recursion Stack,Candidate array and target integer,Duplicate combinations must be pruned,Finding exact coin/token combinations summing to target value
PROB_1736,"Need a strategy for deep learning architecture based entirely on self-attention mechanisms, powering modern large language models (llms). under strict time complexity bounds.",Machine Learning / AI,Transformer Network,"Multi-Head Attention Matrices, Position Embeddings","Text tokens, sequences, multi-modal data",Quadratic O(L^2) attention memory cost without sparse attention,Large Language Models (LLMs)
PROB_0263,What is the best way to execute fast general sort for a mobile navigation app with maximum efficiency?,Sorting,Quick Sort,Array,General unsorted array,Worst-case O(n^2) if pivot selection is poor,Fast in-place general purpose sorting
PROB_0938,How to optimize standard map set tree balance when data characteristics are Frequent dynamic insertions and deletions?,Tree Algorithms,Red-Black Tree,Red/Black Binary Nodes,Frequent dynamic insertions and deletions,Complex node recoloring/rotation rules,"Underlying implementation for C++ std::map, Java TreeMap"
PROB_1628,"Find the ideal algorithm to process agglomerative clustering creating a tree (dendrogram) of nested clusters by merging closest pairs iteratively. for a social network friend graph with 1,000,000 records.",Machine Learning / AI,Hierarchical Clustering,"Distance Matrix, Dendrogram Tree",Small to medium feature matrix,High memory space O(n^2) and time complexity O(n^3),Gene expression analysis
PROB_0718,"Which algorithm effectively performs optimized gradient boosted decision tree implementation tailored for continuous regression problems. on a DMatrix, Gradient Trees for a game engine physics solver?",Regression,XGBoost Regressor,"DMatrix, Gradient Trees",Structured tabular data with continuous target,Requires tuning hyper-parameters,State-of-the-art tabular continuous regression
PROB_0586,Require a reliable approach for lasso regression using Coefficient Vector data structures.,Regression,Lasso Regression,Coefficient Vector,High dimensional regression data with sparse relevant features,Selects at most n features when d > n,Feature selection in high-dimensional continuous regression
PROB_1656,Need a strategy for probabilistic machine learning model based on bayes theorem applied to text and tabular classification. under strict time complexity bounds.,Machine Learning / AI,Naive Bayes (ML / AI),Probability Map,Text feature vectors (TF-IDF/Word Counts),Independence assumption,Spam filtering
PROB_0969,"I am building a module in a bioinformatics DNA pipeline requiring zigzag level traversal with 100,000 items.",Tree Algorithms,Tree Level Order Traversal (BFS Tree),"Queue, Binary Tree",Tree hierarchical levels,Memory proportional to maximum tree width,Printing tree by levels
PROB_0923,How to optimize guaranteed balanced BST when data characteristics are Dynamic ordered keys requiring fast lookups?,Tree Algorithms,AVL Tree,Balanced Binary Tree Nodes,Dynamic ordered keys requiring fast lookups,More rotations during insertions/deletions than Red-Black tree,Lookup-heavy databases requiring strict height balance
PROB_0104,Need a strategy for comparison-based search technique for sorted arrays using fibonacci numbers to divide the array. under strict time complexity bounds.,Searching,Fibonacci Search,"Array, Sorted List",Sorted numeric array,Requires generating Fibonacci numbers,Systems where multiplication or division is computationally expensive
PROB_0251,"Require a reliable approach for merge sort using Array, Linked List data structures.",Sorting,Merge Sort,"Array, Linked List",General large datasets,Auxiliary space O(n),Guaranteed O(n log n) sorting
PROB_0212,Need an efficient algorithm that satisfies Always O(n^2) comparisons regardless of input operating on a Array.,Sorting,Selection Sort,Array,Small array size,Always O(n^2) comparisons regardless of input,Small datasets where memory writing is expensive
PROB_0690,"I need to solve a problem involving kernel SVR continuous estimation in a high-frequency trading system with 10,000 entries. What algorithm is best?",Regression,Support Vector Regressor (SVR),Support Vectors,Small to medium non-linear datasets,Poor scalability for large n,Non-linear regression on small high-dimensional datasets
PROB_0626,"I need to solve a problem involving non linear regression tree in a high-frequency trading system with 10,000 entries. What algorithm is best?",Regression,Decision Tree Regressor,Decision Tree,Tabular features with step-like non-linear target patterns,Cannot extrapolate beyond training target range,Non-linear tabular regression with step boundaries
